# Blender 5.2.0 LTS
# www.blender.org
mtllib y-bot.mtl
o Alpha_Surface
v 0.231190 0.007381 0.134491
v 0.216480 0.003446 0.115594
v 0.134562 0.017256 0.143287
v 0.232851 0.031563 0.106660
v 0.145584 0.025829 0.180506
v 0.237156 0.025898 0.141814
v 0.186940 -0.000949 0.129348
v 0.166381 0.006200 0.200613
v 0.216225 0.027951 0.178822
v 0.196645 0.011146 0.114733
v 0.154666 0.059254 0.141201
v 0.180398 0.035791 0.200646
v 0.231072 0.010783 0.154635
v 0.231326 0.015197 0.104472
v 0.139635 0.003663 0.141797
v 0.137425 0.043684 0.143089
v 0.172482 0.008604 0.202190
v 0.178498 0.027315 0.205495
v 0.153083 0.005489 0.122044
v 0.161400 0.021670 0.203492
v 0.212425 0.007058 0.173683
v 0.153498 0.057280 0.136088
v 0.210399 0.038584 0.115206
v 0.153607 0.037396 0.126617
v 0.189058 0.067758 0.027209
v 0.167590 0.015830 -0.002338
v 0.183542 0.068529 -0.002867
v 0.096460 0.024303 -0.085308
v 0.132506 0.005689 0.098818
v 0.070880 0.112152 -0.014858
v 0.167763 0.097155 -0.036117
v 0.082423 0.017145 -0.038823
v 0.123252 0.022775 -0.091293
v 0.082964 0.067521 -0.029588
v 0.195005 0.006211 0.096647
v 0.125868 0.026466 0.114324
v 0.220326 0.039820 0.058856
v 0.172202 0.002028 0.063358
v 0.112877 0.066437 0.087819
v 0.081471 0.111220 0.007080
v 0.146265 0.070785 0.108120
v 0.182033 0.055759 0.098720
v 0.120685 0.109922 0.020141
v 0.079189 0.117812 -0.023347
v 0.162307 0.094250 -0.053886
v 0.163996 0.020239 -0.054765
v 0.178381 0.030821 -0.001874
v 0.145286 0.030869 -0.080608
v 0.130066 0.014013 -0.083830
v 0.141884 0.087588 -0.076085
v 0.140151 0.016598 0.002164
v 0.129165 0.003763 -0.025230
v 0.130819 0.001692 -0.061961
v 0.150193 0.003380 -0.035000
v 0.098631 0.004740 -0.036336
v 0.089618 0.008740 -0.065561
v 0.104538 0.049222 0.007572
v 0.089114 0.022900 -0.024154
v 0.072805 0.108653 -0.049293
v 0.077918 0.022453 -0.055304
v 0.157910 0.016963 0.102974
v 0.207152 0.002786 0.087907
v 0.153893 0.060499 0.109844
v 0.130079 0.061855 0.120395
v 0.088117 0.101857 -0.065880
v 0.090364 0.068797 -0.073288
v 0.084122 0.062851 -0.052560
v 0.122824 0.047338 -0.092776
v 0.125965 0.080480 -0.085168
v 0.097818 0.050584 -0.086909
v 0.084198 0.021457 -0.071390
v 0.224598 0.031320 0.079589
v 0.204168 0.011957 0.047926
v 0.219061 0.013024 0.076169
v 0.171395 0.013616 0.017759
v 0.206626 0.002164 0.073910
v 0.177603 -0.000209 0.090736
v 0.154437 0.016234 0.027552
v 0.129014 0.033376 0.030280
v 0.112822 0.052052 0.048445
v 0.122772 0.012775 0.097242
v 0.115715 0.029830 0.106673
v 0.119412 0.055104 0.119342
v 0.107644 0.080662 0.060256
v 0.136689 0.094646 0.057773
v 0.158079 0.100244 0.010204
v 0.161041 0.059394 -0.053767
v 0.118135 0.105171 -0.044327
v 0.222634 0.033732 0.087828
v 0.194286 0.043644 0.099560
v -0.325608 0.027202 0.141828
v -0.300734 0.009830 0.194497
v -0.308488 0.026080 0.191513
v -0.245439 0.058985 0.159199
v -0.299787 0.001941 0.128532
v -0.265127 0.007672 0.219161
v -0.270344 0.002437 0.193834
v -0.275812 0.027121 0.220159
v -0.322646 0.026293 0.164291
v -0.237279 0.001097 0.147372
v -0.231226 0.003872 0.166414
v -0.244377 0.023686 0.206129
v -0.224836 0.016907 0.163511
v -0.243524 0.008524 0.138880
v -0.319104 0.028337 0.114184
v -0.281226 0.008988 0.129453
v -0.231343 0.050624 0.159393
v -0.262181 0.021582 0.221008
v -0.315175 0.014431 0.114017
v -0.320004 0.006996 0.142353
v -0.321997 0.010879 0.163305
v -0.249085 0.052516 0.146375
v -0.316215 0.033189 0.118677
v -0.225612 0.037707 0.161518
v -0.276779 0.035799 0.215576
v -0.223091 0.007739 -0.032995
v -0.155751 0.006462 -0.031310
v -0.256168 0.068512 0.013500
v -0.202012 0.031488 -0.063448
v -0.218045 0.002899 -0.015088
v -0.153900 0.067882 0.000923
v -0.178195 0.050629 0.034049
v -0.205856 0.056105 0.140239
v -0.217883 0.062156 0.141090
v -0.182828 0.049046 -0.068193
v -0.159945 0.023099 -0.058478
v -0.298446 0.008907 0.088053
v -0.251492 0.035562 0.014145
v -0.272823 -0.000704 0.087856
v -0.227475 0.003335 0.104626
v -0.227905 0.016003 0.055657
v -0.201976 0.024490 0.127563
v -0.217299 0.095510 0.076700
v -0.160639 0.117552 0.026619
v -0.236308 0.098040 -0.012991
v -0.245815 0.020626 0.017836
v -0.227638 0.059553 -0.034504
v -0.228543 0.023575 -0.039974
v -0.188144 0.082931 -0.060374
v -0.207783 0.084416 -0.052987
v -0.228372 0.014555 0.026503
v -0.210070 0.018903 0.024236
v -0.198781 0.003526 -0.002863
v -0.165879 0.010143 -0.003770
v -0.144577 0.019251 -0.031492
v -0.155069 0.019735 -0.002323
v -0.190350 0.019280 -0.066402
v -0.177855 0.002662 -0.043461
v -0.158158 0.043056 0.008155
v -0.143133 0.113392 0.014803
v -0.180736 0.089541 0.070677
v -0.154452 0.069542 -0.044374
v -0.220331 0.007497 0.122480
v -0.211408 0.025093 0.135404
v -0.281010 0.003259 0.108605
v -0.301850 0.035788 0.099994
v -0.243131 0.059735 0.126505
v -0.238546 0.021677 0.123122
v -0.150866 0.060616 -0.023805
v -0.305170 0.023518 0.093985
v -0.292148 0.004134 0.100151
v -0.282253 0.012335 0.059987
v -0.233398 0.099802 0.026987
v -0.259804 0.071731 0.032085
v -0.302248 0.037652 0.073632
v -0.243492 0.014102 0.032763
v -0.200996 0.038421 0.055212
v -0.209237 0.011503 0.117702
v -0.190917 0.053626 0.070155
v -0.194868 0.069817 0.104441
v -0.233498 0.071443 0.126599
v -0.257406 0.070698 0.077678
v -0.144209 0.095351 0.000061
v -0.161523 0.052487 -0.060103
v -0.231584 0.089062 -0.032575
v -0.149495 0.102224 -0.036128
v -0.141093 0.108544 -0.022458
v -0.197815 0.109825 0.043717
v -0.209347 0.093493 -0.043151
v -0.149649 0.114178 -0.014201
v -0.194904 0.104765 -0.011091
v -0.280585 0.043205 0.112145
v -0.244369 0.433618 0.142784
v -0.155151 0.501207 0.050537
v -0.111591 0.394567 0.051368
v -0.109398 0.435177 0.085372
v -0.216880 0.117555 0.045448
v -0.211123 0.249775 0.003849
v -0.148658 0.234032 -0.012105
v -0.131206 0.165306 -0.036243
v -0.157832 0.253320 0.060380
v -0.154808 0.216998 0.045473
v -0.240754 0.513344 0.074253
v -0.247628 0.443914 0.041791
v -0.212068 0.289661 0.064514
v -0.221564 0.204442 0.009487
v -0.228673 0.343176 0.044571
v -0.252426 0.441519 0.123829
v -0.214468 0.272840 0.026176
v -0.255657 0.477417 0.078995
v -0.212239 0.151492 0.052637
v -0.169548 0.202782 0.051273
v -0.196238 0.241844 0.068170
v -0.214512 0.335514 0.105302
v -0.224115 0.410792 0.146681
v -0.199877 0.463553 0.174894
v -0.168641 0.408718 0.165800
v -0.166528 0.331137 0.107438
v -0.173407 0.263192 0.075755
v -0.145610 0.147296 0.032600
v -0.158160 0.438526 0.156426
v -0.145134 0.336297 0.075605
v -0.128707 0.163258 -0.015002
v -0.118751 0.402332 0.088801
v -0.145429 0.231205 0.012719
v -0.129989 0.139587 -0.019724
v -0.133244 0.335982 0.027556
v -0.146157 0.277543 0.011748
v -0.124124 0.483979 0.081804
v -0.116224 0.447219 0.065123
v -0.164926 0.277645 -0.012932
v -0.148489 0.493862 0.047083
v -0.144815 0.464175 0.025835
v -0.145019 0.425492 0.004496
v -0.174314 0.241463 -0.023882
v -0.185154 0.156485 -0.058526
v -0.175803 0.124625 -0.060980
v -0.166115 0.329001 -0.018631
v -0.227823 0.168010 -0.028825
v -0.212464 0.294923 0.012271
v -0.238158 0.377671 0.023626
v -0.249283 0.491479 0.063991
v -0.226773 0.118458 -0.042940
v -0.173352 0.315051 -0.016160
v -0.205815 0.424946 0.004028
v -0.197114 0.467008 0.025166
v -0.160949 0.449259 0.001813
v -0.183044 0.495630 0.044761
v -0.203036 0.201181 0.055336
v -0.234579 0.156065 -0.006563
v -0.230756 0.130004 0.028489
v -0.208064 0.230585 0.047568
v -0.148788 0.457413 0.136926
v -0.166406 0.461929 0.144569
v -0.239649 0.512323 0.153986
v -0.154486 0.500081 0.070593
v -0.223897 0.495293 0.167338
v -0.174954 0.443705 0.176228
v -0.140877 0.476602 0.107104
v -0.121105 0.478055 0.095929
v -0.139343 0.498909 0.067893
v -0.204266 0.496191 0.049529
v -0.222168 0.502548 0.057594
v -0.246835 0.519160 0.093207
v -0.245755 0.519655 0.133138
v -0.147656 0.130531 -0.049253
v -0.199624 0.120033 -0.061197
v -0.149322 0.131679 0.028026
v -0.233722 0.112101 -0.003375
v -0.134517 0.133435 -0.038663
v -0.232206 0.115836 0.025541
v -0.185993 0.120386 0.015797
v -0.226983 0.513419 0.093881
v -0.180190 0.487470 0.096508
v -0.193307 0.489076 0.092289
v -0.185479 0.114901 -0.047281
v -0.199794 0.112401 -0.013931
v -0.237116 0.111476 -0.024025
v 0.128111 0.304967 0.078818
v 0.155011 0.402372 0.124461
v 0.156986 0.460981 0.147212
v 0.091811 0.330382 -0.033325
v 0.083073 0.439250 -0.010686
v 0.080506 0.478034 0.024322
v 0.031082 0.459964 0.080018
v 0.131266 0.134239 -0.084212
v 0.077457 0.495154 0.039100
v 0.136964 0.292234 -0.001380
v 0.104510 0.227653 -0.048787
v 0.099196 0.270611 -0.036713
v 0.078951 0.247730 -0.026832
v 0.073288 0.145362 0.007131
v 0.134729 0.158122 0.033032
v 0.121392 0.219179 0.042900
v 0.064400 0.138405 -0.064377
v 0.160918 0.120337 -0.061607
v 0.169125 0.483041 0.065351
v 0.151853 0.135322 0.016775
v 0.136823 0.313298 0.057321
v 0.167833 0.112012 -0.023430
v 0.149194 0.192481 -0.006135
v 0.156554 0.514520 0.128554
v 0.168678 0.114215 -0.043988
v 0.167771 0.142489 -0.028985
v 0.141472 0.238607 -0.000521
v 0.140808 0.297164 0.017185
v 0.170697 0.453928 0.078631
v 0.169435 0.489282 0.083924
v 0.159679 0.510338 0.084342
v 0.122495 0.479334 0.167931
v 0.132680 0.402805 0.139901
v 0.119133 0.328029 0.094208
v 0.091983 0.295644 0.074976
v 0.091825 0.198991 0.028310
v 0.080348 0.418847 0.163519
v 0.079469 0.379602 0.138449
v 0.077850 0.344365 0.102089
v 0.080420 0.288627 0.063493
v 0.078523 0.211649 0.021493
v 0.063210 0.138049 -0.029742
v 0.034348 0.404666 0.081438
v 0.055957 0.338696 0.040474
v 0.070675 0.273413 0.014386
v 0.071390 0.223487 -0.016807
v 0.059082 0.162965 -0.040137
v 0.044546 0.481191 0.070115
v 0.027209 0.402257 0.046258
v 0.081576 0.129933 -0.075122
v 0.037833 0.467212 0.066541
v 0.042288 0.387865 0.020778
v 0.069428 0.301160 -0.005112
v 0.063464 0.164404 -0.062486
v 0.063321 0.460067 0.017906
v 0.069424 0.422544 -0.009422
v 0.105981 0.168399 -0.074098
v 0.115396 0.125239 -0.085650
v 0.158573 0.168610 -0.047788
v 0.160471 0.383439 0.015929
v 0.139663 0.495412 0.055638
v 0.138951 0.121689 -0.079522
v 0.137039 0.250246 -0.011954
v 0.124575 0.426497 -0.004594
v 0.108739 0.350575 -0.022116
v 0.104338 0.464720 0.013964
v 0.132009 0.232683 0.031591
v 0.048480 0.461518 0.102926
v 0.145895 0.506606 0.154941
v 0.126428 0.490386 0.046999
v 0.069485 0.445337 0.141484
v 0.142206 0.507199 0.095973
v 0.067723 0.494668 0.057190
v 0.084066 0.438157 0.166142
v 0.063557 0.492826 0.045809
v 0.133587 0.115969 -0.073986
v 0.075956 0.130468 0.000503
v 0.070474 0.131438 -0.044173
v 0.142142 0.117071 0.024636
v 0.156548 0.115576 0.010345
v 0.133368 0.112829 -0.033683
v 0.099610 0.480765 0.088261
v 0.111293 0.484139 0.091285
v 0.114013 0.120127 -0.008306
v 0.132782 0.927534 0.069169
v 0.010694 0.785593 -0.035379
v 0.107649 0.717576 0.142807
v 0.134987 0.882208 0.100957
v 0.126701 0.798471 0.133442
v 0.026087 0.681342 -0.014312
v 0.109807 0.839694 -0.088205
v 0.133780 0.502574 0.028558
v 0.115062 0.594828 -0.000578
v 0.109862 0.630884 -0.015051
v 0.166647 0.758271 0.066864
v 0.171812 0.812251 0.053818
v 0.143473 0.919347 -0.011115
v 0.103109 0.739036 -0.078981
v 0.034227 0.663817 0.081683
v -0.008702 0.751635 0.049693
v 0.027433 0.513954 0.111704
v 0.145390 0.624408 0.052555
v 0.095812 0.677647 0.135586
v 0.092017 0.630149 0.135174
v 0.146267 0.662588 0.052759
v 0.138251 0.519680 0.010419
v 0.055255 0.598651 0.011565
v 0.029482 0.546785 0.094937
v 0.040547 0.634485 0.074557
v 0.048533 0.642984 0.128804
v 0.050161 0.506903 0.169282
v 0.137783 0.538830 0.003163
v 0.115003 0.559489 0.165704
v 0.035579 0.852611 0.114471
v 0.040288 0.543537 0.142511
v 0.002376 0.806363 0.074454
v 0.033025 0.786358 0.133362
v 0.037161 0.728997 0.133344
v 0.054092 0.544636 0.170609
v 0.053655 0.606548 0.139803
v 0.061066 0.791880 0.145550
v 0.060531 0.868690 0.115979
v 0.100973 0.590632 0.152398
v 0.092506 0.811264 0.142631
v 0.108160 0.899065 0.098949
v 0.139730 0.929256 0.029120
v 0.138397 0.560480 0.127909
v 0.144297 0.609903 0.071988
v 0.132565 0.664803 0.084048
v 0.167514 0.866953 0.030555
v 0.166407 0.559042 0.057174
v 0.120854 0.866611 -0.076413
v 0.128765 0.616925 0.013694
v 0.129489 0.753244 -0.048397
v 0.131518 0.811409 -0.063946
v 0.070968 0.819226 -0.078200
v 0.038321 0.790165 -0.061848
v 0.052008 0.532622 0.035043
v 0.048900 0.674920 -0.028029
v 0.034682 0.724971 -0.045475
v 0.052645 0.619931 0.003736
v 0.052802 0.554475 0.021643
v 0.041261 0.604675 0.069507
v 0.005564 0.755649 -0.031765
v -0.005835 0.790103 0.034287
v 0.057718 0.495665 0.169596
v 0.033750 0.522746 0.082636
v 0.083681 0.537240 0.016971
v 0.160408 0.571217 0.071978
v 0.120702 0.519479 0.163336
v 0.085939 0.497749 0.170223
v 0.051921 0.523924 0.060186
v 0.090579 0.520980 0.039890
v 0.137456 0.499748 0.037363
v 0.164219 0.534724 0.063034
v 0.141869 0.527367 0.135697
v 0.118938 0.519120 0.139950
v 0.045713 0.505191 0.108388
v 0.130678 0.927794 0.004971
v 0.124042 0.912033 -0.033103
v 0.111474 0.884996 -0.060344
v 0.043821 0.812629 -0.058825
v 0.004754 0.800228 0.003865
v 0.077340 0.898351 0.093480
v 0.119211 0.922685 0.074339
v 0.011638 0.830817 0.072222
v 0.042469 0.870131 0.071641
v 0.110110 0.914934 -0.009716
v 0.056977 0.853644 -0.002512
v 0.075122 0.885865 0.020019
v 0.126294 0.511970 0.051958
v 0.147850 0.530401 0.073694
v 0.070456 0.490311 0.151435
v 0.070943 0.524262 0.073569
v 0.089896 0.525110 0.055612
v 0.155580 0.532557 0.084033
v 0.124732 0.512523 0.061865
v 0.130210 0.521442 0.090148
v 0.108928 0.509486 0.130193
v 0.096789 0.513006 0.107519
v 0.115100 0.520405 0.082045
v 0.072734 0.495568 0.124838
v 0.021503 0.712031 0.092474
v -0.123539 0.796690 0.141062
v -0.123378 0.852366 0.122744
v -0.220906 0.627037 0.044792
v -0.129851 0.692048 0.140253
v -0.124703 0.643165 0.096956
v -0.148494 0.515110 0.182206
v -0.089171 0.823601 0.089213
v -0.123100 0.618132 0.080342
v -0.146428 0.611831 0.150901
v -0.140489 0.649942 0.139497
v -0.155876 0.797205 0.148928
v -0.184257 0.509865 0.177700
v -0.184572 0.796075 0.142947
v -0.212835 0.566790 0.166610
v -0.184790 0.623453 0.143503
v -0.184372 0.668341 0.136124
v -0.205597 0.743915 0.138057
v -0.212068 0.838850 0.121155
v -0.214386 0.887643 0.093912
v -0.233002 0.534009 0.135708
v -0.217832 0.670740 0.072617
v -0.236563 0.767140 0.077796
v -0.246441 0.809274 0.044599
v -0.204497 0.933004 0.065425
v -0.240616 0.856175 0.027128
v -0.226596 0.895386 0.005550
v -0.223814 0.673030 0.049357
v -0.243687 0.572475 0.051823
v -0.202070 0.611508 0.014014
v -0.188694 0.756844 -0.052083
v -0.204862 0.836481 -0.043079
v -0.207573 0.536029 0.003901
v -0.193655 0.658879 0.003662
v -0.182897 0.815260 -0.075679
v -0.176967 0.625611 -0.007522
v -0.161373 0.817744 -0.090988
v -0.158453 0.760934 -0.082760
v -0.160185 0.705946 -0.057852
v -0.181727 0.600557 0.001355
v -0.156286 0.554476 0.022232
v -0.126420 0.612216 0.021436
v -0.111095 0.677552 -0.014747
v -0.095629 0.731529 -0.035002
v -0.123767 0.831695 -0.068731
v -0.070170 0.747537 -0.013867
v -0.084263 0.701703 0.001059
v -0.126783 0.548761 0.038280
v -0.117829 0.632784 0.015845
v -0.072034 0.746176 0.067309
v -0.166810 0.552410 0.181664
v -0.218555 0.533161 0.165081
v -0.149090 0.564183 0.177266
v -0.115669 0.553072 0.111101
v -0.219242 0.634897 0.071551
v -0.104954 0.702955 0.098447
v -0.068657 0.773936 0.069062
v -0.134928 0.535434 0.045465
v -0.113883 0.526866 0.123670
v -0.220196 0.511882 0.039318
v -0.214504 0.524870 0.161259
v -0.157021 0.502864 0.182549
v -0.122444 0.514483 0.125614
v -0.160367 0.530262 0.055693
v -0.243115 0.540111 0.058117
v -0.171320 0.498533 0.172597
v -0.128063 0.531324 0.068103
v -0.206844 0.505650 0.036355
v -0.068471 0.796066 0.038046
v -0.152431 0.901601 0.095418
v -0.195837 0.933439 0.002198
v -0.181560 0.905388 -0.050128
v -0.121909 0.872640 0.099636
v -0.074484 0.803901 0.007552
v -0.093758 0.837522 0.080517
v -0.175650 0.919831 -0.011133
v -0.175247 0.867049 -0.080510
v -0.205106 0.924880 -0.019912
v -0.207578 0.935237 0.029591
v -0.187456 0.925306 0.080443
v -0.145861 0.870205 0.121113
v -0.071212 0.783652 -0.023552
v -0.096290 0.798387 -0.054542
v -0.123055 0.858687 0.003790
v -0.124949 0.881340 0.069317
v -0.152440 0.899612 0.028856
v -0.219188 0.526722 0.059790
v -0.235124 0.538784 0.082950
v -0.143194 0.506312 0.135335
v -0.228522 0.605671 0.069530
v -0.230163 0.568267 0.120359
v -0.208835 0.524405 0.146355
v -0.156005 0.507028 0.126594
v -0.201511 0.518661 0.055575
v -0.216856 0.529508 0.089447
v -0.199941 0.516166 0.137762
v -0.197309 0.527499 0.088759
v -0.172346 0.502545 0.141597
v -0.175471 0.530384 0.081297
v -0.146226 0.528320 0.089725
v -0.004927 0.848614 0.103777
v 0.136972 0.967120 0.030393
v 0.068538 0.996147 0.095294
v 0.001007 0.979293 0.129483
v 0.020211 0.907082 0.123168
v -0.082711 0.881482 0.121383
v 0.121964 0.979744 0.051066
v 0.092184 0.977947 -0.107437
v -0.033357 0.960256 -0.167628
v 0.004047 0.853094 -0.119283
v -0.004111 0.822281 -0.071971
v 0.044157 0.897130 -0.142389
v 0.038017 0.869662 -0.125919
v 0.127611 0.947701 -0.038574
v 0.131763 0.953960 0.005595
v 0.001327 0.809329 -0.003453
v 0.017453 0.829094 -0.073699
v 0.125405 1.048688 -0.014320
v 0.057375 0.989324 -0.152487
v 0.123265 0.951330 0.038260
v 0.032048 0.906250 0.096724
v -0.003527 0.986154 0.112884
v 0.018979 1.017535 -0.104074
v -0.004946 0.830496 0.079368
v -0.070488 0.823178 0.071624
v 0.003400 0.879740 0.120503
v 0.052853 0.940856 0.108047
v 0.130198 1.029891 0.021656
v 0.131886 1.023098 -0.051335
v -0.029980 0.987815 -0.169276
v 0.058024 1.030440 -0.134397
v 0.018707 0.834749 -0.054301
v 0.034039 1.028404 -0.133962
v 0.106283 1.052354 -0.030792
v 0.055198 0.997023 0.085648
v 0.108581 1.032153 0.032134
v 0.119537 1.049730 -0.046481
v -0.032398 1.016715 -0.163686
v 0.132500 0.994549 -0.058267
v 0.105967 0.932949 -0.062305
v 0.091528 1.045855 -0.088585
v 0.010406 0.892820 -0.146204
v 0.119446 0.944237 -0.065317
v 0.103980 0.947979 0.066106
v 0.050085 0.940411 -0.155695
v 0.052466 0.916868 0.102680
v 0.030570 0.986547 0.118448
v 0.024179 0.897344 0.113563
v 0.010583 0.817310 -0.004054
v 0.053255 0.877143 -0.098803
v 0.017369 0.918816 0.000848
v -0.034698 0.943139 -0.007681
v -0.131237 1.000451 0.095847
v -0.109676 0.998158 0.089656
v -0.097738 0.990225 0.116849
v -0.187907 0.957161 0.039771
v -0.196145 0.959146 0.001602
v -0.181315 1.055328 -0.045349
v -0.166877 1.057257 -0.029591
v -0.188659 0.951724 -0.048184
v -0.177289 0.944468 -0.066477
v -0.136846 1.043535 -0.112914
v -0.095558 1.030452 -0.137981
v -0.031807 1.022788 -0.157833
v -0.067528 0.988313 0.111169
v -0.087592 0.861313 0.078560
v -0.081756 0.850371 0.102598
v -0.038497 0.808806 0.051423
v -0.077407 0.829943 -0.051664
v -0.102425 0.910234 0.118285
v -0.152257 0.960191 -0.106982
v -0.194958 0.986746 -0.058978
v -0.196616 0.967683 0.041204
v -0.091679 0.908621 0.126085
v -0.076822 0.818364 -0.000152
v -0.048856 0.814456 -0.038897
v -0.072948 0.981029 0.127449
v -0.033460 0.966550 0.134290
v -0.188287 1.037705 0.027267
v -0.200756 1.010791 0.005945
v -0.186528 1.054797 -0.012694
v -0.100031 1.017583 -0.151698
v -0.080346 0.879330 -0.134739
v -0.194098 1.025818 -0.052975
v -0.105972 0.911063 0.098852
v -0.114039 0.881672 -0.094088
v -0.152907 1.024267 0.044233
v -0.126273 0.941083 0.105563
v -0.117590 0.960259 -0.156206
v -0.094132 0.860761 -0.111703
v -0.031767 1.014709 -0.125942
v -0.080642 1.019617 -0.105899
v -0.068259 0.817289 -0.035359
v -0.059432 0.839941 -0.098649
v -0.126838 0.999794 -0.145396
v -0.104082 0.893225 -0.137328
v -0.083408 0.922728 0.001956
v 0.100673 1.196215 0.028991
v 0.037255 1.153351 -0.099627
v 0.069476 1.103158 -0.086112
v 0.044225 1.166817 -0.077073
v 0.026414 1.096156 -0.045275
v 0.041751 1.066118 0.113321
v 0.104760 1.138854 -0.034692
v 0.020216 1.092337 -0.087390
v 0.102614 1.184034 -0.034407
v -0.004054 1.153190 -0.063438
v 0.003309 1.157419 -0.103997
v -0.003222 1.157166 0.003312
v -0.004179 1.092319 -0.021954
v 0.096647 1.112800 -0.046223
v 0.104423 1.195915 -0.009719
v 0.077769 1.200407 0.023156
v 0.090997 1.203377 0.000786
v 0.101716 1.116991 0.018737
v 0.043798 1.090693 0.026431
v 0.090131 1.103994 0.052417
v 0.070154 1.177560 0.068383
v 0.043148 1.129740 0.106047
v 0.009647 1.137531 0.128503
v 0.014525 1.057333 0.126902
v 0.004900 1.086227 -0.135686
v 0.076488 1.175438 -0.066469
v 0.050047 1.091985 -0.096340
v 0.088936 1.099722 0.043272
v -0.004953 1.081115 -0.128243
v 0.085039 1.196400 0.042466
v 0.014708 1.152568 0.108799
v -0.032604 1.143852 0.129578
v -0.005575 1.076169 0.047393
v 0.012160 1.056979 0.094576
v -0.052879 1.153011 0.099278
v 0.031957 1.172092 0.015782
v -0.006420 1.153283 0.098657
v -0.030491 1.052908 0.132581
v -0.123999 1.171629 0.075260
v -0.162554 1.141559 -0.040548
v -0.165704 1.178293 0.005707
v -0.085756 1.157782 -0.103014
v -0.048529 1.157109 -0.107774
v -0.145719 1.178885 -0.060743
v -0.161718 1.190920 -0.035846
v -0.161612 1.203688 0.000065
v -0.159624 1.201785 0.020426
v -0.081340 1.125221 0.125815
v -0.070326 1.142798 0.124327
v -0.125239 1.175193 -0.077955
v -0.139399 1.202143 0.012489
v -0.097105 1.167707 -0.083073
v -0.079298 1.061136 0.124667
v -0.038290 1.049762 0.125917
v -0.106570 1.072769 0.110297
v -0.140607 1.093784 0.065294
v -0.155570 1.116033 -0.045224
v -0.112966 1.096110 -0.091750
v -0.069661 1.084292 -0.123652
v -0.055547 1.154861 -0.061768
v -0.083428 1.097132 -0.041305
v -0.093718 1.097955 -0.063660
v -0.128960 1.106677 -0.086778
v -0.066542 1.086522 -0.135342
v -0.082465 1.153389 0.107484
v -0.138425 1.192191 0.046044
v -0.147786 1.202247 -0.022266
v -0.157706 1.113400 0.035648
v -0.061474 1.054132 0.100713
v -0.063859 1.091515 -0.008033
v -0.064785 1.078446 0.048273
v -0.144320 1.102840 0.030996
v -0.044762 1.156023 -0.003832
v -0.081041 1.166212 -0.008048
v -0.093029 1.170742 0.056651
v -0.027278 1.350215 0.117043
v -0.014023 1.194950 -0.123748
v 0.043717 1.259097 -0.002481
v 0.118225 1.286427 0.035052
v 0.066454 1.252236 0.134928
v 0.117711 1.346597 0.096334
v 0.137127 1.408505 0.065341
v 0.124862 1.400537 0.081544
v 0.188790 1.430262 -0.010493
v 0.205103 1.433505 -0.024433
v 0.188589 1.445350 -0.105792
v 0.026860 1.197112 -0.117708
v 0.104296 1.468607 -0.126492
v 0.091080 1.449176 -0.135694
v 0.026621 1.195883 -0.078183
v 0.003071 1.217698 0.094391
v 0.097774 1.282066 0.122573
v 0.148335 1.430988 0.039716
v 0.056654 1.321281 0.122709
v 0.023695 1.249441 0.136944
v 0.163366 1.480796 -0.032633
v 0.068794 1.489091 -0.026191
v 0.050150 1.493472 -0.028707
v 0.043150 1.205437 -0.115570
v 0.029670 1.388450 -0.143476
v 0.049589 1.495815 -0.068182
v 0.197395 1.449536 -0.096732
v 0.162447 1.425882 -0.123633
v 0.163520 1.429306 -0.006309
v 0.135785 1.422065 -0.028044
v 0.092909 1.330572 -0.120666
v 0.132836 1.412046 -0.061870
v 0.137976 1.402670 -0.101256
v 0.131507 1.378495 -0.056734
v 0.125486 1.358585 -0.076720
v 0.154423 1.418954 0.014222
v 0.004002 1.412602 -0.132843
v 0.000747 1.350398 -0.135472
v 0.141850 1.337963 0.013482
v -0.013692 1.382685 0.102299
v 0.071858 1.248066 -0.104660
v 0.053664 1.208733 -0.076287
v 0.041415 1.243648 0.082111
v 0.001809 1.241512 0.046419
v 0.011426 1.246113 -0.004800
v 0.030991 1.241019 -0.031307
v 0.035376 1.228912 -0.050286
v 0.151292 1.431362 -0.130599
v 0.144515 1.405473 0.000965
v 0.192940 1.430623 -0.035086
v 0.216985 1.444027 -0.060894
v 0.175913 1.448335 -0.118161
v 0.102647 1.359127 -0.134298
v 0.039550 1.282690 -0.116279
v 0.015938 1.208693 -0.124791
v 0.059594 1.386433 0.103284
v 0.087048 1.267063 0.127307
v 0.109988 1.284662 0.064496
v -0.025169 1.286989 0.133918
v -0.000017 1.210740 0.121842
v 0.103459 1.452737 0.028403
v 0.026549 1.440560 0.048728
v 0.110123 1.487255 -0.018997
v 0.000018 1.502579 -0.006635
v 0.024442 1.506767 -0.026884
v 0.017301 1.520958 -0.058718
v -0.020239 1.418431 0.062659
v -0.042772 1.367101 0.103765
v 0.003954 1.457983 0.022805
v 0.137549 1.493591 -0.062282
v 0.145211 1.387008 0.019742
v 0.140537 1.481884 -0.094686
v 0.083324 1.489800 -0.069788
v 0.173675 1.444948 -0.089307
v 0.049878 1.440438 -0.135340
v 0.062190 1.463470 -0.110751
v 0.036267 1.338546 -0.139630
v 0.079755 1.238807 -0.059603
v 0.022185 1.436837 -0.124631
v 0.038597 1.478807 -0.100296
v -0.028361 1.189439 -0.113125
v -0.026355 1.188517 -0.093753
v 0.125081 1.314306 -0.049527
v 0.108820 1.275864 -0.030243
v 0.088718 1.283843 -0.101263
v 0.129103 1.385772 -0.111184
v 0.121927 1.325267 0.062538
v 0.183332 1.444316 -0.056606
v 0.014320 1.372899 0.112383
v -0.057331 1.216534 0.122270
v 0.018872 1.223201 0.127125
v 0.072264 1.284172 0.033534
v 0.096792 1.265839 -0.029290
v 0.085567 1.281051 0.003704
v 0.071542 1.264632 0.086158
v 0.060947 1.276644 0.045535
v 0.042318 1.258052 0.054964
v -0.025735 1.208967 -0.074497
v -0.044083 1.281090 0.130715
v -0.031111 1.482053 0.005470
v -0.029006 1.211444 -0.129524
v -0.112390 1.217835 -0.088780
v -0.080448 1.228611 -0.058275
v -0.026696 1.226802 -0.057507
v -0.060074 1.193655 -0.085097
v -0.038625 1.241921 0.036153
v -0.178018 1.285950 -0.014114
v -0.193565 1.342971 -0.040816
v -0.206646 1.427217 0.021745
v -0.256848 1.443090 -0.044164
v -0.199087 1.330351 -0.007230
v -0.182543 1.288566 0.019308
v -0.243477 1.454714 -0.122486
v -0.247838 1.440368 -0.063412
v -0.189579 1.468805 -0.143561
v -0.207387 1.445855 -0.149010
v -0.139058 1.361562 -0.158749
v -0.128380 1.450284 -0.156400
v -0.071858 1.426491 -0.151008
v -0.038984 1.400240 -0.139048
v -0.065886 1.341027 -0.151483
v -0.078549 1.286011 -0.128871
v -0.071049 1.198341 -0.125712
v -0.122897 1.240359 -0.060218
v -0.083066 1.242329 -0.035671
v -0.074114 1.240333 0.057990
v -0.071942 1.247068 0.009354
v -0.058692 1.274843 0.133000
v -0.176828 1.283369 0.099582
v -0.116354 1.490595 -0.062914
v -0.130584 1.491615 -0.088665
v -0.118497 1.253514 -0.118771
v -0.090312 1.207946 -0.123994
v -0.065483 1.521302 -0.066771
v -0.094211 1.497008 -0.084663
v -0.250646 1.453715 -0.107816
v -0.211038 1.435519 -0.135588
v -0.183956 1.409778 -0.154612
v -0.244154 1.434452 -0.033070
v -0.218075 1.437713 -0.007187
v -0.192326 1.398464 -0.037099
v -0.228495 1.453499 -0.102755
v -0.200231 1.418742 -0.021916
v -0.183873 1.383549 -0.077662
v -0.129290 1.329827 -0.143437
v -0.032857 1.345793 -0.138284
v -0.202010 1.392461 -0.006210
v -0.193083 1.356928 0.065432
v -0.149589 1.293317 -0.097475
v -0.091402 1.201682 -0.086320
v -0.114069 1.245412 0.073377
v -0.073500 1.218889 0.089594
v -0.042130 1.225731 0.072432
v -0.174213 1.307694 -0.073678
v -0.202163 1.440874 -0.041735
v -0.268000 1.449335 -0.079729
v -0.192429 1.401092 0.054232
v -0.084726 1.265001 -0.125973
v -0.129720 1.282691 -0.120640
v -0.093751 1.375082 0.101364
v -0.141228 1.386564 0.082343
v -0.053191 1.411671 0.065675
v -0.060605 1.358354 0.111378
v -0.176879 1.285964 0.041699
v -0.160279 1.263214 0.111471
v -0.118124 1.270486 0.123478
v -0.034697 1.209752 0.120285
v -0.097989 1.441211 0.035093
v -0.152695 1.487775 -0.037642
v -0.193054 1.493037 -0.055037
v -0.112925 1.488603 -0.042642
v -0.070036 1.455070 0.018715
v -0.059667 1.503529 -0.014022
v -0.168286 1.448298 0.011351
v -0.193030 1.495048 -0.093558
v -0.212331 1.433215 -0.017852
v -0.191766 1.349311 0.037315
v -0.127785 1.466278 -0.148771
v -0.085983 1.471291 -0.117899
v -0.049099 1.512120 -0.093705
v -0.048081 1.429946 -0.133710
v -0.026004 1.464380 -0.112168
v -0.099864 1.461931 -0.129164
v 0.003102 1.512498 -0.088861
v -0.025228 1.515534 -0.048744
v -0.027539 1.504110 -0.023679
v -0.075295 1.509459 -0.036006
v -0.022167 1.518121 -0.085605
v -0.171941 1.312471 0.095867
v -0.021158 1.285403 -0.124582
v -0.158290 1.272704 -0.058805
v -0.175667 1.365567 -0.103152
v -0.185321 1.410877 -0.119721
v -0.185029 1.423897 -0.060450
v -0.181033 1.297023 0.051618
v -0.125276 1.239859 0.122104
v -0.074301 1.211202 0.117080
v -0.040853 1.251550 0.127647
v -0.147014 1.266043 0.075113
v -0.105747 1.256581 0.046268
v -0.156081 1.270007 -0.045819
v -0.143683 1.283086 -0.009884
v -0.127104 1.278017 0.032785
v -0.133763 1.284746 0.015973
v -0.094941 1.253659 -0.012847
v -0.000707 1.701110 -0.105466
v -0.001942 1.557117 -0.079935
v 0.038674 1.711690 0.042452
v -0.008074 1.729065 0.093156
v -0.006250 1.754348 0.061438
v -0.001557 1.729110 -0.084466
v 0.002193 1.668977 -0.117307
v 0.002753 1.582200 -0.100935
v 0.029166 1.555087 -0.043571
v -0.023599 1.543202 -0.059816
v 0.045470 1.721025 0.007620
v 0.047678 1.619234 0.008863
v 0.052879 1.598629 -0.046384
v 0.047891 1.720585 -0.019645
v 0.036572 1.555902 0.018463
v 0.050027 1.606414 -0.075050
v 0.043162 1.563362 -0.029513
v 0.053142 1.642124 -0.081508
v 0.004178 1.622141 -0.117660
v 0.005039 1.526295 0.066476
v 0.040428 1.582155 -0.068075
v 0.039145 1.664975 0.069790
v 0.039730 1.576413 0.033746
v -0.018752 1.628646 0.121155
v 0.053350 1.682218 -0.071107
v -0.006646 1.768933 0.003796
v 0.050904 1.707182 -0.049547
v -0.016306 1.690938 0.113177
v -0.029217 1.584249 0.118885
v -0.022592 1.558188 0.106489
v 0.001403 1.673679 0.118640
v 0.009261 1.591926 0.072178
v -0.011337 1.508662 0.087829
v -0.009247 1.522202 0.043959
v -0.044988 1.615237 0.121404
v -0.007836 1.760844 -0.040736
v -0.006931 1.764134 0.037757
v -0.075956 1.711999 0.096103
v -0.078834 1.740877 0.071301
v -0.072581 1.761611 0.032191
v -0.114091 1.707908 0.023377
v -0.060606 1.764412 -0.027555
v -0.105244 1.706443 -0.062428
v -0.046141 1.731185 -0.087197
v -0.039826 1.688854 -0.115715
v -0.040239 1.638730 -0.124562
v -0.091738 1.617207 -0.096203
v -0.040869 1.563161 -0.091991
v -0.037810 1.600265 -0.115630
v -0.112176 1.717927 -0.019079
v -0.110398 1.607391 0.020693
v -0.100266 1.559849 0.019150
v -0.102126 1.614887 -0.067158
v -0.088924 1.583063 -0.079382
v -0.098004 1.564969 -0.038288
v -0.098753 1.667570 -0.093753
v -0.081088 1.554815 -0.051619
v -0.110568 1.676563 -0.004703
v -0.059861 1.588348 0.116648
v -0.075390 1.637637 0.113428
v -0.089497 1.679570 0.107202
v -0.118119 1.659588 0.050775
v -0.063629 1.507711 0.081820
v -0.089710 1.587080 0.050553
v -0.059021 1.551761 0.100887
v -0.065586 1.520142 0.053368
v -0.086656 1.541410 0.017520
v -0.037894 1.500666 0.089638
v -0.028937 1.532578 -0.005233
v -0.036623 1.513545 0.049219
v -0.098168 1.671570 0.100243
v 0.132576 1.366048 -0.018670
v 0.220075 1.417306 -0.095720
v 0.244659 1.293641 -0.080448
v 0.163250 1.380554 0.006765
v 0.204194 1.412625 -0.033299
v 0.199432 1.166240 -0.037268
v 0.243353 1.174513 -0.095232
v 0.234861 1.185901 0.016639
v 0.216780 1.253051 -0.095453
v 0.213848 1.404067 -0.026694
v 0.230287 1.366236 -0.102331
v 0.194445 1.330446 -0.125470
v 0.135553 1.361226 -0.093912
v 0.157791 1.313177 -0.093226
v 0.163971 1.297835 -0.032038
v 0.119464 1.359620 -0.037474
v 0.209687 1.163990 -0.022459
v 0.207368 1.167826 -0.010716
v 0.192513 1.182610 -0.073965
v 0.264994 1.161626 -0.074701
v 0.242758 1.202392 0.020534
v 0.253071 1.187323 0.011429
v 0.169083 1.396623 -0.057823
v 0.179549 1.417951 -0.115239
v 0.239532 1.302059 -0.028766
v 0.210407 1.279345 -0.099462
v 0.180141 1.254881 -0.072915
v 0.224432 1.215597 -0.101091
v 0.279188 1.224299 -0.080722
v 0.176705 1.260071 -0.034342
v 0.201768 1.269078 -0.010149
v 0.190360 1.305501 -0.009286
v 0.236904 1.363975 -0.031639
v 0.128669 1.350169 -0.019541
v 0.250769 1.267207 -0.079600
v 0.247038 1.274413 -0.024534
v 0.261624 1.238194 -0.010530
v 0.281116 1.180702 -0.082252
v 0.146016 1.402508 0.000984
v 0.242134 1.390111 -0.091497
v 0.137686 1.365840 -0.093873
v 0.182288 1.375653 -0.137238
v 0.149153 1.392994 -0.115815
v 0.204055 1.423473 -0.090634
v 0.148103 1.389856 -0.001754
v 0.137126 1.358750 -0.082687
v 0.187217 1.407130 -0.087980
v 0.232874 1.174751 0.007223
v 0.295187 1.189078 -0.068325
v 0.278754 1.215389 -0.014291
v 0.233826 1.173556 -0.024990
v 0.185658 1.211715 -0.024339
v 0.178474 1.408039 -0.012415
v 0.270931 1.188992 -0.018118
v 0.258243 1.201166 0.010947
v 0.175344 1.359570 0.006811
v 0.204785 1.166880 -0.066601
v 0.133337 1.353988 -0.101612
v 0.148500 1.361511 -0.047448
v 0.142423 1.379434 -0.110659
v 0.286907 1.172119 -0.059107
v 0.173906 1.397335 -0.076585
v 0.223960 1.399349 -0.043220
v 0.243051 1.312039 -0.038556
v 0.288400 1.188984 -0.041724
v 0.248362 1.172255 -0.045316
v 0.224959 1.169365 -0.088314
v 0.223128 1.054597 0.050527
v 0.245138 1.183347 0.026266
v 0.214603 1.107844 0.034987
v 0.294148 1.099041 0.022972
v 0.289549 1.155808 0.003510
v 0.272537 1.064560 -0.045860
v 0.243430 1.131875 -0.085481
v 0.212331 1.068933 -0.015243
v 0.203084 1.106136 -0.043005
v 0.246368 0.916695 0.056126
v 0.275116 0.949424 0.107724
v 0.278630 1.172464 -0.000005
v 0.279619 0.989103 0.095482
v 0.278388 1.011800 0.073947
v 0.283930 1.051391 0.045858
v 0.254237 0.944174 0.038299
v 0.259087 0.983671 0.027007
v 0.229790 0.987223 0.046498
v 0.232487 1.021543 0.023388
v 0.222660 1.019715 0.071849
v 0.205993 0.959455 0.104508
v 0.241400 1.026835 0.079472
v 0.254926 1.143667 -0.078418
v 0.280443 1.128904 -0.066831
v 0.292011 1.087627 -0.043258
v 0.275687 1.018716 0.021706
v 0.284111 0.936331 0.071642
v 0.264458 0.917493 0.063847
v 0.265035 1.018152 0.004716
v 0.263823 1.091288 -0.070361
v 0.220573 0.937864 0.070410
v 0.208538 1.142022 -0.069162
v 0.297937 1.088336 -0.020780
v 0.275682 1.006232 0.037069
v 0.286432 0.960068 0.065045
v 0.300579 1.127266 -0.042581
v 0.243271 0.989994 0.118140
v 0.224164 0.947495 0.127359
v 0.208263 1.157431 0.006152
v 0.245464 1.056845 0.065319
v 0.213403 0.975815 0.107083
v 0.212882 0.954195 0.120188
v 0.214083 0.938578 0.114983
v 0.228335 1.015813 0.041298
v 0.206732 1.142781 0.016969
v 0.206592 1.137576 -0.023673
v 0.245656 0.961836 0.128306
v 0.227459 0.939134 0.123144
v 0.252107 0.915890 0.065127
v 0.278964 0.941588 0.095981
v 0.233572 0.929848 0.083336
v 0.260842 0.934023 0.092613
v 0.253609 1.184644 0.020430
v 0.253925 1.151464 0.044148
v 0.290843 1.143535 -0.041926
v 0.222392 1.166912 0.007596
v 0.256341 1.154414 -0.027359
v 0.203673 1.134184 -0.068597
v 0.214051 1.143318 -0.031898
v 0.244540 1.148897 -0.046403
v 0.218951 0.847943 0.124318
v 0.266606 0.819351 0.127870
v 0.286908 0.889416 0.094295
v 0.229101 0.813576 0.117983
v 0.274270 0.851623 0.131805
v 0.214514 0.818253 0.147570
v 0.229386 0.904572 0.113688
v 0.230331 0.912698 0.082574
v 0.226590 0.878413 0.148078
v 0.208581 0.872566 0.125931
v 0.225921 0.832721 0.163322
v 0.239001 0.908497 0.142948
v 0.211049 0.827844 0.153584
v 0.226817 0.815009 0.159587
v 0.272837 0.886006 0.132824
v 0.271485 0.920464 0.092829
v 0.250256 0.912827 0.073627
v 0.266704 0.919180 0.085691
v 0.274775 0.832263 0.075940
v 0.290669 0.855783 0.094462
v 0.248588 0.829021 0.080222
v 0.265587 0.887501 0.069903
v 0.260115 0.823842 0.075313
v 0.245824 0.853394 0.083275
v 0.212776 0.896235 0.083142
v 0.211609 0.909395 0.087137
v 0.207521 0.832910 0.135521
v 0.202749 0.879108 0.111683
v 0.263864 0.815440 0.081820
v 0.276698 0.815246 0.093328
v 0.255625 0.811553 0.127667
v 0.261291 0.913572 0.131053
v 0.208081 0.883595 0.149317
v 0.186005 0.858630 0.121406
v 0.185391 0.857179 0.129723
v 0.200680 0.859841 0.143531
v 0.195871 0.889401 0.141144
v 0.204112 0.851924 0.141921
v 0.216072 0.849136 0.127000
v 0.222533 0.867437 0.126014
v 0.217752 0.880713 0.142970
v 0.204623 0.885959 0.104238
v 0.212215 0.871097 0.109839
v 0.192353 0.885127 0.111760
v 0.197991 0.851101 0.113553
v 0.192774 0.847539 0.124803
v 0.206232 0.893702 0.142016
v 0.212028 0.890812 0.111842
v 0.220317 0.885700 0.129468
v 0.189128 0.893842 0.122160
v 0.181877 0.842110 0.128174
v 0.184276 0.810547 0.142987
v 0.185655 0.822807 0.139012
v 0.203998 0.838985 0.140100
v 0.190853 0.803096 0.137941
v 0.198121 0.817607 0.136266
v 0.195854 0.801771 0.127821
v 0.209792 0.834294 0.132558
v 0.180781 0.806215 0.117179
v 0.199454 0.821594 0.116685
v 0.208380 0.830976 0.122833
v 0.192173 0.832327 0.112386
v 0.183803 0.840128 0.117681
v 0.178143 0.824730 0.124777
v 0.178842 0.803343 0.129201
v 0.171316 0.811738 0.126267
v 0.192634 0.841300 0.140075
v 0.198563 0.843728 0.125958
v 0.168292 0.800164 0.133357
v 0.160159 0.775504 0.129874
v 0.172427 0.772030 0.135245
v 0.187359 0.787871 0.133887
v 0.180809 0.790515 0.117976
v 0.183173 0.798987 0.122024
v 0.173085 0.796913 0.116076
v 0.162456 0.790100 0.122123
v 0.178116 0.773612 0.126074
v 0.165511 0.774375 0.121421
v 0.182081 0.796804 0.138880
v 0.189323 0.792042 0.126001
v 0.170058 0.803178 0.127919
v 0.212944 0.809725 0.156994
v 0.199720 0.783316 0.147623
v 0.206582 0.811158 0.144675
v 0.203979 0.777209 0.149897
v 0.219643 0.804794 0.159286
v 0.216212 0.772661 0.139651
v 0.216500 0.785024 0.151882
v 0.234120 0.798412 0.147934
v 0.224322 0.783558 0.142426
v 0.234036 0.800769 0.139770
v 0.213590 0.778223 0.130246
v 0.219799 0.806052 0.129293
v 0.208705 0.811096 0.136329
v 0.205704 0.788232 0.126871
v 0.201553 0.778672 0.135509
v 0.198402 0.791375 0.137678
v 0.225212 0.807824 0.149799
v 0.237423 0.802674 0.139262
v 0.230762 0.772525 0.134611
v 0.231256 0.800795 0.128130
v 0.236150 0.768063 0.137632
v 0.244288 0.797776 0.142065
v 0.248769 0.765072 0.128302
v 0.245752 0.777588 0.137467
v 0.259537 0.792829 0.131386
v 0.253640 0.776889 0.128577
v 0.258078 0.794480 0.122364
v 0.245107 0.767873 0.118721
v 0.245627 0.796058 0.114095
v 0.234199 0.800148 0.120695
v 0.235371 0.774969 0.114096
v 0.233917 0.766502 0.124290
v 0.227587 0.778201 0.123815
v 0.254896 0.805077 0.121676
v 0.249016 0.775010 0.120354
v 0.246109 0.801589 0.112027
v 0.254084 0.770223 0.122121
v 0.259891 0.800116 0.122444
v 0.264541 0.767921 0.111782
v 0.262095 0.781355 0.119859
v 0.268967 0.795324 0.107527
v 0.268174 0.779425 0.110907
v 0.264865 0.797158 0.097539
v 0.260098 0.771587 0.103525
v 0.252640 0.800462 0.092150
v 0.246373 0.801796 0.103505
v 0.250888 0.778668 0.101038
v 0.250212 0.769945 0.109774
v 0.245205 0.780996 0.111395
v 0.257943 0.811143 0.087465
v 0.239206 0.791439 0.069286
v 0.247849 0.816621 0.076409
v 0.242811 0.785510 0.068868
v 0.260734 0.805413 0.085159
v 0.253463 0.784543 0.057868
v 0.255274 0.792147 0.072202
v 0.271659 0.803176 0.070963
v 0.261518 0.794075 0.062761
v 0.270990 0.808209 0.064785
v 0.250475 0.792152 0.051548
v 0.257273 0.817748 0.059155
v 0.248602 0.819763 0.068564
v 0.243226 0.801629 0.052223
v 0.239501 0.791821 0.056963
v 0.237345 0.800761 0.063131
v 0.231308 0.784721 0.065508
v 0.215168 0.783445 0.048038
v 0.223157 0.773036 0.055579
v 0.230144 0.768604 0.047295
v 0.239985 0.777134 0.059002
v 0.231082 0.772955 0.039996
v 0.244871 0.783633 0.050237
v 0.238844 0.794326 0.044900
v 0.223870 0.785897 0.036302
v 0.219676 0.777139 0.041940
v 0.230097 0.796735 0.056771
v 0.246505 0.765567 0.119745
v 0.228405 0.756006 0.102044
v 0.236676 0.746548 0.110155
v 0.245879 0.743623 0.103814
v 0.255586 0.756967 0.114146
v 0.258913 0.762307 0.103873
v 0.244971 0.744895 0.095680
v 0.250418 0.769060 0.096287
v 0.237105 0.757307 0.090191
v 0.233112 0.749147 0.096627
v 0.241585 0.772851 0.107727
v 0.229323 0.761649 0.134856
v 0.213719 0.751131 0.116705
v 0.222545 0.743709 0.126305
v 0.232349 0.741271 0.120746
v 0.240240 0.755304 0.130888
v 0.243813 0.760177 0.120551
v 0.231795 0.741587 0.112426
v 0.235816 0.766004 0.112441
v 0.222915 0.752690 0.105100
v 0.219642 0.744257 0.112470
v 0.225725 0.769444 0.122880
v 0.194392 0.774564 0.143521
v 0.177589 0.767228 0.125895
v 0.185473 0.758021 0.134777
v 0.194689 0.754636 0.128762
v 0.203576 0.766275 0.138588
v 0.208223 0.771374 0.128895
v 0.193649 0.755374 0.120194
v 0.201678 0.780133 0.121489
v 0.186795 0.768304 0.114221
v 0.182143 0.760329 0.120748
v 0.192648 0.784469 0.132562
v 0.171319 0.752393 0.127742
v 0.157237 0.747737 0.104291
v 0.163219 0.758988 0.110558
v 0.157410 0.739274 0.111681
v 0.162537 0.735775 0.104918
v 0.165760 0.748184 0.098225
v 0.186392 0.745779 0.115497
v 0.168500 0.738851 0.102165
v 0.175926 0.758887 0.124294
v 0.169846 0.762419 0.115259
v 0.178983 0.758690 0.106149
v 0.208606 0.733239 0.121994
v 0.192967 0.730988 0.093921
v 0.200206 0.740421 0.103063
v 0.192165 0.721898 0.101808
v 0.205075 0.720458 0.091836
v 0.224764 0.727055 0.110973
v 0.224530 0.731142 0.105710
v 0.202777 0.730992 0.088341
v 0.194240 0.718044 0.094479
v 0.212752 0.741049 0.117800
v 0.206676 0.743153 0.108405
v 0.217041 0.739640 0.098954
v 0.227656 0.740679 0.106977
v 0.209711 0.727321 0.082048
v 0.218444 0.744568 0.092771
v 0.210989 0.720764 0.091049
v 0.222639 0.719705 0.081485
v 0.239572 0.739994 0.091052
v 0.227502 0.742363 0.081711
v 0.216861 0.726931 0.076516
v 0.213181 0.715969 0.084942
v 0.228627 0.736395 0.105496
v 0.239852 0.732163 0.096023
v 0.209997 0.774975 0.048408
v 0.196989 0.771859 0.028866
v 0.196824 0.760924 0.033285
v 0.223499 0.764559 0.039507
v 0.207407 0.760896 0.024002
v 0.224788 0.773603 0.036031
v 0.202394 0.769747 0.020787
v 0.207585 0.782237 0.037357
v 0.198546 0.758008 0.026809
v 0.213223 0.768798 0.048740
v 0.216735 0.780495 0.028573
v -0.190202 1.363233 -0.113976
v -0.252672 1.184519 -0.083722
v -0.224316 1.403468 -0.080098
v -0.239270 1.269490 -0.091461
v -0.245374 1.208946 -0.087833
v -0.239640 1.229052 -0.040002
v -0.301284 1.288429 -0.089592
v -0.225253 1.286826 -0.050273
v -0.215730 1.386142 -0.010915
v -0.187555 1.353825 -0.119076
v -0.261551 1.268222 -0.019792
v -0.298424 1.212203 0.009902
v -0.333070 1.226525 -0.020785
v -0.279949 1.417020 -0.115005
v -0.171410 1.361968 -0.059387
v -0.177339 1.371791 -0.046132
v -0.295640 1.200120 -0.112473
v -0.203731 1.400141 -0.145412
v -0.189359 1.364734 -0.113750
v -0.183712 1.372991 -0.044349
v -0.196772 1.392469 -0.133124
v -0.190995 1.377288 -0.126205
v -0.191730 1.396189 -0.026726
v -0.257443 1.174564 -0.048719
v -0.263516 1.174688 -0.079618
v -0.312202 1.177948 -0.100358
v -0.263421 1.173216 -0.028257
v -0.290205 1.189239 0.003811
v -0.277257 1.180278 -0.011558
v -0.247694 1.300168 -0.026778
v -0.215705 1.307269 -0.045311
v -0.182380 1.350385 -0.038148
v -0.196431 1.408717 -0.017884
v -0.309831 1.198132 0.000768
v -0.227333 1.368219 -0.010295
v -0.231225 1.417004 -0.031993
v -0.331186 1.199886 -0.033495
v -0.313295 1.214192 0.000795
v -0.229523 1.277394 -0.082713
v -0.203249 1.326913 -0.099437
v -0.198402 1.370265 -0.092634
v -0.193691 1.379541 -0.133325
v -0.238104 1.374467 -0.153373
v -0.249722 1.336367 -0.141413
v -0.261598 1.300492 -0.120796
v -0.272853 1.266554 -0.108107
v -0.278209 1.211107 -0.110349
v -0.329765 1.169263 -0.081741
v -0.340052 1.193002 -0.092888
v -0.336605 1.232735 -0.092094
v -0.294499 1.291895 -0.097739
v -0.281828 1.375989 -0.119930
v -0.232239 1.426709 -0.133654
v -0.233106 1.409140 -0.103692
v -0.348876 1.187939 -0.066839
v -0.352833 1.199460 -0.079119
v -0.295891 1.389818 -0.104969
v -0.256192 1.431718 -0.109322
v -0.255732 1.419438 -0.044805
v -0.274357 1.409116 -0.061003
v -0.289462 1.374468 -0.048378
v -0.295986 1.312834 -0.045050
v -0.303691 1.281426 -0.037266
v -0.312482 1.187328 -0.042025
v -0.283923 1.178482 -0.055022
v -0.283410 1.175966 -0.097207
v -0.267308 1.143008 0.014266
v -0.344805 1.176312 -0.008897
v -0.329420 1.099658 -0.077196
v -0.353815 0.972480 0.056757
v -0.307932 1.005828 0.105453
v -0.313520 1.152166 -0.087497
v -0.335534 1.141057 -0.079250
v -0.352767 1.099131 -0.053383
v -0.340443 1.031379 0.010451
v -0.341506 1.014779 0.029282
v -0.352671 0.950433 0.061042
v -0.321206 0.947951 0.032409
v -0.325438 1.003675 0.014461
v -0.330755 1.037752 -0.013545
v -0.310469 1.090492 -0.062872
v -0.300814 1.140227 -0.094781
v -0.265163 1.141477 -0.080138
v -0.363349 1.122904 -0.044728
v -0.355302 1.111409 0.012149
v -0.345432 1.055643 0.040421
v -0.342933 1.021908 0.068611
v -0.347609 0.953993 0.084107
v -0.313116 1.119225 0.045132
v -0.306662 1.063505 0.057306
v -0.289144 1.040380 0.054701
v -0.292655 0.956594 0.119776
v -0.294099 0.997749 0.038784
v -0.263545 1.144577 -0.056953
v -0.265223 1.133559 -0.016680
v -0.272784 1.080376 -0.026337
v -0.273169 0.966815 0.097056
v -0.279956 0.971814 0.108517
v -0.346215 0.987680 0.091388
v -0.286493 0.954672 0.061650
v -0.314695 0.928445 0.046516
v -0.320294 0.926700 0.055353
v -0.339981 0.962343 0.100500
v -0.287652 0.945551 0.075920
v -0.332159 0.928988 0.055287
v -0.297358 0.949780 0.116101
v -0.309968 0.938208 0.071308
v -0.283444 0.947672 0.110694
v -0.326558 0.944375 0.082243
v -0.309956 1.192597 0.007636
v -0.311719 1.167028 0.032493
v -0.304747 1.038954 0.069276
v -0.311549 0.976063 0.119905
v -0.265459 1.163701 -0.006956
v -0.279654 1.177395 0.007916
v -0.303199 1.193433 0.017718
v -0.335020 1.181820 -0.014028
v -0.352199 1.152786 -0.054772
v -0.323319 1.159080 -0.052751
v -0.270311 1.151206 -0.076020
v -0.279901 1.173652 -0.005426
v -0.290387 1.157759 -0.043609
v -0.262608 1.117292 -0.053224
v -0.294209 1.032256 0.015603
v -0.284236 1.075915 0.037793
v -0.357112 0.882083 0.122327
v -0.345076 0.872031 0.064762
v -0.324410 0.911007 0.061122
v -0.277632 0.902747 0.093645
v -0.281268 0.914281 0.084678
v -0.303935 0.858034 0.128235
v -0.286231 0.884481 0.121921
v -0.304417 0.874803 0.143319
v -0.289023 0.878500 0.114392
v -0.300940 0.839662 0.149167
v -0.308995 0.840113 0.163046
v -0.321109 0.851236 0.167509
v -0.328174 0.835884 0.165338
v -0.364281 0.834910 0.093067
v -0.336522 0.929211 0.116268
v -0.346660 0.912725 0.121515
v -0.359128 0.899860 0.080090
v -0.313143 0.923012 0.066065
v -0.365612 0.865922 0.084027
v -0.288907 0.897228 0.081128
v -0.319096 0.863076 0.082397
v -0.332101 0.823345 0.097375
v -0.315848 0.830046 0.157324
v -0.350104 0.833377 0.131584
v -0.312668 0.830962 0.121792
v -0.315892 0.923788 0.136372
v -0.310543 0.898057 0.146549
v -0.315320 0.925196 0.072304
v -0.306588 0.918321 0.105609
v -0.339616 0.933002 0.078910
v -0.353053 0.824302 0.097464
v -0.330688 0.836095 0.082176
v -0.351079 0.834370 0.076035
v -0.282592 0.895974 0.104805
v -0.275149 0.894477 0.141231
v -0.267741 0.860441 0.123100
v -0.281434 0.869858 0.141644
v -0.301377 0.884264 0.136700
v -0.303937 0.887213 0.125979
v -0.290919 0.885090 0.107425
v -0.266211 0.899785 0.119974
v -0.267095 0.890184 0.114612
v -0.277443 0.859184 0.111764
v -0.283671 0.854460 0.124830
v -0.298716 0.858249 0.125997
v -0.283706 0.862446 0.141431
v -0.279578 0.903800 0.136030
v -0.290341 0.893012 0.146719
v -0.296347 0.899239 0.127209
v -0.271134 0.831771 0.139515
v -0.272750 0.850748 0.136463
v -0.264755 0.829603 0.129677
v -0.265445 0.846972 0.124480
v -0.260722 0.816093 0.131018
v -0.285630 0.849784 0.140939
v -0.283983 0.827672 0.138972
v -0.271938 0.818647 0.145009
v -0.285853 0.811583 0.131570
v -0.287426 0.828894 0.119720
v -0.280383 0.838309 0.113031
v -0.267895 0.827796 0.119221
v -0.271180 0.844888 0.114923
v -0.263855 0.810765 0.123987
v -0.272489 0.811372 0.119045
v -0.279269 0.811762 0.140885
v -0.282499 0.851826 0.125400
v -0.294031 0.840775 0.125842
v -0.293592 0.844857 0.134645
v -0.269485 0.803197 0.141176
v -0.259128 0.805270 0.130071
v -0.277520 0.788866 0.139728
v -0.276601 0.796298 0.121654
v -0.267890 0.779462 0.123278
v -0.268897 0.801280 0.117758
v -0.258829 0.791997 0.122196
v -0.262825 0.775555 0.126839
v -0.257357 0.779989 0.129987
v -0.274376 0.777067 0.133721
v -0.266288 0.777045 0.138423
v -0.268853 0.808588 0.133287
v -0.278574 0.802895 0.137790
v -0.283076 0.799293 0.129169
v -0.308942 0.795673 0.152071
v -0.315993 0.797973 0.163752
v -0.324770 0.821049 0.168122
v -0.320748 0.790083 0.164600
v -0.329261 0.802697 0.162885
v -0.338963 0.820249 0.147560
v -0.335708 0.802571 0.149184
v -0.333063 0.789500 0.153054
v -0.319734 0.818399 0.138223
v -0.325671 0.789595 0.142989
v -0.314990 0.796372 0.141868
v -0.307812 0.820420 0.151951
v -0.315578 0.825618 0.164655
v -0.333368 0.821719 0.162338
v -0.327063 0.784847 0.135504
v -0.332571 0.791122 0.145198
v -0.339423 0.815040 0.146504
v -0.339433 0.784665 0.147781
v -0.344803 0.796624 0.143626
v -0.351783 0.812289 0.126053
v -0.350835 0.794429 0.130676
v -0.351249 0.783422 0.136672
v -0.332761 0.810090 0.116817
v -0.344628 0.781198 0.127676
v -0.331991 0.784969 0.125067
v -0.322023 0.812798 0.129954
v -0.331579 0.818962 0.141143
v -0.347238 0.815980 0.140315
v -0.338191 0.789694 0.117751
v -0.344979 0.794007 0.126443
v -0.349545 0.817058 0.123828
v -0.350396 0.786490 0.127605
v -0.356052 0.798174 0.123437
v -0.356706 0.810612 0.102694
v -0.359219 0.796719 0.109980
v -0.359902 0.785581 0.115897
v -0.334281 0.811825 0.092987
v -0.352580 0.784859 0.108104
v -0.341762 0.790240 0.107589
v -0.329955 0.815239 0.109719
v -0.340952 0.820982 0.121214
v -0.356127 0.815610 0.117747
v -0.325551 0.799033 0.075900
v -0.333866 0.797433 0.085322
v -0.348688 0.815149 0.091431
v -0.336297 0.788825 0.083412
v -0.346525 0.798455 0.082835
v -0.358304 0.814907 0.070511
v -0.350343 0.800441 0.069522
v -0.345621 0.788808 0.070953
v -0.339514 0.821392 0.065504
v -0.338005 0.793039 0.063594
v -0.329505 0.800813 0.065939
v -0.331202 0.822972 0.080154
v -0.341589 0.822502 0.090832
v -0.355739 0.814234 0.084848
v -0.327566 0.783444 0.082783
v -0.308503 0.777804 0.064652
v -0.313860 0.769869 0.074779
v -0.335629 0.778220 0.075830
v -0.326753 0.766914 0.070870
v -0.329407 0.791174 0.060039
v -0.316258 0.779283 0.054961
v -0.320040 0.793914 0.073311
v -0.325598 0.768207 0.059460
v -0.316035 0.770866 0.058331
v -0.337867 0.781546 0.069180
v -0.346103 0.778119 0.127623
v -0.341637 0.761794 0.123645
v -0.328340 0.767080 0.110994
v -0.337162 0.761801 0.123787
v -0.355399 0.773202 0.121690
v -0.346025 0.755916 0.117944
v -0.338925 0.764179 0.101044
v -0.346633 0.780975 0.104618
v -0.339149 0.772889 0.104218
v -0.336723 0.783759 0.116655
v -0.346642 0.757000 0.110204
v -0.335079 0.759948 0.104781
v -0.355835 0.777606 0.110688
v -0.336913 0.775834 0.147971
v -0.333468 0.759822 0.143813
v -0.319825 0.761859 0.130420
v -0.324452 0.756525 0.140790
v -0.346634 0.771502 0.142386
v -0.338828 0.754339 0.138645
v -0.331011 0.760210 0.120889
v -0.338168 0.777809 0.125019
v -0.330533 0.769819 0.123799
v -0.327171 0.779136 0.136388
v -0.339532 0.755001 0.130847
v -0.327939 0.755460 0.125065
v -0.347351 0.775899 0.131455
v -0.312918 0.783021 0.160077
v -0.308284 0.768246 0.154739
v -0.294807 0.771247 0.141002
v -0.299076 0.765210 0.151313
v -0.322148 0.778147 0.154233
v -0.313808 0.762763 0.149664
v -0.306211 0.769395 0.131731
v -0.315579 0.788360 0.137704
v -0.305636 0.780148 0.134641
v -0.305198 0.790791 0.149390
v -0.314563 0.763479 0.141837
v -0.302904 0.764716 0.135638
v -0.324037 0.783261 0.144025
v -0.292252 0.751794 0.053625
v -0.301567 0.743868 0.053677
v -0.321120 0.759001 0.061307
v -0.304501 0.747166 0.050028
v -0.297215 0.753729 0.046329
v -0.296409 0.746733 0.061248
v -0.309519 0.764215 0.073145
v -0.299263 0.770330 0.060676
v -0.314954 0.768981 0.063809
v -0.312258 0.768741 0.050467
v -0.328360 0.747162 0.119531
v -0.314362 0.745789 0.106604
v -0.311422 0.730183 0.100407
v -0.320319 0.723397 0.103047
v -0.325173 0.726976 0.098365
v -0.328143 0.751014 0.094772
v -0.315696 0.732094 0.093095
v -0.315864 0.726538 0.108829
v -0.320403 0.754557 0.106017
v -0.341194 0.744013 0.107468
v -0.330965 0.755381 0.115358
v -0.337331 0.749129 0.100545
v -0.321266 0.741965 0.140531
v -0.306489 0.730943 0.130664
v -0.304342 0.723258 0.122371
v -0.316356 0.717469 0.122518
v -0.333532 0.740173 0.127625
v -0.318876 0.745921 0.114525
v -0.311151 0.723929 0.114190
v -0.307730 0.734648 0.116270
v -0.318802 0.721391 0.118082
v -0.310835 0.719536 0.130240
v -0.316284 0.747965 0.137536
v -0.308273 0.747443 0.126519
v -0.322364 0.747341 0.117247
v -0.278926 0.741001 0.131415
v -0.285931 0.733437 0.136693
v -0.292907 0.736369 0.126632
v -0.295244 0.758125 0.124795
v -0.284284 0.741865 0.122885
v -0.281210 0.737827 0.135879
v -0.295237 0.755215 0.149346
v -0.286494 0.760601 0.136201
v -0.307648 0.751351 0.136809
v -0.304699 0.758372 0.131635
v 0.015190 0.873084 -0.011686
v -0.064485 0.870521 0.013556
v -0.080919 0.889287 0.047114
v -0.056330 0.891690 0.067282
v 0.004178 0.883316 0.043241
v -0.012844 0.866913 -0.036907
v -0.046487 0.865437 -0.018423
v -0.112198 0.902078 0.019313
v 0.047233 0.894720 0.008997
v 0.012556 0.883628 -0.065613
v -0.043552 0.894029 -0.083044
v -0.081722 0.901281 -0.074302
v -0.100840 0.888709 -0.023453
v -0.131665 0.919060 -0.004122
v -0.050940 0.916770 0.088619
v 0.052706 0.913770 0.034454
v 0.049391 0.904276 -0.049429
v -0.107869 0.920892 0.062089
v 0.004454 0.918882 0.082674
v 0.036951 0.945534 0.087907
v 0.037687 0.941646 -0.106237
v 0.005163 0.953711 -0.128059
v -0.033207 0.938732 -0.123514
v -0.071178 0.955049 -0.127632
v -0.127547 0.925340 -0.053426
v -0.153142 0.967109 0.031412
v -0.105429 0.960369 0.092901
v -0.070157 0.965815 0.114014
v -0.031592 0.969765 0.121504
v 0.071367 0.963535 0.066155
v 0.090066 0.951417 -0.009139
v 0.067370 0.951870 -0.082152
v -0.104298 0.956008 -0.108297
v -0.135374 0.966810 -0.083375
v -0.162559 0.977053 -0.008714
v -0.137852 0.978450 0.068592
v 0.008546 0.973988 0.115586
v 0.095831 0.980105 0.031811
v -0.032443 0.990649 -0.144488
v -0.160332 0.991540 -0.049669
v 0.088186 0.955999 -0.048515
v 0.079863 1.009061 -0.089982
v 0.048294 0.999696 -0.119238
v -0.113886 1.012833 -0.119177
v -0.111309 1.025048 0.101758
v 0.049399 1.017928 0.101783
v 0.106391 1.024426 -0.010615
v 0.010480 1.040447 -0.139457
v -0.073016 1.041991 -0.139153
v -0.140750 1.035762 -0.090524
v -0.167048 1.031502 -0.009509
v -0.159797 1.043498 0.031120
v -0.140358 1.054556 0.066640
v -0.072237 1.041670 0.119129
v -0.029908 1.057890 0.122492
v 0.011310 1.030918 0.119586
v 0.078291 1.039372 0.070014
v 0.044576 1.054767 -0.118221
v -0.030147 1.066785 -0.139288
v -0.152815 1.070174 -0.050158
v 0.095983 1.048053 0.029595
v 0.071153 1.066554 -0.086453
v -0.100480 1.079999 -0.111821
v -0.152162 1.082023 -0.012539
v 0.008373 1.083811 0.103852
v 0.044422 1.072395 0.089911
v 0.096779 1.046914 -0.051909
v -0.120296 1.097609 -0.078650
v -0.140012 1.093475 0.022047
v -0.086387 1.086646 0.095996
v 0.061201 1.097943 0.052228
v 0.085152 1.090077 0.005805
v 0.033242 1.104657 -0.095602
v -0.058850 1.112428 -0.107823
v -0.103728 1.111435 0.058913
v 0.062832 1.106555 -0.059056
v -0.009780 1.116067 -0.107100
v -0.067410 1.133149 -0.079879
v -0.117450 1.125320 -0.002544
v -0.018189 1.118556 0.082089
v 0.057926 1.122888 0.000487
v 0.016453 1.136547 -0.064701
v -0.101101 1.131086 -0.049867
v -0.077506 1.143970 0.025199
v -0.054215 1.135744 0.058496
v 0.031577 1.119650 0.058453
v 0.037179 1.135802 -0.037971
v -0.020611 1.146820 -0.062839
v -0.074985 1.148285 -0.032542
v 0.012181 1.150533 -0.008621
v -0.009088 1.148337 0.030081
v -0.035593 1.156718 -0.024928
v -0.030419 1.155487 0.011061
v -0.022482 0.867766 0.021705
v -0.032152 1.129053 -0.008693
v -0.041245 1.139764 0.047305
v -0.006373 1.134683 0.030883
v 0.012576 1.137381 -0.015308
v -0.035616 1.137035 -0.041929
v -0.073546 1.147989 -0.046183
v -0.077284 1.152593 0.053293
v 0.029869 1.151431 0.039934
v 0.042065 1.157482 -0.031055
v 0.003590 1.145770 -0.050448
v -0.015849 1.158887 -0.078059
v -0.078989 1.139878 0.000941
v -0.103108 1.161434 0.036395
v 0.003493 1.160298 0.074749
v 0.036558 1.186827 -0.081095
v -0.066564 1.167245 -0.080889
v -0.109634 1.182787 -0.061025
v -0.117958 1.167334 -0.015421
v -0.050505 1.165106 0.084001
v -0.032571 1.185472 0.103014
v 0.055537 1.164830 0.019454
v 0.058078 1.188992 -0.057198
v -0.008075 1.186104 -0.101234
v -0.137482 1.206688 -0.040157
v -0.125149 1.190198 0.045214
v -0.101083 1.207696 0.091244
v -0.000130 1.201201 0.108084
v 0.029273 1.189653 0.087520
v 0.058128 1.201063 0.070087
v 0.080570 1.197802 0.005987
v -0.059444 1.226655 -0.118104
v -0.094160 1.228436 -0.103656
v -0.151325 1.227602 -0.007175
v -0.072293 1.215969 0.109962
v 0.079701 1.214322 0.042525
v 0.073860 1.238478 -0.065145
v 0.015277 1.235371 -0.113691
v -0.022154 1.235214 -0.122003
v -0.122928 1.229203 -0.077024
v -0.149360 1.237674 0.029336
v -0.131663 1.228095 0.065042
v -0.040389 1.248324 0.124356
v 0.035364 1.234203 0.103536
v 0.082108 1.206359 -0.026950
v 0.048975 1.245678 -0.094019
v 0.000264 1.246721 0.119478
v 0.065909 1.268051 0.079235
v 0.093495 1.256985 0.009214
v -0.123303 1.278704 -0.080174
v -0.144325 1.277483 -0.046424
v -0.133766 1.279920 0.064806
v -0.110923 1.276679 0.092870
v -0.078036 1.286632 0.112360
v 0.082572 1.284958 0.046692
v 0.067786 1.307206 -0.058057
v 0.046900 1.305935 -0.085361
v 0.017151 1.286789 -0.110222
v -0.020058 1.306159 -0.115638
v -0.058334 1.306266 -0.112715
v -0.091941 1.306370 -0.098619
v -0.148448 1.294554 -0.008361
v -0.146376 1.287115 0.029143
v -0.004821 1.294226 0.115477
v 0.031480 1.285794 0.102854
v 0.088121 1.277141 -0.030048
v -0.040119 1.304808 0.113763
v 0.007516 1.339212 -0.087850
v -0.111260 1.323581 -0.068981
v -0.127138 1.330856 0.035260
v -0.098989 1.330971 0.074631
v 0.041692 1.330896 0.068596
v 0.079173 1.317101 -0.007008
v -0.124646 1.337316 -0.025136
v -0.053364 1.344224 0.087519
v 0.005033 1.334216 0.091887
v 0.060955 1.340356 0.021790
v 0.008753 1.366541 -0.054487
v -0.035438 1.359578 -0.076121
v -0.080724 1.356369 -0.061896
v -0.100876 1.362291 0.018306
v 0.043061 1.357635 -0.030377
v -0.070454 1.376769 -0.034078
v -0.068101 1.364187 0.055059
v -0.021967 1.371484 0.053710
v 0.018608 1.361862 0.050642
v 0.020161 1.374995 -0.007458
v -0.030136 1.382220 -0.042897
v -0.059012 1.385172 -0.003122
v -0.008464 1.384223 0.012725
v -0.022290 1.389984 -0.014867
v -0.042657 1.383521 0.023900
v -0.033071 1.129967 0.013000
v -0.026218 1.456444 -0.051847
v -0.017213 1.456463 -0.022149
v -0.011566 1.460045 -0.054433
v -0.063002 1.468454 -0.022534
v -0.048293 1.460071 -0.050756
v -0.065253 1.470718 -0.044033
v -0.043424 1.467950 -0.001787
v -0.010733 1.474588 0.004899
v 0.002371 1.465814 -0.018021
v 0.007588 1.468040 -0.043317
v 0.004417 1.483777 -0.071349
v -0.032631 1.472716 -0.074667
v -0.052265 1.488386 -0.078031
v -0.052124 1.490036 0.010113
v -0.032163 1.487342 0.014389
v -0.068115 1.485291 -0.061454
v -0.072800 1.495641 -0.008854
v 0.017553 1.497805 -0.004949
v 0.021186 1.485317 -0.036339
v 0.022907 1.505641 -0.055263
v 0.002478 1.511255 -0.080709
v -0.029986 1.498221 -0.087855
v -0.079894 1.494645 -0.032387
v -0.067531 1.517999 -0.070544
v -0.062764 1.512205 0.004857
v -0.005918 1.507664 0.015565
v 0.026613 1.518287 -0.029251
v -0.047243 1.520250 -0.084138
v -0.079875 1.514826 -0.047863
v -0.076393 1.519998 -0.016037
v -0.045141 1.528985 0.011165
v -0.024666 1.525550 0.016966
v -0.014402 1.537326 -0.081264
v -0.068595 1.538843 -0.053544
v 0.015598 1.533806 -0.008653
v -0.046485 1.548403 -0.069812
v -0.063794 1.550084 -0.028697
v -0.061059 1.539478 -0.006512
v -0.008494 1.545102 0.002693
v 0.004970 1.547007 -0.061356
v 0.018524 1.537369 -0.050460
v -0.039033 1.551433 -0.002227
v -0.019116 1.558138 -0.062000
v 0.006668 1.552958 -0.022926
v -0.044405 1.560952 -0.046527
v -0.034362 1.562652 -0.019997
v -0.002447 1.559628 -0.038279
v -0.024535 1.565154 -0.040763
v -0.016895 1.562573 -0.021691
v -0.033954 1.454937 -0.025012
v 0.153559 0.006893 0.116419
v 0.160626 0.010496 0.126975
v 0.171414 0.015541 0.122664
v 0.161341 0.011187 0.105191
v 0.141512 0.010018 0.121253
v 0.140673 0.014600 0.102836
v 0.149925 0.025263 0.092665
v 0.148484 0.018293 0.138325
v 0.169407 0.027726 0.136583
v 0.166695 0.022215 0.098075
v 0.130696 0.021778 0.113323
v 0.133175 0.034273 0.100247
v 0.128268 0.040283 0.122384
v 0.132339 0.026546 0.131638
v 0.141947 0.038427 0.139540
v 0.177763 0.035094 0.122577
v 0.176178 0.023591 0.109359
v 0.165271 0.037706 0.094891
v 0.156784 0.035837 0.142328
v 0.150057 0.042410 0.093382
v 0.135629 0.048266 0.104865
v 0.167567 0.049026 0.132511
v 0.175447 0.044390 0.110277
v 0.166485 0.053452 0.106398
v 0.149231 0.055308 0.131045
v 0.153465 0.056342 0.104336
v 0.159696 0.058326 0.120352
v 0.142106 0.057522 0.116899
v 0.109086 0.067280 -0.010307
v 0.127368 0.065836 -0.045892
v 0.111203 0.067192 -0.048755
v 0.094420 0.068921 -0.027945
v 0.110147 0.078046 0.003235
v 0.136034 0.068024 -0.014262
v 0.142020 0.070078 -0.037790
v 0.124050 0.090401 -0.069541
v 0.104803 0.085890 -0.065367
v 0.081147 0.084302 -0.026812
v 0.156665 0.085724 -0.034634
v 0.088574 0.082104 -0.049208
v 0.090163 0.089157 -0.001359
v 0.156320 0.096620 -0.010069
v 0.139180 0.082757 0.001305
v 0.079365 0.102282 -0.044413
v 0.123618 0.089741 0.009628
v 0.147310 0.086416 -0.055053
v 0.090605 0.109887 -0.061230
v 0.081091 0.099500 -0.011041
v 0.108926 0.112101 0.011679
v 0.113629 0.125446 -0.067432
v 0.136060 0.112899 0.008296
v 0.159921 0.112857 -0.033584
v 0.077723 0.114138 -0.024854
v 0.145880 0.111381 -0.062782
v 0.138185 0.126145 -0.060784
v 0.085667 0.125639 -0.046579
v 0.089066 0.115809 -0.002188
v 0.150258 0.123869 -0.009370
v 0.085848 0.130687 -0.021104
v 0.099416 0.139093 -0.048675
v 0.101032 0.132660 -0.003011
v 0.126767 0.132089 0.002103
v 0.136512 0.141574 -0.016226
v 0.149240 0.135071 -0.034378
v 0.124881 0.146622 -0.040991
v 0.100246 0.142393 -0.021163
v 0.117383 0.141024 -0.008132
v 0.116024 0.147616 -0.026728
v 0.117870 0.061336 -0.029138
v 0.109306 0.446775 0.084106
v 0.125032 0.448305 0.107593
v 0.086138 0.444251 0.092069
v 0.082946 0.445534 0.116208
v 0.101432 0.451701 0.133446
v 0.108584 0.456231 0.066776
v 0.078375 0.458770 0.068373
v 0.062550 0.453160 0.098858
v 0.074155 0.458589 0.136476
v 0.130141 0.460514 0.132189
v 0.138784 0.458832 0.090859
v 0.055483 0.467143 0.125970
v 0.097063 0.474180 0.154158
v 0.131799 0.473874 0.062597
v 0.101945 0.464866 0.057430
v 0.053097 0.465162 0.087581
v 0.072880 0.483493 0.151387
v 0.145725 0.487324 0.135384
v 0.111548 0.485217 0.045204
v 0.067139 0.471628 0.060764
v 0.039429 0.487622 0.108131
v 0.115223 0.488543 0.155833
v 0.158112 0.490746 0.105414
v 0.042498 0.486732 0.081544
v 0.151679 0.482515 0.081765
v 0.138534 0.497645 0.054305
v 0.083760 0.485413 0.044738
v 0.048457 0.495313 0.133600
v 0.074012 0.522313 0.151525
v 0.110894 0.524105 0.154992
v 0.136606 0.522681 0.141785
v 0.150888 0.530920 0.115560
v 0.092406 0.510254 0.039124
v 0.053168 0.506942 0.057743
v 0.047304 0.528518 0.121541
v 0.154962 0.518278 0.081611
v 0.040567 0.519207 0.088764
v 0.115353 0.520876 0.043454
v 0.074001 0.545990 0.134208
v 0.122534 0.555460 0.121477
v 0.139927 0.528209 0.062148
v 0.071737 0.521272 0.046657
v 0.054498 0.541799 0.078446
v 0.108757 0.543825 0.053132
v 0.059772 0.550693 0.093753
v 0.072548 0.558695 0.107488
v 0.095754 0.557389 0.128418
v 0.133827 0.551213 0.083141
v 0.079409 0.548801 0.061973
v 0.098495 0.564597 0.102945
v 0.113743 0.561711 0.085753
v 0.102122 0.555498 0.066727
v 0.088340 0.562660 0.082846
v 0.107661 0.443387 0.109029
v 0.068250 0.820055 0.044820
v 0.032201 0.816187 0.033843
v 0.038955 0.823716 0.052197
v 0.063307 0.811367 -0.009975
v 0.037370 0.812136 -0.013312
v 0.013564 0.819139 0.002203
v 0.098058 0.824385 0.014646
v 0.097536 0.829468 -0.031251
v 0.003312 0.841070 0.052542
v 0.026632 0.848798 0.072606
v 0.072133 0.834681 0.064082
v 0.102239 0.851716 0.052516
v 0.066697 0.823049 -0.041041
v -0.007401 0.834211 0.017691
v 0.067136 0.852306 0.069188
v 0.122266 0.850177 0.018061
v 0.114751 0.839186 -0.022331
v 0.022567 0.836994 -0.051868
v -0.025730 0.873935 0.038269
v 0.119009 0.875215 0.047689
v 0.101747 0.867487 -0.067288
v 0.079116 0.872150 -0.081979
v 0.052207 0.859042 -0.078459
v -0.017945 0.853676 -0.017391
v -0.030218 0.873792 0.013960
v -0.014094 0.888119 0.059363
v 0.022988 0.879761 0.078638
v 0.056250 0.889396 0.082215
v 0.093922 0.882366 0.070941
v 0.134824 0.887039 0.022890
v 0.120845 0.880239 -0.052754
v 0.001386 0.872558 -0.062489
v 0.135318 0.872688 -0.014361
v 0.023123 0.891477 -0.083088
v 0.002775 0.911267 0.066478
v 0.124133 0.910032 0.042460
v 0.139035 0.902621 -0.007420
v -0.022305 0.895923 -0.031470
v 0.040878 0.925349 0.077923
v 0.092680 0.916630 0.071212
v 0.128153 0.912293 -0.046262
v 0.099787 0.918633 -0.074658
v 0.050807 0.908720 -0.089445
v -0.028753 0.925830 -0.000445
v -0.024533 0.932872 0.022442
v -0.012582 0.934732 0.041500
v 0.129504 0.937441 0.013767
v 0.080126 0.941382 -0.077821
v 0.007053 0.936518 -0.069412
v 0.003612 0.955120 0.044465
v 0.077823 0.955106 0.058724
v 0.106675 0.948799 0.044031
v 0.100630 0.956302 -0.055375
v 0.040712 0.952184 -0.075981
v -0.017860 0.930195 -0.038537
v 0.043863 0.959095 0.060007
v 0.129545 0.937389 -0.024988
v 0.002139 0.964082 -0.038112
v 0.036000 0.979140 0.034359
v 0.105263 0.968717 0.013972
v 0.112242 0.964602 -0.019743
v 0.035887 0.978790 -0.045926
v 0.004926 0.976440 0.001134
v 0.077846 0.982331 0.022689
v 0.085393 0.983356 -0.017619
v 0.065497 0.978217 -0.047928
v 0.029733 0.986208 -0.022863
v 0.041757 0.989120 0.005916
v 0.059966 0.990293 -0.014716
v 0.061279 0.811664 0.024696
v 0.144874 1.364395 -0.080481
v 0.142671 1.359127 -0.052516
v 0.142172 1.371200 -0.071566
v 0.150344 1.378952 -0.105744
v 0.144026 1.370104 -0.095893
v 0.127506 1.365427 -0.070004
v 0.130878 1.367836 -0.038358
v 0.156494 1.369314 -0.027313
v 0.149681 1.372118 -0.086029
v 0.172020 1.390231 -0.115655
v 0.155940 1.390204 -0.116128
v 0.140482 1.391021 -0.108335
v 0.126736 1.378261 -0.090771
v 0.114621 1.384455 -0.062122
v 0.141852 1.377144 -0.050906
v 0.132018 1.383348 -0.024159
v 0.160345 1.371187 -0.064820
v 0.165202 1.409096 -0.119870
v 0.118933 1.406618 -0.031876
v 0.157001 1.400708 -0.018290
v 0.123896 1.413377 -0.093681
v 0.111517 1.411158 -0.061773
v 0.144831 1.397598 -0.013570
v 0.167421 1.392431 -0.028918
v 0.173388 1.374928 -0.092107
v 0.196328 1.389035 -0.080564
v 0.193224 1.404051 -0.107994
v 0.145860 1.432145 -0.104497
v 0.183285 1.383700 -0.052155
v 0.175377 1.429310 -0.110405
v 0.139780 1.445409 -0.082395
v 0.118976 1.431863 -0.057962
v 0.151770 1.431707 -0.019109
v 0.171197 1.419531 -0.020950
v 0.181363 1.404261 -0.031361
v 0.130253 1.435569 -0.035812
v 0.194898 1.400664 -0.047806
v 0.204316 1.417789 -0.086762
v 0.173208 1.448645 -0.088342
v 0.141140 1.448854 -0.068294
v 0.144038 1.447959 -0.041798
v 0.176402 1.442031 -0.031829
v 0.191024 1.426305 -0.037040
v 0.203830 1.421556 -0.059314
v 0.193934 1.442348 -0.070637
v 0.164020 1.452804 -0.071178
v 0.185927 1.447025 -0.046516
v 0.204624 1.148473 -0.046121
v 0.228733 1.135914 -0.065960
v 0.212397 1.170034 -0.068917
v 0.201779 1.161393 -0.051185
v 0.229414 1.154995 -0.077691
v 0.201642 1.176336 -0.031244
v 0.201521 1.160819 -0.030582
v 0.209364 1.140948 -0.032070
v 0.215954 1.134238 -0.049280
v 0.232794 1.181605 -0.077054
v 0.217078 1.196218 -0.054076
v 0.203341 1.183031 -0.044354
v 0.216318 1.161054 -0.006741
v 0.229366 1.126046 -0.035860
v 0.255126 1.129583 -0.055148
v 0.254810 1.147673 -0.076030
v 0.212932 1.174505 -0.010600
v 0.219275 1.143295 -0.014357
v 0.225855 1.205646 -0.034432
v 0.239952 1.133083 -0.014066
v 0.264336 1.144596 -0.067819
v 0.232744 1.199574 -0.062160
v 0.217236 1.191893 -0.016013
v 0.257542 1.188225 -0.071446
v 0.237344 1.145134 -0.003588
v 0.253187 1.125443 -0.034679
v 0.248464 1.206081 -0.052079
v 0.236082 1.177573 0.001859
v 0.277698 1.159588 -0.062945
v 0.268711 1.145683 -0.010607
v 0.273683 1.136285 -0.031866
v 0.274883 1.191130 -0.052506
v 0.253268 1.205848 -0.024452
v 0.239451 1.194557 -0.004934
v 0.252972 1.158899 0.002498
v 0.285285 1.167137 -0.047289
v 0.269487 1.200979 -0.033782
v 0.285304 1.158949 -0.025949
v 0.282287 1.184527 -0.037319
v 0.264889 1.192869 -0.010539
v 0.265112 1.181518 -0.003633
v 0.272207 1.167533 -0.005712
v 0.279789 1.181010 -0.019189
v 0.211906 1.150130 -0.064578
v 0.222085 0.920862 0.090944
v 0.228315 0.926953 0.081305
v 0.232865 0.910597 0.088582
v 0.240118 0.920075 0.075820
v 0.224517 0.910437 0.108237
v 0.248620 0.904029 0.090605
v 0.219498 0.937680 0.103286
v 0.256664 0.916470 0.080212
v 0.228618 0.940383 0.083618
v 0.245834 0.902590 0.110207
v 0.246230 0.937264 0.074827
v 0.227188 0.937477 0.120383
v 0.229219 0.918143 0.123695
v 0.260843 0.931001 0.077704
v 0.245832 0.955514 0.093946
v 0.268023 0.913620 0.092735
v 0.256454 0.947652 0.083807
v 0.235910 0.953049 0.108204
v 0.240010 0.948498 0.119659
v 0.262171 0.904660 0.103379
v 0.271945 0.931307 0.087305
v 0.242685 0.928469 0.131267
v 0.245962 0.910904 0.126149
v 0.275523 0.924720 0.105296
v 0.268371 0.917960 0.120633
v 0.268577 0.947967 0.101416
v 0.255718 0.952473 0.113829
v 0.261836 0.938562 0.124844
v 0.272782 0.938375 0.109510
v 0.170775 0.805278 0.128595
v 0.182203 0.809297 0.119673
v 0.179808 0.815060 0.127401
v 0.177828 0.796860 0.122849
v 0.175853 0.795957 0.133030
v 0.177422 0.809893 0.137117
v 0.187734 0.795665 0.132169
v 0.186695 0.799500 0.121229
v 0.190605 0.809382 0.125667
v 0.180464 0.800136 0.138892
v 0.188353 0.808091 0.138286
v 0.192765 0.802094 0.129657
v 0.175185 0.804924 0.120558
v 0.195351 0.842383 0.112373
v 0.186626 0.847958 0.118709
v 0.193870 0.857223 0.119620
v 0.188157 0.851782 0.134222
v 0.190331 0.838068 0.135710
v 0.196480 0.831835 0.129679
v 0.196197 0.834548 0.117461
v 0.211379 0.846440 0.120290
v 0.205521 0.856463 0.122935
v 0.206370 0.853719 0.134802
v 0.204241 0.842517 0.139524
v 0.206999 0.833950 0.125318
v 0.209708 0.843799 0.134472
v 0.185119 0.839736 0.123027
v 0.209517 0.888767 0.101543
v 0.201923 0.898990 0.104052
v 0.191009 0.886920 0.117232
v 0.195272 0.888416 0.136493
v 0.203493 0.872430 0.132304
v 0.210036 0.869417 0.116821
v 0.219237 0.880030 0.105636
v 0.226383 0.899153 0.108167
v 0.207287 0.910912 0.112386
v 0.201451 0.909903 0.128197
v 0.234379 0.890407 0.125133
v 0.228679 0.909059 0.124200
v 0.220377 0.908759 0.137407
v 0.209105 0.890940 0.145035
v 0.219550 0.873724 0.135969
v 0.230325 0.878168 0.127278
v 0.222529 0.891299 0.143973
v 0.230594 0.897083 0.136412
v 0.198241 0.881510 0.108020
v 0.174245 0.764331 0.119977
v 0.182564 0.766814 0.117632
v 0.187438 0.756087 0.112960
v 0.185249 0.764697 0.126093
v 0.177607 0.757391 0.130726
v 0.172642 0.754185 0.123076
v 0.176842 0.752428 0.114270
v 0.182063 0.747861 0.122056
v 0.191459 0.756042 0.125227
v 0.186272 0.751741 0.127593
v 0.175902 0.761338 0.112919
v 0.203473 0.782274 0.126014
v 0.195486 0.785845 0.135058
v 0.200965 0.787787 0.130625
v 0.196036 0.778028 0.128561
v 0.205764 0.788213 0.139162
v 0.194683 0.774950 0.139255
v 0.211650 0.783989 0.132800
v 0.198698 0.783301 0.143815
v 0.212072 0.774388 0.133588
v 0.202053 0.771413 0.129382
v 0.210750 0.779479 0.144073
v 0.204810 0.771868 0.143377
v 0.218679 0.815351 0.130602
v 0.211850 0.823119 0.142630
v 0.209421 0.812338 0.137766
v 0.210780 0.804655 0.138375
v 0.228273 0.824771 0.140880
v 0.208500 0.811053 0.149608
v 0.228335 0.809776 0.130908
v 0.218321 0.796792 0.149763
v 0.228009 0.797053 0.140787
v 0.236261 0.808934 0.144173
v 0.218057 0.811990 0.159062
v 0.229698 0.804065 0.155169
v 0.228381 0.819663 0.154928
v 0.232552 0.804497 0.119168
v 0.232833 0.799148 0.123558
v 0.242431 0.804067 0.111683
v 0.241167 0.812452 0.116245
v 0.232773 0.812914 0.128373
v 0.230752 0.801738 0.132550
v 0.239710 0.789607 0.128729
v 0.245481 0.793313 0.118182
v 0.255306 0.800926 0.117075
v 0.254120 0.810809 0.125579
v 0.246950 0.814416 0.130876
v 0.252528 0.797971 0.138281
v 0.256569 0.795366 0.130147
v 0.241466 0.803305 0.139657
v 0.227499 0.770996 0.122345
v 0.237472 0.758834 0.120217
v 0.232046 0.766503 0.116998
v 0.237852 0.778413 0.125093
v 0.229011 0.762267 0.129328
v 0.241821 0.772103 0.117563
v 0.230486 0.771775 0.132947
v 0.246804 0.766779 0.127918
v 0.240343 0.762435 0.134478
v 0.239744 0.773413 0.133823
v 0.218922 0.747923 0.107996
v 0.213516 0.741477 0.106124
v 0.225495 0.741977 0.107753
v 0.211177 0.747253 0.115260
v 0.211805 0.734373 0.112283
v 0.224209 0.748377 0.117900
v 0.211317 0.739431 0.120098
v 0.219421 0.741464 0.124160
v 0.221070 0.732883 0.108715
v 0.218112 0.731189 0.119024
v 0.227976 0.736790 0.114819
v 0.224480 0.736861 0.122127
v 0.250258 0.815877 0.086355
v 0.244291 0.807691 0.097803
v 0.246264 0.799328 0.110215
v 0.249541 0.803950 0.080493
v 0.246447 0.809676 0.114133
v 0.251946 0.818674 0.109869
v 0.254537 0.794351 0.099573
v 0.255890 0.816119 0.099193
v 0.257546 0.796764 0.117405
v 0.264512 0.798854 0.108147
v 0.261783 0.806384 0.095922
v 0.263362 0.810185 0.109308
v 0.259608 0.807807 0.118228
v 0.248051 0.776560 0.101647
v 0.242613 0.774329 0.109854
v 0.248155 0.769562 0.099003
v 0.256086 0.778844 0.104259
v 0.248588 0.779042 0.114389
v 0.246500 0.768839 0.117566
v 0.246261 0.762331 0.106895
v 0.259035 0.763470 0.106622
v 0.253702 0.762970 0.116121
v 0.256202 0.777041 0.117207
v 0.262140 0.770367 0.114044
v 0.230879 0.749718 0.089489
v 0.224570 0.743927 0.094594
v 0.240960 0.750791 0.093454
v 0.228389 0.753321 0.095484
v 0.238755 0.741924 0.090156
v 0.227917 0.750644 0.103502
v 0.236672 0.754067 0.101334
v 0.229978 0.741647 0.105646
v 0.230268 0.738837 0.092164
v 0.243645 0.743915 0.101571
v 0.237920 0.743963 0.107156
v 0.235136 0.735886 0.100711
v 0.257414 0.830170 0.075724
v 0.250505 0.822621 0.071624
v 0.258605 0.826567 0.064454
v 0.272079 0.816889 0.064639
v 0.250856 0.814207 0.080623
v 0.257733 0.814294 0.062271
v 0.273440 0.826825 0.078682
v 0.276150 0.817287 0.074552
v 0.262781 0.824664 0.086833
v 0.262421 0.805521 0.071979
v 0.267104 0.815173 0.088280
v 0.267517 0.807521 0.082583
v 0.229053 0.793209 0.058507
v 0.235780 0.791027 0.048000
v 0.248901 0.787590 0.053261
v 0.247475 0.794321 0.060628
v 0.237726 0.797036 0.063219
v 0.230830 0.785183 0.054118
v 0.239323 0.783362 0.049560
v 0.243130 0.787132 0.068557
v 0.235321 0.780580 0.062201
v 0.242669 0.779694 0.060891
v 0.239551 0.797813 0.052359
v 0.217813 0.782070 0.035915
v 0.226151 0.772422 0.037191
v 0.226703 0.784974 0.043957
v 0.214109 0.784443 0.044701
v 0.225656 0.779977 0.051767
v 0.216893 0.778207 0.053001
v 0.217621 0.767651 0.041759
v 0.213691 0.773076 0.037927
v 0.215135 0.770028 0.049386
v 0.227033 0.769373 0.049877
v 0.230170 0.773335 0.047480
v -0.199724 1.371050 -0.099741
v -0.195490 1.366726 -0.108672
v -0.200914 1.379770 -0.117591
v -0.189583 1.362988 -0.090549
v -0.191962 1.366211 -0.070342
v -0.207763 1.376191 -0.105852
v -0.195739 1.376997 -0.096659
v -0.214044 1.387579 -0.130414
v -0.182025 1.372536 -0.113156
v -0.207478 1.367218 -0.064161
v -0.202034 1.385478 -0.131885
v -0.167284 1.385385 -0.100885
v -0.171446 1.379666 -0.072605
v -0.193580 1.382980 -0.069800
v -0.186048 1.379504 -0.052100
v -0.198799 1.380424 -0.071441
v -0.223813 1.383487 -0.117071
v -0.212677 1.407071 -0.141735
v -0.180911 1.392314 -0.127928
v -0.197971 1.387952 -0.041164
v -0.207446 1.398983 -0.037841
v -0.226994 1.379721 -0.090899
v -0.247512 1.396566 -0.099172
v -0.233799 1.401740 -0.132191
v -0.182230 1.419956 -0.128722
v -0.160980 1.407467 -0.083407
v -0.169089 1.404162 -0.058528
v -0.183719 1.413779 -0.042375
v -0.222112 1.400048 -0.043951
v -0.216630 1.428445 -0.136753
v -0.167427 1.421847 -0.107484
v -0.170314 1.430730 -0.069226
v -0.227499 1.395203 -0.056721
v -0.243499 1.424432 -0.124542
v -0.234041 1.444556 -0.117396
v -0.206814 1.429203 -0.036543
v -0.216202 1.421026 -0.038476
v -0.245282 1.400940 -0.073962
v -0.253306 1.417700 -0.106035
v -0.177007 1.445209 -0.092388
v -0.191295 1.439707 -0.046025
v -0.239337 1.412718 -0.055050
v -0.250737 1.440041 -0.082349
v -0.200817 1.450691 -0.114193
v -0.188892 1.452342 -0.072243
v -0.207949 1.454392 -0.060192
v -0.226938 1.435596 -0.044179
v -0.238444 1.454579 -0.095973
v -0.250522 1.425357 -0.067578
v -0.214972 1.459366 -0.086690
v -0.235509 1.447923 -0.057297
v -0.264049 1.159979 -0.066177
v -0.273727 1.151409 -0.073547
v -0.266304 1.150275 -0.048528
v -0.289844 1.152282 -0.083380
v -0.268337 1.177556 -0.077104
v -0.258435 1.175791 -0.057990
v -0.259417 1.166183 -0.045783
v -0.286443 1.136323 -0.058861
v -0.286104 1.177820 -0.088804
v -0.265909 1.165600 -0.028521
v -0.305233 1.141183 -0.073092
v -0.310993 1.160967 -0.087455
v -0.275934 1.200727 -0.073565
v -0.262263 1.189667 -0.039039
v -0.278588 1.150660 -0.024518
v -0.325027 1.141237 -0.040315
v -0.264254 1.197392 -0.057319
v -0.289700 1.134487 -0.042352
v -0.273758 1.200689 -0.027863
v -0.267993 1.181730 -0.023196
v -0.307486 1.193223 -0.086835
v -0.298630 1.211943 -0.070459
v -0.303704 1.146851 -0.018933
v -0.288108 1.215549 -0.052231
v -0.281192 1.176238 -0.012183
v -0.329988 1.146799 -0.062135
v -0.294404 1.167001 -0.008294
v -0.332026 1.173362 -0.078283
v -0.325357 1.201510 -0.072163
v -0.289507 1.213470 -0.031670
v -0.293973 1.198013 -0.013044
v -0.308896 1.190323 -0.008960
v -0.324796 1.152110 -0.022455
v -0.342966 1.167291 -0.039866
v -0.343776 1.180587 -0.056036
v -0.314629 1.215655 -0.055773
v -0.317660 1.215469 -0.040543
v -0.319208 1.171732 -0.009679
v -0.336438 1.200761 -0.050995
v -0.318294 1.205545 -0.021996
v -0.326575 1.187777 -0.015281
v -0.337131 1.172868 -0.023987
v -0.337650 1.194034 -0.031778
v -0.293342 0.930646 0.078314
v -0.297901 0.920062 0.083526
v -0.306975 0.927713 0.068883
v -0.289501 0.948136 0.091993
v -0.300332 0.917275 0.101084
v -0.316743 0.913964 0.096034
v -0.320490 0.916353 0.079639
v -0.305904 0.946263 0.067606
v -0.292362 0.947838 0.078941
v -0.288674 0.930836 0.101116
v -0.296817 0.927354 0.112772
v -0.327317 0.928070 0.071694
v -0.296400 0.946895 0.111359
v -0.331378 0.916947 0.093139
v -0.312928 0.962028 0.077487
v -0.329890 0.938715 0.067847
v -0.327597 0.952950 0.071125
v -0.298772 0.961332 0.096359
v -0.314153 0.919180 0.112957
v -0.339978 0.928197 0.102888
v -0.339196 0.928111 0.084624
v -0.312984 0.936892 0.121601
v -0.328368 0.923981 0.113714
v -0.309856 0.955081 0.115124
v -0.342277 0.941394 0.103949
v -0.343197 0.948293 0.087913
v -0.319421 0.967360 0.091022
v -0.319059 0.964920 0.105185
v -0.333093 0.961706 0.088414
v -0.329885 0.946980 0.117048
v -0.335236 0.956725 0.104312
v -0.273260 0.804347 0.122648
v -0.270291 0.813346 0.120304
v -0.266496 0.818411 0.126314
v -0.261317 0.808578 0.127379
v -0.270138 0.799965 0.129528
v -0.267311 0.805165 0.139046
v -0.266452 0.817774 0.137907
v -0.276384 0.820371 0.130648
v -0.278308 0.805707 0.139053
v -0.283509 0.810859 0.130419
v -0.275939 0.815842 0.140535
v -0.273042 0.844099 0.119342
v -0.273972 0.852109 0.113787
v -0.283173 0.843490 0.115371
v -0.267552 0.853277 0.127551
v -0.282235 0.839509 0.126473
v -0.288196 0.858891 0.114166
v -0.276739 0.864121 0.118620
v -0.293441 0.846966 0.120436
v -0.276850 0.847115 0.137850
v -0.291123 0.844468 0.132807
v -0.284877 0.866199 0.129254
v -0.278938 0.861911 0.136191
v -0.295136 0.859528 0.127317
v -0.290207 0.857108 0.137110
v -0.274239 0.897159 0.105527
v -0.270920 0.890556 0.116850
v -0.289226 0.896349 0.100848
v -0.282678 0.911110 0.103692
v -0.271009 0.909551 0.114748
v -0.286706 0.880697 0.111711
v -0.312221 0.896035 0.122660
v -0.300108 0.888624 0.107696
v -0.272491 0.907270 0.133125
v -0.279590 0.883859 0.132251
v -0.302846 0.910764 0.107672
v -0.299389 0.877953 0.123693
v -0.302789 0.920631 0.119836
v -0.289238 0.925141 0.120255
v -0.296977 0.892185 0.142360
v -0.309573 0.911358 0.129005
v -0.293838 0.912695 0.141474
v -0.306899 0.901170 0.138231
v -0.296164 0.765172 0.132535
v -0.301818 0.771217 0.139851
v -0.291621 0.765996 0.141771
v -0.300959 0.753536 0.134372
v -0.306036 0.763654 0.132882
v -0.291924 0.756273 0.138367
v -0.309668 0.756741 0.140041
v -0.301704 0.766688 0.148708
v -0.301064 0.755232 0.148700
v -0.309178 0.762435 0.147240
v -0.308242 0.786621 0.146498
v -0.311875 0.793364 0.143555
v -0.320751 0.780183 0.151192
v -0.322626 0.795688 0.144361
v -0.309672 0.792909 0.156286
v -0.321434 0.787218 0.141913
v -0.312029 0.783854 0.156358
v -0.328566 0.788823 0.153434
v -0.324763 0.797208 0.152336
v -0.316826 0.798731 0.156190
v -0.321926 0.788459 0.160289
v -0.314635 0.823602 0.140621
v -0.309530 0.821762 0.150691
v -0.325652 0.821411 0.139124
v -0.311350 0.835586 0.148345
v -0.310258 0.828894 0.159185
v -0.322377 0.812704 0.148072
v -0.324354 0.835089 0.139771
v -0.319009 0.816950 0.163109
v -0.332685 0.817112 0.159209
v -0.322228 0.840338 0.154571
v -0.319496 0.832121 0.164775
v -0.336704 0.825420 0.147125
v -0.329810 0.829611 0.164185
v -0.335140 0.833093 0.154955
v -0.323246 0.812504 0.121661
v -0.334273 0.805348 0.126568
v -0.330104 0.813401 0.114643
v -0.323020 0.823089 0.118962
v -0.347095 0.808886 0.128623
v -0.321743 0.813790 0.132942
v -0.342006 0.812100 0.117769
v -0.334683 0.825419 0.114407
v -0.336061 0.833155 0.126979
v -0.338448 0.805451 0.138611
v -0.347405 0.821395 0.124571
v -0.329811 0.830184 0.136529
v -0.344474 0.829362 0.132123
v -0.348280 0.817497 0.136621
v -0.338275 0.821118 0.143823
v -0.333544 0.779058 0.129003
v -0.337928 0.787068 0.126998
v -0.329861 0.788316 0.134820
v -0.329120 0.779117 0.138322
v -0.335395 0.792221 0.137098
v -0.337928 0.772198 0.136682
v -0.347483 0.779222 0.142011
v -0.347939 0.779457 0.131664
v -0.346120 0.787249 0.132920
v -0.343797 0.789002 0.142147
v -0.339209 0.782903 0.147349
v -0.316864 0.749527 0.125915
v -0.326492 0.751895 0.121709
v -0.319980 0.758852 0.129109
v -0.326770 0.741614 0.132466
v -0.332209 0.757178 0.127411
v -0.322243 0.756446 0.139550
v -0.318733 0.745892 0.135233
v -0.336040 0.748383 0.132154
v -0.331893 0.758515 0.136686
v -0.328882 0.749599 0.141059
v -0.328056 0.818116 0.095454
v -0.328432 0.826925 0.097803
v -0.328777 0.815110 0.109037
v -0.334998 0.810191 0.095637
v -0.338628 0.819182 0.087745
v -0.334857 0.831843 0.112189
v -0.348275 0.807323 0.101143
v -0.352841 0.818037 0.101116
v -0.339904 0.829732 0.098673
v -0.337204 0.822930 0.120054
v -0.342175 0.813121 0.120357
v -0.347947 0.826629 0.118524
v -0.353197 0.824803 0.114181
v -0.353037 0.809173 0.114389
v -0.344820 0.777359 0.110357
v -0.341400 0.788548 0.107666
v -0.337286 0.785928 0.113655
v -0.353950 0.783747 0.107409
v -0.350558 0.793859 0.113065
v -0.343599 0.793183 0.120532
v -0.344226 0.782899 0.125505
v -0.347033 0.774549 0.118916
v -0.357222 0.782805 0.118452
v -0.354250 0.786502 0.123298
v -0.327541 0.755150 0.102532
v -0.332630 0.762847 0.103350
v -0.325616 0.757701 0.114370
v -0.326624 0.763238 0.110790
v -0.328624 0.748235 0.107788
v -0.337663 0.753309 0.101390
v -0.341804 0.760526 0.105688
v -0.341826 0.762472 0.115291
v -0.332337 0.750000 0.117224
v -0.338010 0.756066 0.120199
v -0.342540 0.750213 0.112004
v -0.336733 0.835683 0.071513
v -0.342323 0.832211 0.065448
v -0.346438 0.812479 0.075170
v -0.332286 0.829041 0.081445
v -0.346167 0.821699 0.064599
v -0.334300 0.819887 0.074719
v -0.353564 0.836228 0.069763
v -0.350321 0.840411 0.079262
v -0.342250 0.820824 0.091168
v -0.358193 0.821191 0.071179
v -0.343822 0.838045 0.087934
v -0.356044 0.815979 0.083458
v -0.360794 0.829432 0.082877
v -0.353897 0.822748 0.090734
v -0.326318 0.783144 0.066894
v -0.322031 0.791543 0.069388
v -0.331553 0.796205 0.066008
v -0.327244 0.798449 0.073283
v -0.331881 0.788371 0.062461
v -0.328101 0.794049 0.081835
v -0.324989 0.781710 0.076875
v -0.342960 0.791692 0.073975
v -0.333841 0.784316 0.082048
v -0.336958 0.780854 0.073575
v -0.340376 0.789059 0.079654
v -0.311429 0.776032 0.057941
v -0.310200 0.768935 0.056652
v -0.306546 0.775453 0.067618
v -0.319714 0.767555 0.056860
v -0.321157 0.776265 0.059958
v -0.315119 0.779904 0.067746
v -0.307931 0.765115 0.068500
v -0.316261 0.760452 0.062297
v -0.324830 0.767488 0.065280
v -0.323897 0.772764 0.070236
v -0.316196 0.768829 0.074674
v -0.319653 0.763239 0.070839
v -0.237717 0.007017 0.136837
v -0.251451 0.010182 0.130074
v -0.226180 0.012010 0.129356
v -0.232880 0.015284 0.153164
v -0.240297 0.013900 0.117823
v -0.222383 0.017988 0.146446
v -0.255594 0.024899 0.116617
v -0.252822 0.015019 0.149063
v -0.228044 0.021850 0.115927
v -0.242171 0.027454 0.110649
v -0.217980 0.020037 0.131286
v -0.262780 0.020988 0.133166
v -0.226115 0.034756 0.157078
v -0.247082 0.025065 0.159005
v -0.264471 0.035851 0.129112
v -0.215519 0.035756 0.141965
v -0.262240 0.035434 0.148646
v -0.252922 0.043329 0.115137
v -0.218383 0.035908 0.120777
v -0.233164 0.040047 0.111211
v -0.247651 0.044378 0.157334
v -0.260613 0.048794 0.133891
v -0.218830 0.048033 0.132373
v -0.227516 0.050100 0.151655
v -0.248459 0.056166 0.145698
v -0.248754 0.055306 0.123872
v -0.232882 0.056933 0.125112
v -0.236959 0.059177 0.137841
v -0.188178 0.061439 -0.000799
v -0.178026 0.064739 -0.017725
v -0.166196 0.067996 -0.003262
v -0.209584 0.067343 -0.005158
v -0.191823 0.066590 -0.026065
v -0.210584 0.088896 -0.038942
v -0.202484 0.073903 -0.031888
v -0.178376 0.072122 0.019927
v -0.206064 0.068945 0.011102
v -0.150507 0.087527 0.002842
v -0.162441 0.078698 0.016819
v -0.176423 0.084677 -0.042546
v -0.157619 0.101072 -0.036304
v -0.154210 0.081722 -0.019311
v -0.170439 0.100745 0.033139
v -0.196284 0.081893 0.029977
v -0.225377 0.085466 -0.015273
v -0.216113 0.113183 -0.036434
v -0.223251 0.089563 0.014328
v -0.173229 0.100368 -0.045473
v -0.152204 0.108056 0.016004
v -0.196510 0.112383 0.034895
v -0.228796 0.112308 -0.014635
v -0.194060 0.118617 -0.046394
v -0.150161 0.115462 -0.022150
v -0.146124 0.110720 -0.003934
v -0.178272 0.113584 0.033735
v -0.218340 0.114619 0.022187
v -0.209979 0.135698 -0.026285
v -0.171028 0.130739 -0.035273
v -0.226876 0.117972 0.005468
v -0.166992 0.142199 -0.014210
v -0.165281 0.127979 0.020489
v -0.221253 0.130737 -0.010173
v -0.156313 0.131115 0.003495
v -0.194052 0.132071 0.026471
v -0.190307 0.145392 -0.022499
v -0.173528 0.141320 0.010653
v -0.193540 0.142191 0.013479
v -0.210084 0.140692 0.004076
v -0.187499 0.147580 -0.002696
v -0.197925 0.449923 0.101383
v -0.187340 0.449726 0.120522
v -0.175770 0.450778 0.094635
v -0.220397 0.458880 0.114834
v -0.164499 0.454248 0.123736
v -0.191488 0.458858 0.140013
v -0.208251 0.459915 0.080752
v -0.167584 0.461607 0.076881
v -0.223465 0.468568 0.132880
v -0.215049 0.478636 0.066505
v -0.144163 0.464806 0.100534
v -0.141442 0.470086 0.122620
v -0.161190 0.464767 0.142863
v -0.209307 0.490183 0.157893
v -0.150017 0.477084 0.071065
v -0.191225 0.480781 0.160161
v -0.241231 0.490849 0.120661
v -0.230018 0.487675 0.072854
v -0.182618 0.477150 0.057486
v -0.166907 0.491479 0.161070
v -0.240656 0.486916 0.095811
v -0.125484 0.495869 0.114380
v -0.231242 0.510121 0.144113
v -0.200258 0.498013 0.049209
v -0.159723 0.496393 0.053262
v -0.132676 0.494499 0.079430
v -0.140039 0.502669 0.147600
v -0.206927 0.525305 0.159869
v -0.243216 0.520620 0.118739
v -0.226756 0.542255 0.074847
v -0.221833 0.514140 0.058397
v -0.169230 0.529614 0.160708
v -0.239906 0.517361 0.080527
v -0.236363 0.541355 0.109118
v -0.176744 0.522900 0.046357
v -0.134888 0.521484 0.071927
v -0.126119 0.529279 0.102982
v -0.137375 0.537413 0.132631
v -0.201197 0.553893 0.143301
v -0.222376 0.547519 0.133569
v -0.205352 0.532222 0.052521
v -0.153990 0.524839 0.054576
v -0.196096 0.554387 0.065330
v -0.150472 0.561205 0.113367
v -0.171023 0.561143 0.136640
v -0.219685 0.559772 0.103155
v -0.147183 0.550327 0.075074
v -0.171554 0.570579 0.105181
v -0.175894 0.551578 0.060730
v -0.164853 0.564352 0.081355
v -0.202051 0.569561 0.108077
v -0.199395 0.565105 0.079919
v -0.134559 0.815859 0.021801
v -0.125413 0.821807 0.041508
v -0.106951 0.813552 0.010305
v -0.097208 0.826363 0.043609
v -0.156565 0.834508 0.045120
v -0.160946 0.825642 0.016045
v -0.133605 0.836797 0.060181
v -0.140182 0.818617 -0.019803
v -0.110070 0.822318 -0.031713
v -0.066757 0.832451 0.018238
v -0.183144 0.844532 0.016247
v -0.165067 0.861000 0.063101
v -0.179053 0.843138 -0.024388
v -0.071771 0.828992 -0.015052
v -0.063313 0.842956 0.038406
v -0.076777 0.858090 0.063429
v -0.104927 0.859632 0.077131
v -0.135005 0.871608 0.078733
v -0.191614 0.886914 -0.045494
v -0.148809 0.848249 -0.059877
v -0.113210 0.844497 -0.061266
v -0.184760 0.874499 0.052543
v -0.088387 0.851118 -0.060217
v -0.068037 0.848259 -0.042310
v -0.041600 0.863515 -0.003155
v -0.041818 0.878617 0.034871
v -0.201495 0.882258 0.020469
v -0.201991 0.875497 -0.004088
v -0.047616 0.871436 -0.032784
v -0.060747 0.896921 0.063719
v -0.103709 0.905467 0.082948
v -0.156580 0.904355 0.076975
v -0.150040 0.889604 -0.080257
v -0.078416 0.908930 0.074917
v -0.175369 0.920461 0.060745
v -0.193184 0.909613 0.041984
v -0.110278 0.893449 -0.085265
v -0.071303 0.896867 -0.070941
v -0.036328 0.903185 -0.014979
v -0.037950 0.918166 0.026288
v -0.126937 0.919740 0.082812
v -0.202154 0.922763 -0.013249
v -0.187878 0.930559 -0.048243
v -0.199198 0.933633 0.012259
v -0.170805 0.969228 -0.034881
v -0.159054 0.936664 -0.071782
v -0.125991 0.938173 -0.081980
v -0.047276 0.924450 -0.042960
v -0.042792 0.938714 -0.007826
v -0.055442 0.959740 0.020217
v -0.065437 0.945223 0.053550
v -0.095750 0.946721 0.068492
v -0.135412 0.952718 0.067549
v -0.173165 0.955397 0.042119
v -0.185194 0.961236 -0.003736
v -0.079194 0.936939 -0.071480
v -0.131088 0.968610 -0.062870
v -0.063787 0.963339 -0.033333
v -0.062675 0.972190 -0.001748
v -0.159776 0.981221 0.012853
v -0.096618 0.972856 -0.055317
v -0.085509 0.980198 0.026645
v -0.109588 0.980978 0.038943
v -0.134953 0.985936 0.029730
v -0.127467 0.988990 -0.035654
v -0.085188 0.986207 -0.017826
v -0.105391 0.992121 0.004363
v -0.148510 0.988448 -0.010670
v -0.118576 0.994207 -0.014008
vn -0.8848 0.4346 -0.1679
vn -0.2081 0.9761 0.0621
vn -0.3642 0.7593 -0.5392
vn -0.0973 0.5540 -0.8268
vn 0.6895 0.3940 0.6078
vn 0.1039 0.7378 0.6670
vn 0.5645 0.5275 -0.6349
vn 0.9049 0.3898 0.1711
vn 0.4812 -0.3746 -0.7926
vn 0.6646 -0.7464 -0.0342
vn 0.7566 -0.5490 0.3551
vn 0.4515 -0.7455 0.4902
vn 0.1411 -0.8817 -0.4502
vn 0.0098 -0.9912 -0.1323
vn -0.4409 -0.5036 -0.7429
vn -0.2847 -0.7339 0.6167
vn 0.1733 0.1633 0.9712
vn -0.4510 0.2681 -0.8513
vn -0.9790 -0.1326 -0.1548
vn -0.1983 -0.1425 -0.9697
vn -0.5979 0.0949 0.7959
vn 0.2495 -0.5535 0.7946
vn -0.6945 0.5430 0.4720
vn -0.1903 0.9786 -0.0778
vn -0.9135 0.3559 0.1972
vn 0.7028 0.7095 0.0510
vn 0.6921 0.6889 -0.2156
vn 0.4639 0.8767 0.1273
vn 0.4990 -0.8665 -0.0144
vn 0.8244 -0.3922 -0.4081
vn 0.8532 -0.3519 -0.3850
vn 0.1001 -0.3577 -0.9284
vn 0.1416 0.0884 -0.9860
vn 0.6661 -0.1355 -0.7335
vn 0.2693 -0.6833 -0.6786
vn 0.1125 0.4013 -0.9090
vn 0.3555 -0.9346 0.0125
vn -0.9736 -0.2159 -0.0742
vn -0.4835 -0.8076 -0.3378
vn -0.8260 -0.4712 0.3093
vn -0.3633 -0.8850 0.2913
vn -0.7878 -0.4697 0.3985
vn -0.9724 -0.1654 0.1647
vn -0.7085 -0.3961 0.5841
vn -0.8865 0.0413 -0.4610
vn -0.9444 0.2807 -0.1712
vn -0.3401 -0.8824 0.3250
vn 0.1441 -0.2987 0.9434
vn -0.2092 -0.3812 0.9005
vn 0.2662 -0.4794 0.8363
vn 0.5093 -0.7349 0.4478
vn -0.0104 -0.9553 0.2953
vn 0.3736 0.2132 0.9027
vn 0.3629 0.1746 0.9153
vn 0.1758 0.7993 0.5746
vn -0.0304 0.5003 0.8653
vn -0.3173 0.6389 -0.7008
vn -0.7662 0.5094 -0.3917
vn -0.5107 0.1067 -0.8531
vn 0.3794 -0.9130 -0.1502
vn 0.6198 -0.6303 -0.4676
vn 0.8810 -0.4708 -0.0463
vn 0.9172 0.3351 -0.2156
vn 0.9960 0.0798 0.0392
vn 0.7898 0.3074 0.5308
vn 0.1841 -0.9426 -0.2786
vn 0.9348 0.1365 -0.3280
vn -0.0978 -0.9799 -0.1741
vn -0.3519 -0.9309 -0.0981
vn -0.8665 -0.2977 0.4007
vn -0.9130 -0.4038 0.0587
vn -0.7282 -0.6762 0.1117
vn -0.5854 0.1787 0.7908
vn -0.8472 0.4346 0.3055
vn -0.8207 0.3507 0.4511
vn 0.0770 0.9028 0.4232
vn 0.4832 0.6743 0.5584
vn 0.0959 0.9743 0.2041
vn 0.1778 0.9522 -0.2485
vn 0.4569 0.5297 -0.7146
vn 0.6707 0.5662 -0.4791
vn 0.7625 0.6344 -0.1267
vn 0.1777 0.9841 0.0065
vn 0.7392 0.1495 0.6567
vn -0.1836 0.7380 0.6493
vn -0.9136 0.4049 -0.0363
vn -0.3239 0.8510 -0.4134
vn -0.4965 0.2653 -0.8265
vn -0.6702 -0.7362 -0.0934
vn -0.7633 -0.5869 0.2701
vn -0.4817 -0.6822 0.5501
vn -0.0454 -0.9864 0.1580
vn 0.5725 -0.6826 -0.4542
vn -0.0370 -0.8984 -0.4375
vn 0.6714 -0.7264 0.1468
vn 0.9892 -0.1451 -0.0216
vn 0.0616 -0.6373 0.7681
vn 0.9662 0.2217 -0.1315
vn -0.7529 0.3677 0.5458
vn -0.3362 0.1042 0.9360
vn 0.2240 -0.4008 -0.8884
vn -0.3212 -0.4330 -0.8422
vn 0.4529 -0.2479 -0.8564
vn 0.3734 0.1584 0.9140
vn 0.2843 0.6354 -0.7180
vn -0.5946 -0.7332 -0.3300
vn -0.7880 -0.2142 -0.5772
vn -0.5443 -0.7428 -0.3900
vn -0.5039 -0.0734 -0.8606
vn 0.0164 0.0770 -0.9969
vn -0.0761 -0.4772 -0.8755
vn -0.4469 0.3967 -0.8018
vn -0.8126 0.0202 -0.5824
vn -0.7123 0.3666 -0.5985
vn 0.0833 -0.9504 0.2997
vn 0.3269 -0.7767 0.5384
vn 0.0430 -0.9865 0.1582
vn 0.3785 -0.7979 0.4691
vn 0.9476 -0.3072 -0.0876
vn 0.5210 -0.8505 -0.0724
vn 0.5834 -0.3403 -0.7375
vn 0.7442 -0.4188 0.5204
vn 0.1157 -0.9324 -0.3425
vn 0.9488 -0.2529 0.1895
vn 0.8343 0.4420 -0.3296
vn 0.8170 0.4998 0.2876
vn 0.9377 -0.0178 -0.3470
vn 0.9986 0.0431 -0.0307
vn 0.9183 -0.1903 0.3470
vn -0.2949 -0.2449 0.9236
vn -0.4583 0.1647 0.8734
vn -0.3137 -0.6759 0.6669
vn -0.0573 0.4955 0.8667
vn 0.1448 -0.4475 0.8825
vn 0.5558 0.2588 0.7900
vn -0.2276 0.7819 0.5804
vn 0.6030 0.0988 -0.7916
vn -0.0171 0.4885 -0.8724
vn -0.5559 -0.7234 0.4094
vn -0.7270 -0.6507 -0.2191
vn -0.0938 -0.9894 -0.1107
vn -0.5572 -0.6498 -0.5170
vn -0.9129 0.2926 -0.2845
vn -0.9626 -0.1352 0.2348
vn -0.8185 -0.2342 -0.5245
vn -0.8908 0.1704 -0.4212
vn -0.0520 -0.9649 -0.2575
vn -0.7516 0.6533 -0.0910
vn -0.5650 0.8083 0.1654
vn -0.4990 0.8642 0.0650
vn 0.2857 -0.9579 -0.0295
vn 0.5133 -0.8454 -0.1479
vn 0.7407 -0.4496 0.4992
vn 0.6890 -0.7184 0.0958
vn 0.6682 -0.7296 0.1454
vn 0.9072 -0.3834 0.1731
vn 0.8279 -0.3587 0.4312
vn 0.1176 -0.8278 0.5486
vn 0.7920 0.4367 0.4266
vn 0.7273 0.3480 0.5916
vn 0.1999 0.9328 0.2999
vn -0.1514 0.9058 0.3958
vn -0.1632 0.9692 0.1844
vn -0.8025 0.3632 0.4733
vn -0.6066 0.7489 -0.2667
vn -0.1934 0.9656 -0.1741
vn -0.2524 0.8116 -0.5269
vn 0.5126 0.5550 -0.6551
vn 0.1358 0.9658 -0.2207
vn -0.4986 0.2741 0.8224
vn -0.8676 -0.1164 -0.4834
vn -0.8502 0.1106 -0.5146
vn -0.4031 0.2397 -0.8832
vn 0.9739 -0.1456 -0.1741
vn 0.9031 0.2713 -0.3329
vn 0.9795 0.0418 0.1971
vn -0.7401 0.3743 -0.5587
vn 0.4378 -0.4637 0.7703
vn 0.8732 -0.3175 0.3696
vn 0.3267 -0.3780 0.8663
vn 0.7992 0.0469 0.5993
vn 0.3268 0.0827 0.9415
vn 0.8090 0.2725 -0.5208
vn 0.6764 0.0910 -0.7308
vn 0.9751 -0.0063 -0.2218
vn 0.7020 -0.2024 0.6828
vn 0.3247 -0.2053 0.9233
vn -0.3573 -0.0660 0.9317
vn -0.9778 0.1536 0.1422
vn -0.9852 0.1713 0.0001
vn -0.5079 -0.0783 0.8579
vn -0.6235 -0.4740 0.6217
vn -0.4150 -0.3159 0.8532
vn 0.2655 -0.3899 0.8818
vn 0.7854 0.1915 -0.5887
vn 0.7615 -0.5373 -0.3625
vn 0.4727 -0.4618 -0.7505
vn -0.9467 -0.2305 0.2250
vn -0.9149 -0.0653 0.3984
vn -0.9165 0.0586 0.3957
vn -0.9971 -0.0672 -0.0348
vn -0.9620 -0.2680 0.0526
vn -0.9767 -0.1258 0.1740
vn -0.9926 0.0687 -0.1000
vn -0.4097 0.8561 0.3149
vn -0.8096 0.2035 -0.5506
vn -0.8228 -0.0420 -0.5668
vn -0.5669 0.8107 -0.1459
vn -0.0375 0.4821 0.8753
vn -0.4974 -0.2495 0.8308
vn -0.4610 -0.3952 0.7945
vn -0.1219 0.0848 0.9889
vn -0.2671 -0.6578 0.7043
vn 0.8194 -0.2118 0.5326
vn 0.8069 -0.0951 0.5830
vn 0.9953 0.0589 0.0762
vn 0.8638 -0.3056 0.4007
vn 0.9894 0.0927 0.1121
vn 0.9015 -0.4233 0.0898
vn 0.5482 0.5993 0.5834
vn 0.7518 0.5596 0.3488
vn 0.9563 -0.2063 -0.2072
vn 0.8278 0.5519 -0.1009
vn 0.5475 0.8343 -0.0645
vn 0.6624 0.1604 -0.7318
vn 0.6904 0.4221 -0.5875
vn 0.2658 0.0030 -0.9640
vn -0.0314 0.3027 -0.9526
vn 0.1875 0.4373 -0.8796
vn -0.3392 -0.0245 -0.9404
vn -0.7843 0.2970 -0.5446
vn -0.2457 -0.4448 -0.8613
vn -0.6541 -0.3694 -0.6601
vn -0.2828 0.5368 -0.7949
vn -0.0758 0.2877 -0.9547
vn 0.1205 0.8909 -0.4379
vn 0.5097 0.5962 -0.6202
vn -0.0692 0.7621 -0.6438
vn 0.4776 0.7845 0.3955
vn 0.4603 0.8860 -0.0568
vn -0.2924 0.8079 -0.5117
vn 0.0269 0.8218 -0.5692
vn 0.0189 0.9606 0.2773
vn 0.1781 0.8164 0.5494
vn -0.0256 0.8379 0.5452
vn -0.1074 0.8745 -0.4730
vn 0.2842 0.9376 0.2005
vn -0.3128 0.7126 0.6280
vn 0.2249 -0.9675 0.1153
vn 0.5865 -0.6553 0.4760
vn -0.7394 -0.6594 -0.1360
vn -0.3061 -0.9444 0.1201
vn -0.6323 -0.7143 0.3000
vn 0.1987 -0.9571 -0.2109
vn 0.1591 -0.9841 0.0786
vn 0.2710 -0.4017 -0.8748
vn 0.7835 -0.1135 0.6109
vn 0.9967 -0.0656 0.0487
vn 0.4875 0.8459 0.2161
vn 0.8043 -0.3430 0.4851
vn 0.8368 0.3416 -0.4279
vn 0.0680 0.7910 -0.6080
vn 0.4044 0.8856 -0.2286
vn -0.8949 -0.4345 0.1018
vn -0.5888 -0.7090 0.3881
vn -0.7301 -0.2377 0.6407
vn -0.7873 -0.3727 -0.4912
vn -0.7394 0.2210 -0.6360
vn -0.4360 -0.5396 -0.7202
vn -0.8570 0.3746 -0.3539
vn -0.9355 0.2950 0.1946
vn -0.6078 0.7818 0.1392
vn 0.1748 0.7420 0.6472
vn 0.9069 -0.2840 0.3111
vn 0.9433 -0.2473 0.2213
vn 0.9772 0.2024 0.0642
vn 0.9887 0.1328 0.0697
vn 0.8879 0.1071 0.4475
vn 0.9884 0.1455 0.0424
vn 0.8306 0.2423 -0.5014
vn 0.8070 0.3415 -0.4817
vn 0.9920 -0.1258 0.0101
vn 0.8484 0.0311 -0.5284
vn 0.9039 -0.0414 -0.4256
vn 0.1882 -0.5101 0.8393
vn 0.0577 -0.4357 0.8982
vn 0.3803 -0.4295 0.8191
vn -0.1563 0.3388 0.9278
vn -0.3612 -0.5403 0.7600
vn -0.2864 -0.5072 0.8129
vn 0.3298 -0.0775 0.9409
vn -0.4353 -0.2550 0.8634
vn 0.1574 -0.6759 0.7200
vn -0.4396 0.1360 0.8878
vn -0.3610 -0.2779 0.8902
vn -0.7688 -0.3580 0.5299
vn -0.8616 -0.1413 0.4876
vn -0.9906 -0.1294 0.0441
vn -0.9909 0.1346 -0.0086
vn -0.9993 0.0347 0.0125
vn -0.9038 -0.2397 0.3545
vn -0.9831 -0.0737 -0.1675
vn -0.9068 -0.3724 0.1973
vn -0.8994 -0.1002 -0.4256
vn -0.7926 0.2116 -0.5718
vn -0.6360 0.4514 -0.6259
vn -0.5329 0.7772 -0.3347
vn -0.6069 0.2033 -0.7683
vn -0.1943 0.0568 -0.9793
vn -0.0064 0.1961 -0.9806
vn 0.0802 0.4229 -0.9026
vn -0.0796 0.3247 -0.9425
vn -0.1270 0.6640 -0.7369
vn -0.4804 0.3855 -0.7877
vn 0.3295 0.1465 -0.9327
vn 0.5282 0.0712 -0.8461
vn 0.7369 -0.3423 -0.5830
vn 0.4153 -0.3810 -0.8261
vn 0.4537 0.3155 -0.8334
vn 0.2343 0.6362 -0.7351
vn 0.1440 0.8827 -0.4472
vn 0.2148 0.4447 -0.8696
vn 0.9227 -0.0473 0.3826
vn -0.5785 0.5829 0.5705
vn -0.7236 0.4802 0.4958
vn -0.1835 0.9190 0.3490
vn -0.4590 0.8829 -0.0989
vn -0.1028 0.8984 -0.4270
vn -0.1926 0.9595 0.2057
vn -0.4884 -0.8721 -0.0308
vn 0.0119 -0.9252 -0.3793
vn -0.1450 -0.9888 0.0342
vn -0.2235 -0.9724 0.0669
vn 0.6120 -0.6728 0.4157
vn -0.4745 0.8759 0.0875
vn 0.6988 -0.6953 0.1681
vn 0.7630 -0.6046 -0.2287
vn -0.6422 -0.1110 0.7584
vn -0.6999 -0.0743 0.7103
vn -0.1685 0.1416 0.9755
vn 0.4276 -0.1595 0.8898
vn 0.8519 -0.1245 0.5087
vn 0.9769 -0.1345 0.1659
vn 0.6141 0.0804 0.7852
vn 0.8697 -0.1901 -0.4554
vn 0.9952 0.0071 0.0973
vn 0.6120 0.3690 0.6995
vn 0.9818 0.1864 -0.0370
vn 0.9912 -0.1324 0.0018
vn -0.5107 -0.3126 -0.8009
vn 0.2456 -0.3024 -0.9210
vn -0.3891 -0.4603 -0.7980
vn -0.5677 0.0340 -0.8225
vn -0.9016 -0.2350 0.3631
vn 0.3761 -0.1928 0.9063
vn -0.7887 -0.4964 -0.3626
vn -0.9924 0.1200 -0.0278
vn -0.6838 -0.1960 -0.7028
vn -0.6178 -0.2174 0.7557
vn -0.4791 0.1803 0.8591
vn -0.9339 0.1423 0.3279
vn -0.6531 0.2885 0.7002
vn -0.9848 -0.1638 0.0569
vn -0.8898 -0.4553 -0.0322
vn -0.9314 0.2080 0.2988
vn -0.9697 0.2337 -0.0705
vn -0.9817 -0.1477 0.1199
vn -0.6607 0.0822 0.7462
vn -0.9483 -0.2919 0.1247
vn 0.3361 -0.6696 0.6623
vn 0.4497 0.2890 0.8451
vn 0.3424 0.4881 0.8028
vn 0.3724 0.2088 0.9043
vn 0.1584 0.2528 0.9545
vn 0.0384 0.6070 0.7937
vn 0.3692 0.8490 0.3781
vn 0.8717 0.2920 0.3935
vn 0.4696 0.8825 0.0276
vn 0.9205 0.2563 0.2950
vn 0.9896 0.0856 -0.1160
vn 0.9853 0.1453 -0.0904
vn 0.6791 0.6318 -0.3737
vn 0.8322 0.0892 -0.5472
vn 0.4142 -0.3753 -0.8292
vn 0.8465 -0.0683 -0.5280
vn 0.3735 0.3774 -0.8474
vn 0.2303 -0.1162 -0.9662
vn -0.6644 -0.4291 -0.6120
vn -0.6894 -0.2217 -0.6896
vn -0.2809 -0.4280 -0.8590
vn -0.6102 -0.6111 -0.5042
vn -0.8061 -0.4201 -0.4167
vn -0.6226 -0.1700 -0.7638
vn -0.8322 0.2762 -0.4808
vn -0.9776 -0.0780 -0.1956
vn -0.9972 0.0665 -0.0343
vn -0.3460 -0.6432 0.6831
vn 0.3834 -0.5092 -0.7706
vn 0.9096 -0.4093 0.0709
vn 0.3387 -0.9405 0.0275
vn 0.0560 -0.8721 -0.4861
vn -0.2530 -0.9469 0.1982
vn 0.8192 -0.4613 0.3406
vn 0.1499 -0.9877 -0.0446
vn 0.4032 -0.8891 0.2167
vn -0.0539 0.8199 -0.5700
vn -0.3528 0.6811 -0.6416
vn 0.0928 0.1812 -0.9791
vn -0.8423 0.4765 -0.2521
vn -0.6685 0.4693 -0.5770
vn -0.6652 0.4743 0.5767
vn -0.8564 0.5144 0.0439
vn -0.4266 0.8232 0.3747
vn -0.7198 0.6920 -0.0544
vn -0.2888 0.8961 0.3371
vn -0.0775 0.9841 -0.1601
vn -0.5740 0.7823 -0.2420
vn -0.7203 0.6281 -0.2945
vn -0.6874 0.7024 -0.1848
vn 0.4528 -0.8895 0.0615
vn -0.1578 -0.9534 -0.2571
vn -0.1173 -0.9893 0.0863
vn 0.0895 -0.9624 -0.2565
vn -0.1084 -0.9205 0.3754
vn 0.6255 -0.4694 0.6232
vn 0.0097 -0.9999 0.0032
vn 0.1279 -0.9517 -0.2791
vn 0.4792 -0.8773 -0.0274
vn -0.2600 -0.9219 -0.2871
vn 0.1658 -0.9738 0.1558
vn -0.0761 -0.9971 0.0043
vn 0.1975 -0.9244 -0.3263
vn 0.5797 -0.0100 0.8148
vn 0.5708 -0.1507 0.8071
vn 0.0069 0.1608 0.9870
vn -0.7818 -0.2126 -0.5861
vn -0.9786 -0.1274 -0.1616
vn -0.9995 -0.0102 -0.0282
vn -0.3643 0.8723 0.3260
vn -0.9800 0.1633 -0.1141
vn -0.6808 0.4071 0.6090
vn -0.8558 0.0007 -0.5173
vn -0.9259 0.2798 -0.2537
vn -0.4892 0.7189 -0.4938
vn 0.5667 -0.4736 -0.6742
vn 0.7729 -0.3486 -0.5302
vn 0.4149 -0.4401 -0.7964
vn -0.0357 0.0311 -0.9989
vn 0.6473 0.4081 -0.6438
vn 0.7257 0.1701 -0.6666
vn 0.8782 -0.4280 -0.2132
vn 0.9151 -0.2150 -0.3412
vn 0.9147 -0.2538 0.3143
vn -0.5543 -0.0336 0.8316
vn -0.6193 -0.0823 0.7809
vn -0.9465 -0.1054 0.3051
vn 0.4005 -0.2393 -0.8845
vn 0.7709 -0.3492 -0.5327
vn -0.2687 -0.3625 -0.8924
vn -0.0508 -0.1627 -0.9854
vn -0.2021 -0.3684 -0.9074
vn 0.9936 0.0301 0.1090
vn 0.9839 0.1153 0.1363
vn 0.9473 -0.1892 0.2585
vn 0.8819 -0.3243 0.3423
vn 0.9489 0.0198 0.3151
vn 0.4576 0.3013 0.8366
vn 0.9623 -0.2170 0.1637
vn -0.1172 0.1969 0.9734
vn -0.5146 0.3524 0.7817
vn 0.5531 0.2919 0.7803
vn -0.3208 0.1521 0.9348
vn -0.6391 0.2691 0.7205
vn 0.1636 0.5229 0.8365
vn 0.1301 0.8549 0.5022
vn -0.9002 0.3206 0.2948
vn -0.9587 0.1440 -0.2454
vn -0.8604 -0.4665 0.2052
vn -0.9512 -0.0777 0.2986
vn -0.9113 0.3611 0.1980
vn -0.9457 0.1444 -0.2912
vn -0.9508 0.1230 0.2845
vn -0.4200 0.9068 0.0356
vn -0.6951 0.0667 -0.7158
vn -0.7932 -0.1506 -0.5900
vn -0.7259 -0.0639 -0.6848
vn -0.1944 0.4063 -0.8928
vn -0.7050 -0.2996 -0.6428
vn -0.0941 -0.2877 -0.9531
vn 0.8856 -0.4117 -0.2150
vn 0.9614 0.2750 0.0096
vn 0.9055 0.1424 -0.3998
vn -0.6010 0.3092 0.7370
vn -0.7249 -0.1639 0.6691
vn -0.4622 -0.4536 0.7620
vn 0.4837 -0.8430 -0.2353
vn -0.6136 -0.7502 0.2464
vn -0.2101 -0.9423 0.2606
vn 0.2680 -0.6396 0.7205
vn 0.2176 -0.9656 0.1423
vn -0.0734 -0.9909 -0.1128
vn 0.4400 -0.7882 -0.4302
vn 0.2469 -0.9545 -0.1669
vn 0.5773 -0.8147 -0.0555
vn -0.0235 -0.9648 -0.2621
vn -0.0226 -0.8958 0.4438
vn -0.4184 -0.8427 0.3389
vn -0.6453 -0.7632 -0.0328
vn -0.8991 -0.4319 -0.0711
vn -0.2029 -0.9787 -0.0300
vn 0.1127 0.7420 -0.6608
vn 0.8477 0.5183 0.1132
vn 0.6933 0.6223 0.3635
vn 0.8662 0.2847 0.4107
vn 0.1319 0.9781 -0.1607
vn 0.8533 0.4990 -0.1517
vn 0.5841 0.7831 -0.2134
vn 0.7332 0.6792 -0.0347
vn 0.6833 0.7263 -0.0752
vn 0.7581 0.6235 -0.1912
vn -0.4621 -0.8862 -0.0329
vn -0.1904 -0.9603 -0.2038
vn -0.5419 -0.8388 0.0532
vn 0.0144 -0.8993 -0.4371
vn 0.1088 -0.9921 -0.0626
vn -0.4113 -0.9114 0.0127
vn 0.0015 -0.9938 -0.1109
vn 0.2861 0.6220 0.7289
vn -0.1065 0.8864 0.4504
vn -0.3137 0.9413 0.1245
vn 0.1980 0.6148 0.7634
vn -0.2423 0.9651 0.0996
vn 0.5813 0.7641 0.2798
vn 0.4626 -0.8790 0.1158
vn 0.8414 -0.4642 -0.2767
vn 0.8823 -0.4697 -0.0298
vn -0.3389 -0.3291 0.8814
vn 0.3518 -0.6574 0.6664
vn 0.2787 -0.3473 0.8954
vn -0.4965 -0.7761 0.3889
vn -0.0118 -0.9666 0.2559
vn 0.6013 -0.7082 0.3699
vn 0.9200 0.0037 -0.3919
vn 0.9294 -0.2180 0.2979
vn 0.7461 -0.6657 0.0099
vn 0.6045 -0.6674 0.4349
vn 0.7165 -0.3692 0.5919
vn 0.5438 -0.0580 0.8372
vn 0.5993 -0.7866 -0.1489
vn 0.1050 -0.9267 -0.3609
vn 0.1087 -0.7256 -0.6795
vn 0.9121 0.2365 -0.3349
vn 0.7581 0.5483 0.3531
vn 0.7900 -0.0326 -0.6122
vn 0.9041 -0.3758 0.2034
vn 0.7960 -0.5840 -0.1592
vn 0.1033 0.3924 0.9140
vn -0.0079 0.1075 0.9942
vn 0.3298 -0.2423 0.9124
vn 0.4820 -0.1985 -0.8534
vn 0.7981 -0.3570 -0.4854
vn 0.0528 -0.4287 -0.9019
vn 0.7322 -0.6702 -0.1215
vn 0.7284 -0.5132 0.4539
vn 0.8396 -0.5218 0.1509
vn 0.5141 -0.6493 -0.5604
vn 0.3507 0.6616 -0.6628
vn -0.2509 0.9677 0.0229
vn 0.3003 0.8411 -0.4498
vn -0.1845 -0.8340 -0.5200
vn 0.7493 0.0913 0.6559
vn 0.5047 0.1264 -0.8540
vn -0.3537 -0.1290 0.9264
vn -0.0787 0.9729 -0.2174
vn 0.6828 -0.7020 0.2025
vn 0.3099 -0.9499 0.0402
vn 0.7684 -0.6246 0.1397
vn 0.0310 0.9874 0.1552
vn -0.3564 0.8971 0.2613
vn -0.0092 0.9419 0.3359
vn -0.3675 0.6282 0.6858
vn 0.3411 0.9375 0.0688
vn 0.8793 -0.1463 -0.4531
vn -0.1950 0.5936 0.7807
vn -0.3120 0.8395 -0.4449
vn 0.2048 0.9723 0.1130
vn 0.1618 0.9191 -0.3591
vn -0.5752 -0.6092 0.5460
vn -0.9635 -0.2653 -0.0349
vn -0.7015 -0.7093 -0.0686
vn -0.7914 -0.1656 -0.5884
vn -0.7720 -0.4694 -0.4285
vn -0.9166 -0.0626 -0.3948
vn -0.9879 0.1281 0.0870
vn -0.8055 -0.5669 -0.1727
vn -0.7912 -0.6106 0.0352
vn -0.5016 -0.7497 -0.4316
vn -0.3827 -0.8968 -0.2220
vn -0.1741 0.3833 0.9071
vn -0.5951 0.6534 0.4679
vn -0.4013 0.9088 0.1145
vn -0.5293 0.8318 -0.1672
vn -0.9031 0.2351 -0.3592
vn -0.8909 -0.1818 0.4161
vn 0.0174 0.4738 -0.8804
vn -0.4993 -0.1330 -0.8561
vn -0.2601 0.4427 -0.8581
vn -0.6161 0.1838 -0.7659
vn -0.4673 -0.4560 -0.7574
vn -0.1472 -0.5410 -0.8280
vn -0.0119 -0.1554 -0.9878
vn 0.0242 0.1256 -0.9918
vn -0.5922 -0.7480 0.2995
vn -0.1134 -0.9721 -0.2051
vn -0.6317 -0.1408 0.7623
vn 0.1456 0.9708 -0.1908
vn -0.7005 -0.3871 0.5996
vn -0.8718 -0.4899 -0.0047
vn -0.7965 -0.5992 0.0808
vn -0.5962 -0.7787 0.1953
vn -0.7187 -0.6952 -0.0066
vn 0.4051 0.8780 0.2549
vn 0.6595 0.1384 0.7389
vn 0.3276 0.3539 0.8760
vn 0.6538 -0.5578 0.5113
vn 0.1831 0.8441 0.5040
vn -0.2552 0.9659 0.0441
vn -0.0092 0.8841 0.4672
vn 0.9597 -0.0585 -0.2750
vn 0.9567 -0.2605 0.1299
vn 0.7787 -0.5108 -0.3643
vn 0.0123 0.8278 -0.5609
vn 0.3410 0.4571 -0.8214
vn 0.4034 -0.4430 -0.8007
vn -0.0170 0.6197 0.7846
vn 0.8154 0.5518 -0.1750
vn 0.0473 0.9937 -0.1018
vn 0.6636 0.6175 0.4223
vn 0.6747 -0.3924 -0.6251
vn 0.3855 0.6452 -0.6597
vn 0.7600 0.5083 -0.4051
vn -0.1166 0.9932 0.0044
vn -0.2898 0.9570 -0.0081
vn 0.0342 -0.9883 0.1483
vn 0.1007 -0.9949 -0.0029
vn -0.1319 -0.9904 -0.0407
vn 0.0255 -0.9847 -0.1725
vn 0.8944 -0.2634 0.3615
vn 0.4457 0.5583 0.6997
vn 0.3145 -0.6668 0.6756
vn 0.2178 -0.9503 -0.2223
vn -0.0669 -0.9643 0.2561
vn -0.2002 -0.9606 -0.1928
vn 0.1881 -0.9582 -0.2155
vn 0.6521 -0.7572 -0.0363
vn 0.0382 -0.9809 -0.1905
vn -0.3446 -0.3966 -0.8509
vn 0.4345 -0.8649 -0.2512
vn 0.0465 -0.9428 -0.3300
vn -0.1941 0.9808 -0.0195
vn 0.1210 0.9926 -0.0114
vn 0.0703 0.9812 0.1798
vn -0.4350 0.9002 -0.0188
vn -0.6900 -0.5341 0.4885
vn -0.4099 0.1481 0.9000
vn -0.5309 0.5302 0.6611
vn -0.1612 0.4446 0.8811
vn -0.6638 -0.4216 -0.6177
vn -0.2807 0.6501 -0.7061
vn 0.0150 0.8935 0.4488
vn -0.8931 -0.3738 0.2504
vn -0.9510 -0.0824 -0.2981
vn -0.7662 -0.5802 -0.2762
vn -0.9925 0.0438 0.1143
vn -0.8098 0.3719 -0.4538
vn -0.5683 0.4783 -0.6695
vn 0.1720 0.9851 -0.0070
vn 0.0490 0.8118 -0.5819
vn 0.2349 0.9422 -0.2390
vn -0.0346 -0.5826 0.8120
vn -0.2714 -0.9548 -0.1216
vn -0.6267 0.6758 0.3881
vn -0.7905 -0.5454 0.2787
vn -0.1022 0.8407 0.5318
vn -0.2030 0.6059 -0.7692
vn -0.4268 -0.6286 0.6502
vn 0.0095 0.9645 -0.2641
vn -0.1459 -0.9828 0.1134
vn -0.4567 -0.8795 -0.1335
vn -0.3875 -0.9138 -0.1220
vn -0.0995 -0.9800 -0.1725
vn -0.1265 -0.9334 -0.3359
vn 0.3945 0.9182 -0.0353
vn 0.2715 0.9608 0.0565
vn 0.3852 0.9115 0.1445
vn 0.5788 -0.5422 -0.6091
vn 0.1969 -0.8872 0.4172
vn 0.2905 -0.7882 -0.5425
vn 0.5194 0.4249 -0.7414
vn 0.0197 0.7100 -0.7039
vn 0.8749 -0.0678 -0.4796
vn 0.3877 -0.3214 -0.8639
vn 0.0272 0.2721 -0.9619
vn 0.2936 0.0450 -0.9549
vn 0.2718 0.8559 -0.4399
vn 0.1845 -0.1353 -0.9735
vn 0.0272 -0.1256 -0.9917
vn 0.1966 -0.1496 -0.9690
vn 0.5776 -0.7841 0.2273
vn -0.2294 0.3260 0.9171
vn -0.1026 0.0998 0.9897
vn -0.0134 0.4464 0.8947
vn -0.0325 0.0939 0.9951
vn -0.0558 -0.1591 0.9857
vn 0.4540 0.8393 0.2991
vn 0.5011 0.5796 0.6426
vn 0.8301 -0.3909 0.3976
vn 0.9762 -0.0701 -0.2054
vn 0.9154 -0.3152 -0.2503
vn 0.3166 -0.9159 -0.2467
vn 0.6454 -0.7570 -0.1019
vn -0.0040 -0.9706 -0.2408
vn 0.3939 -0.8653 0.3099
vn 0.9894 -0.0937 -0.1112
vn 0.9736 -0.2189 0.0652
vn 0.9242 -0.2911 -0.2471
vn -0.1479 0.5314 -0.8341
vn -0.2087 0.4906 -0.8460
vn -0.0609 0.1924 -0.9794
vn -0.1030 0.0472 -0.9936
vn 0.8539 -0.5013 0.1401
vn 0.9314 -0.3568 0.0721
vn 0.9096 -0.3280 -0.2550
vn -0.0183 -0.9117 0.4104
vn -0.0449 -0.9060 -0.4210
vn 0.2807 -0.9130 -0.2961
vn 0.2236 -0.9373 -0.2673
vn 0.5120 -0.8133 -0.2764
vn -0.0347 -0.9678 -0.2491
vn 0.1699 -0.9746 0.1461
vn -0.0377 -0.8050 0.5920
vn 0.1176 -0.7556 0.6444
vn 0.2080 -0.8683 0.4503
vn 0.4614 0.4336 0.7740
vn 0.7142 -0.1773 0.6771
vn 0.8360 -0.0293 0.5479
vn 0.8119 0.1678 0.5592
vn 0.7203 -0.5334 -0.4434
vn 0.7337 -0.5568 -0.3894
vn 0.5560 -0.4463 -0.7011
vn -0.1962 0.6158 0.7631
vn 0.1105 0.5087 0.8538
vn -0.1289 0.7165 0.6855
vn -0.0400 0.7632 0.6450
vn 0.0426 0.9434 0.3289
vn 0.0970 0.9075 0.4086
vn 0.2336 0.9666 -0.1059
vn 0.3723 0.7909 0.4857
vn 0.0025 0.7117 0.7025
vn 0.3019 0.8627 0.4056
vn -0.1048 0.5371 0.8370
vn -0.0232 0.6907 0.7227
vn 0.1198 0.7715 0.6248
vn 0.0352 0.9644 -0.2620
vn 0.9834 -0.1563 0.0923
vn 0.9316 -0.2356 0.2769
vn -0.0108 -0.2645 -0.9643
vn 0.2690 0.4300 -0.8618
vn 0.1668 0.6498 -0.7416
vn -0.1378 0.7929 -0.5935
vn 0.0920 0.4543 -0.8861
vn 0.2863 0.9581 -0.0106
vn -0.0627 0.8909 0.4499
vn 0.0957 0.7820 0.6159
vn 0.0030 0.9621 0.2727
vn 0.0227 0.9138 -0.4055
vn 0.2258 0.7180 -0.6584
vn 0.0481 0.8658 -0.4981
vn 0.0238 -0.6165 -0.7870
vn -0.0149 -0.9743 -0.2248
vn 0.0388 -0.9875 0.1530
vn 0.8105 -0.5799 -0.0818
vn 0.4918 -0.8001 0.3435
vn 0.7675 -0.6411 0.0030
vn 0.8580 -0.5111 0.0504
vn 0.6872 -0.3032 -0.6602
vn 0.6723 -0.3504 -0.6521
vn 0.8185 -0.5430 -0.1879
vn -0.0794 -0.9680 -0.2383
vn 0.1458 0.2328 0.9615
vn -0.0154 -0.1396 0.9901
vn 0.4786 -0.5281 0.7014
vn 0.6363 -0.5188 0.5709
vn 0.3169 -0.7589 0.5689
vn 0.2030 -0.8841 0.4210
vn -0.0805 -0.3569 0.9307
vn 0.7074 -0.7040 0.0635
vn 0.6268 -0.7745 0.0851
vn 0.1227 -0.9363 0.3292
vn 0.3381 -0.9411 0.0092
vn 0.4775 -0.8444 -0.2427
vn 0.4975 -0.8492 -0.1768
vn 0.3909 -0.8808 0.2672
vn 0.2085 -0.1314 -0.9691
vn -0.0214 -0.1140 -0.9933
vn 0.0489 0.4118 0.9100
vn -0.1522 -0.7574 0.6350
vn -0.0377 -0.6021 0.7975
vn -0.1390 -0.8988 0.4157
vn -0.2700 -0.6900 -0.6716
vn -0.6447 -0.7598 0.0837
vn -0.7819 -0.6152 -0.1007
vn -0.5742 -0.7905 0.2133
vn -0.4283 0.1115 -0.8967
vn -0.9774 0.0536 -0.2044
vn -0.2188 0.6741 -0.7055
vn 0.0617 0.2520 -0.9658
vn -0.2497 -0.2825 -0.9262
vn 0.3243 0.3025 -0.8963
vn 0.2133 -0.2322 -0.9490
vn -0.4955 -0.5166 -0.6983
vn -0.4184 -0.8609 0.2896
vn -0.7567 -0.6530 -0.0317
vn -0.4662 0.2446 0.8502
vn -0.8486 -0.2162 0.4828
vn -0.6567 -0.5091 0.5564
vn -0.3138 0.8579 -0.4068
vn -0.2187 0.9730 0.0742
vn -0.2613 0.9641 -0.0467
vn -0.5493 -0.8189 -0.1663
vn -0.2371 -0.9702 -0.0506
vn -0.1596 -0.9681 -0.1930
vn -0.0967 -0.9732 -0.2088
vn -0.4450 -0.2527 -0.8591
vn -0.4313 -0.7857 0.4434
vn -0.9600 -0.1126 -0.2563
vn 0.2668 -0.9638 -0.0014
vn -0.9863 -0.1307 -0.1003
vn -0.8169 -0.2867 -0.5005
vn 0.2441 0.0926 -0.9653
vn -0.9575 0.0571 -0.2827
vn -0.9820 -0.0449 -0.1835
vn -0.9185 -0.3877 -0.0782
vn -0.8866 -0.4623 0.0124
vn -0.9773 -0.2094 -0.0319
vn -0.9574 -0.1341 -0.2557
vn -0.8432 -0.3681 -0.3918
vn -0.8906 -0.3111 -0.3317
vn -0.7747 -0.3724 -0.5111
vn -0.4120 -0.7424 0.5284
vn -0.2551 -0.8898 -0.3783
vn -0.1788 -0.9839 -0.0064
vn -0.4458 -0.8530 -0.2714
vn -0.5171 -0.8520 0.0824
vn -0.2313 -0.8915 0.3896
vn -0.4662 -0.8384 -0.2824
vn -0.2877 -0.9574 -0.0232
vn -0.9134 0.0034 0.4071
vn -0.5550 0.4334 0.7100
vn -0.7713 0.3557 0.5278
vn -0.9417 -0.0482 0.3329
vn -0.3979 -0.4611 -0.7931
vn -0.0944 -0.0510 -0.9942
vn -0.5769 -0.3004 -0.7596
vn -0.5427 -0.3162 -0.7782
vn -0.2496 0.5173 0.8186
vn -0.2545 -0.9021 0.3486
vn -0.1201 0.4981 0.8588
vn -0.0675 0.7623 0.6437
vn -0.0323 0.9115 0.4101
vn -0.2670 0.9131 0.3082
vn -0.2353 0.8987 0.3702
vn -0.1281 0.7132 0.6891
vn -0.3500 0.8432 0.4080
vn -0.1927 0.8112 0.5521
vn -0.0631 0.6047 0.7939
vn -0.1855 0.7507 0.6340
vn -0.9565 -0.2843 0.0659
vn 0.1777 0.7092 -0.6822
vn 0.2727 0.7869 -0.5536
vn 0.0072 -0.2336 -0.9723
vn -0.2609 0.9507 -0.1676
vn 0.0330 0.6423 -0.7657
vn 0.0186 0.9800 -0.1982
vn -0.0901 0.7269 -0.6808
vn -0.7956 -0.5615 -0.2273
vn -0.9841 -0.1517 0.0928
vn -0.4891 -0.6359 0.5970
vn -0.0144 0.0209 0.9997
vn -0.2204 0.1285 0.9669
vn -0.4058 -0.8676 -0.2873
vn -0.6148 -0.7867 -0.0568
vn -0.2219 -0.9007 -0.3735
vn -0.4459 -0.8193 -0.3605
vn -0.3612 -0.9317 -0.0381
vn -0.2011 -0.9382 0.2818
vn 0.3279 0.6023 0.7278
vn -0.3421 0.5134 0.7870
vn -0.0322 0.3422 0.9391
vn 0.8548 0.3779 0.3557
vn 0.3445 0.8083 0.4774
vn 0.9001 0.4111 0.1439
vn 0.3329 0.9114 0.2417
vn 0.8911 0.4531 -0.0274
vn 0.2961 0.8847 -0.3600
vn 0.3224 0.9465 0.0150
vn 0.8820 0.4131 -0.2267
vn 0.3398 0.6841 -0.6454
vn 0.8879 0.2519 -0.3849
vn 0.3650 0.1925 -0.9109
vn 0.3378 0.4708 -0.8150
vn 0.8759 -0.0081 -0.4824
vn 0.3749 -0.1821 -0.9090
vn 0.6851 -0.5401 -0.4888
vn 0.3453 -0.5088 -0.7886
vn 0.8369 -0.2794 -0.4707
vn 0.3020 -0.7740 -0.5565
vn -0.1849 -0.6958 -0.6940
vn 0.8885 0.0131 0.4587
vn 0.9907 -0.0369 0.1309
vn 0.9076 -0.2056 0.3659
vn 0.9836 -0.1759 -0.0386
vn 0.8478 -0.5254 -0.0716
vn 0.3831 -0.1058 0.9176
vn 0.4488 0.1231 0.8851
vn 0.7483 -0.1887 0.6359
vn 0.7927 -0.5461 0.2711
vn 0.5761 -0.2537 0.7770
vn 0.3311 -0.2422 0.9120
vn -0.0239 -0.8964 0.4426
vn 0.8393 -0.5350 0.0968
vn -0.1180 0.0081 0.9930
vn -0.5227 -0.2376 0.8187
vn -0.4479 0.8772 0.1731
vn -0.5022 0.6941 0.5158
vn -0.9306 0.3423 0.1295
vn -0.9133 0.3822 -0.1410
vn -0.2312 0.6856 -0.6902
vn -0.1698 0.3647 -0.9155
vn -0.7781 0.1362 -0.6132
vn -0.1468 -0.3825 -0.9122
vn -0.7013 -0.2268 -0.6758
vn -0.6780 -0.4651 -0.5693
vn -0.4610 -0.8077 -0.3677
vn 0.0258 -0.9311 -0.3638
vn -0.8516 -0.4765 -0.2183
vn -0.9210 -0.3657 0.1345
vn -0.9742 -0.1917 0.1192
vn -0.8288 0.3576 -0.4304
vn -0.9881 -0.0667 -0.1389
vn -0.9646 -0.1271 -0.2310
vn -0.6828 -0.7279 -0.0628
vn -0.8291 0.0150 0.5588
vn -0.9754 -0.0666 0.2101
vn -0.5530 -0.1073 0.8262
vn -0.3357 0.9038 -0.2655
vn -0.8738 -0.2344 0.4261
vn -0.6015 -0.2737 0.7505
vn -0.7688 -0.3204 0.5535
vn -0.6736 0.5716 0.4686
vn -0.8911 0.4437 -0.0950
vn 0.0550 -0.0985 0.9936
vn -0.0045 0.0973 0.9952
vn 0.5832 0.5804 0.5683
vn 0.1728 0.9545 0.2429
vn 0.0766 0.8802 0.4685
vn 0.9750 0.0857 0.2049
vn 0.8785 0.3299 -0.3456
vn 0.8233 0.1892 0.5351
vn -0.7004 -0.5239 -0.4847
vn -0.7946 -0.4396 0.4188
vn -0.9565 0.2854 0.0604
vn -0.8337 0.5073 -0.2181
vn -0.5916 0.7691 0.2418
vn -0.0111 0.9909 0.1342
vn 0.7612 0.3246 -0.5615
vn 0.7570 0.3468 -0.5537
vn -0.0756 0.0034 -0.9971
vn -0.1207 -0.0039 -0.9927
vn 0.5872 -0.3187 -0.7441
vn -0.2424 0.0969 0.9653
vn 0.0882 0.1060 0.9904
vn 0.5500 0.4809 0.6828
vn -0.2731 -0.3355 0.9016
vn 0.0436 -0.2897 -0.9561
vn 0.0816 -0.3250 -0.9422
vn -0.1325 -0.2220 0.9660
vn 0.6210 0.1585 0.7676
vn 0.6496 -0.0265 -0.7598
vn 0.8829 0.0360 -0.4681
vn 0.0108 0.0748 -0.9971
vn -0.8444 -0.0063 -0.5357
vn 0.7005 0.4088 0.5850
vn -0.8982 -0.1513 0.4127
vn -0.8410 -0.2718 -0.4677
vn -0.8029 -0.3849 -0.4552
vn -0.6492 -0.7596 0.0388
vn -0.5393 -0.7090 0.4545
vn 0.5750 0.7126 -0.4019
vn -0.2715 0.8713 -0.4087
vn -0.7744 0.5175 -0.3640
vn -0.2470 -0.7606 -0.6004
vn -0.9042 0.0332 -0.4257
vn -0.5023 0.8536 -0.1383
vn -0.8204 0.5414 0.1839
vn -0.3818 0.3386 -0.8600
vn -0.6395 0.7398 -0.2092
vn -0.6035 0.7536 0.2605
vn -0.0386 -0.9930 0.1120
vn 0.1342 -0.8232 0.5517
vn 0.5827 -0.5665 0.5827
vn 0.6849 0.0077 0.7286
vn 0.9696 -0.0480 -0.2398
vn 0.6179 -0.7716 0.1512
vn -0.3441 -0.9166 -0.2035
vn 0.8908 -0.2652 0.3689
vn 0.6280 -0.6299 0.4571
vn 0.3129 -0.9463 0.0810
vn 0.0992 -0.9601 0.2613
vn 0.8805 0.1740 0.4409
vn 0.0794 -0.4490 -0.8900
vn 0.2193 -0.9442 -0.2458
vn 0.7663 0.5844 0.2669
vn -0.6342 0.7728 -0.0232
vn -0.0844 0.9954 0.0463
vn 0.1340 -0.4953 -0.8583
vn 0.6408 0.1776 -0.7469
vn 0.8083 -0.3425 -0.4789
vn 0.2959 -0.6828 -0.6680
vn -0.8262 -0.4712 -0.3088
vn -0.8789 0.0716 0.4716
vn -0.8158 0.0749 0.5734
vn 0.0323 -0.3696 -0.9286
vn 0.4881 -0.8544 -0.1781
vn -0.2675 -0.8348 -0.4812
vn -0.2388 -0.1625 0.9574
vn 0.1927 0.0301 0.9808
vn -0.7153 0.0978 0.6919
vn 0.8035 0.3424 0.4870
vn 0.6785 -0.2939 0.6732
vn -0.0904 0.5891 0.8030
vn 0.8208 0.3937 0.4139
vn 0.8740 0.0287 0.4852
vn -0.9970 0.0135 0.0757
vn -0.7982 -0.4796 -0.3644
vn -0.6405 -0.6818 0.3534
vn 0.9235 0.1728 -0.3425
vn 0.9731 -0.2198 -0.0687
vn -0.8121 -0.1548 -0.5626
vn -0.6335 -0.5528 -0.5414
vn 0.2084 -0.6928 -0.6904
vn -0.0908 0.0494 -0.9946
vn -0.8344 0.0545 -0.5485
vn -0.5174 0.7339 -0.4400
vn -0.8802 -0.3505 -0.3200
vn 0.8991 0.0847 0.4295
vn 0.8898 -0.3759 -0.2586
vn 0.4626 0.8832 -0.0771
vn 0.8626 0.4139 0.2910
vn 0.9321 -0.2167 -0.2902
vn 0.7462 -0.5094 0.4285
vn 0.1306 0.3798 0.9158
vn -0.0208 0.3170 0.9482
vn 0.2388 0.9686 0.0687
vn 0.0017 0.5667 0.8239
vn -0.8749 0.2010 0.4406
vn -0.7402 0.4496 0.5001
vn -0.9073 0.3220 0.2704
vn -0.9754 -0.1572 -0.1544
vn 0.0062 -0.7680 0.6405
vn -0.0943 -0.9711 0.2194
vn -0.2919 -0.9336 0.2077
vn 0.8793 -0.4568 -0.1345
vn 0.1759 -0.8743 0.4524
vn -0.2079 0.8619 0.4625
vn -0.9424 0.3255 -0.0776
vn -0.7992 0.5976 0.0639
vn -0.5187 0.8370 -0.1744
vn -0.4050 0.8614 -0.3064
vn -0.0540 0.9029 -0.4265
vn 0.6011 0.7104 -0.3662
vn -0.0628 0.9845 -0.1639
vn -0.8919 -0.1157 -0.4373
vn -0.9188 0.1444 0.3675
vn -0.9999 -0.0096 -0.0134
vn -0.9854 0.1190 -0.1219
vn -0.8467 -0.1208 0.5182
vn -0.0400 0.0247 0.9989
vn -0.6142 0.4016 0.6793
vn -0.0014 -0.7254 0.6884
vn -0.6466 -0.7581 0.0853
vn -0.2832 0.6982 0.6575
vn 0.7335 0.1950 0.6511
vn 0.3781 0.7690 0.5155
vn 0.7150 -0.4782 0.5100
vn 0.7851 -0.1195 0.6077
vn 0.6884 -0.7186 -0.0991
vn 0.9866 -0.0737 -0.1459
vn 0.9529 0.2570 -0.1612
vn 0.5339 0.8396 -0.1000
vn 0.3324 0.7799 -0.5304
vn 0.2699 0.0517 -0.9615
vn -0.0726 0.5297 -0.8451
vn -0.5313 -0.1835 -0.8270
vn 0.4862 -0.1956 -0.8517
vn -0.1000 -0.3545 -0.9297
vn -0.5674 -0.2301 -0.7906
vn -0.6525 -0.1018 -0.7509
vn -0.6736 0.6728 -0.3059
vn -0.5161 -0.8011 -0.3031
vn 0.2218 -0.9552 0.1959
vn 0.1329 -0.8770 -0.4618
vn -0.5281 0.7891 0.3137
vn -0.2648 0.9259 -0.2694
vn 0.0585 0.2027 0.9775
vn -0.4348 -0.2057 0.8767
vn 0.0496 -0.6721 0.7388
vn -0.7030 0.7057 -0.0880
vn -0.9059 -0.1798 -0.3833
vn -0.6462 0.4465 0.6189
vn -0.9236 -0.2681 0.2740
vn 0.7886 0.1276 0.6014
vn 0.5329 0.6813 -0.5019
vn 0.5915 -0.1853 -0.7848
vn 0.0201 0.3183 -0.9478
vn -0.6801 0.2252 -0.6977
vn -0.1403 -0.6466 -0.7499
vn -0.4302 -0.9026 -0.0121
vn 0.6649 -0.7456 -0.0446
vn 0.1548 0.8590 0.4881
vn 0.8877 0.4597 -0.0262
vn -0.1682 0.6220 0.7647
vn -0.4087 0.1811 0.8945
vn 0.5805 0.4370 0.6871
vn -0.6724 0.7277 0.1351
vn -0.9486 0.2626 -0.1767
vn -0.9941 -0.0914 -0.0577
vn 0.6518 -0.2747 0.7070
vn 0.9568 0.1114 0.2687
vn -0.2780 -0.1608 0.9470
vn 0.0017 0.2640 -0.9645
vn 0.9006 0.0946 -0.4242
vn 0.5365 -0.2926 -0.7915
vn -0.4644 0.6622 -0.5881
vn -0.3268 -0.5464 -0.7711
vn -0.4992 -0.8554 0.1382
vn 0.3236 0.9125 -0.2502
vn -0.5612 0.5628 0.6069
vn -0.0256 -0.7508 0.6600
vn 0.3550 0.4296 0.8303
vn -0.8470 -0.4681 0.2519
vn 0.8296 -0.2611 0.4936
vn 0.4773 -0.8262 -0.2994
vn 0.9589 0.0988 -0.2660
vn -0.3431 -0.6632 -0.6652
vn -0.8706 0.2338 -0.4328
vn -0.1141 0.4079 -0.9059
vn -0.2978 0.9528 -0.0583
vn 0.5674 0.7099 -0.4172
vn -0.5668 0.8073 0.1645
vn -0.8507 -0.1796 0.4939
vn -0.1731 0.6648 0.7267
vn -0.9669 0.1642 -0.1952
vn 0.2099 -0.4634 0.8609
vn 0.7771 -0.6248 0.0758
vn 0.9188 -0.0249 0.3939
vn 0.8868 0.2642 -0.3792
vn 0.3906 -0.9201 -0.0303
vn 0.2086 -0.5650 -0.7983
vn 0.2925 0.5121 -0.8076
vn -0.4036 -0.0681 -0.9124
vn -0.3254 0.8360 -0.4419
vn -0.6771 -0.6373 -0.3680
vn 0.5135 0.8287 0.2228
vn 0.2399 0.1538 0.9585
vn -0.7512 0.6591 0.0359
vn -0.7869 -0.2879 0.5458
vn -0.2210 0.7396 0.6357
vn -0.9733 -0.0863 -0.2128
vn 0.3057 -0.2589 0.9163
vn 0.9042 -0.4061 0.1322
vn 0.9043 0.2755 0.3262
vn 0.7741 0.4503 -0.4450
vn 0.6016 -0.7901 0.1174
vn 0.3324 -0.6306 -0.7014
vn 0.1959 0.4922 -0.8482
vn -0.3655 -0.2924 -0.8837
vn -0.3990 0.7304 -0.5543
vn -0.4948 -0.8409 -0.2192
vn -0.8199 0.5137 0.2528
vn -0.6891 -0.2637 0.6750
vn -0.0173 0.7537 0.6570
vn -0.9880 -0.1518 -0.0301
vn 0.5250 -0.0802 0.8473
vn 0.9793 -0.1959 0.0510
vn 0.9287 0.3707 0.0016
vn 0.6494 0.4066 -0.6426
vn 0.6357 -0.7715 0.0266
vn 0.2386 -0.6181 -0.7490
vn -0.2045 0.4370 -0.8759
vn -0.5478 -0.4072 -0.7308
vn -0.7388 0.5989 -0.3091
vn -0.5629 -0.7939 -0.2301
vn -0.5413 0.6457 0.5386
vn -0.8103 -0.3204 0.4907
vn 0.1576 0.3098 0.9376
vn -0.9717 0.2342 -0.0301
vn 0.2674 -0.7567 0.5965
vn 0.7414 -0.6308 -0.2290
vn 0.9546 -0.2010 0.2198
vn 0.8711 0.3615 -0.3325
vn 0.3632 -0.8630 -0.3513
vn 0.1218 -0.2835 -0.9512
vn 0.2436 0.7782 -0.5789
vn -0.4744 0.2494 -0.8443
vn -0.3177 0.9472 -0.0428
vn -0.7367 -0.4478 -0.5067
vn -0.5257 -0.6862 0.5028
vn -0.0101 0.1006 0.9949
vn -0.9880 0.1543 -0.0026
vn 0.6672 -0.4895 0.5615
vn 0.0526 -0.9959 -0.0732
vn 0.9939 0.0557 -0.0951
vn 0.2236 -0.6160 -0.7553
vn 0.5186 0.7267 -0.4505
vn -0.2561 0.3133 -0.9145
vn -0.0981 0.9085 0.4062
vn -0.4669 -0.6748 0.5716
vn 0.0304 0.3758 0.9262
vn -0.9938 0.1110 0.0072
vn 0.7426 -0.2969 0.6004
vn 0.2886 -0.9477 0.1366
vn 0.9551 0.2299 -0.1868
vn 0.2377 -0.7559 -0.6100
vn 0.3658 0.6639 -0.6523
vn -0.2683 0.1348 -0.9539
vn -0.2835 0.9470 0.1508
vn -0.4370 -0.6744 0.5951
vn -0.1076 0.3588 0.9272
vn -0.9980 0.0112 -0.0626
vn 0.7223 -0.1469 0.6758
vn 0.3602 -0.9047 0.2276
vn 0.9490 0.2944 -0.1126
vn 0.3545 -0.7738 -0.5249
vn 0.3844 0.6680 -0.6372
vn -0.2167 0.0579 -0.9745
vn -0.3389 0.9321 0.1281
vn -0.5089 -0.6410 0.5745
vn -0.0303 0.2985 0.9539
vn -0.9887 0.1473 -0.0278
vn 0.6859 -0.3252 0.6510
vn 0.2565 -0.9500 0.1783
vn 0.9890 0.1108 -0.0980
vn 0.2038 -0.7866 -0.5829
vn 0.4778 0.6485 -0.5925
vn -0.2273 0.1476 -0.9626
vn -0.1630 0.9640 0.2098
vn 0.9145 -0.3913 0.1024
vn -0.2758 -0.9282 -0.2499
vn 0.3508 -0.6302 -0.6927
vn 0.5437 0.6222 -0.5632
vn -0.0727 0.1140 -0.9908
vn -0.9002 0.1725 -0.4000
vn -0.7308 -0.5546 0.3979
vn 0.8192 -0.4619 0.3400
vn -0.5176 -0.7962 -0.3133
vn 0.3183 -0.7064 -0.6323
vn 0.9443 0.1271 -0.3034
vn 0.5180 0.6732 -0.5277
vn 0.0108 0.2501 -0.9681
vn -0.8324 0.3655 -0.4165
vn -0.7759 -0.4441 0.4481
vn 0.1976 0.7555 0.6247
vn 0.0862 0.5370 0.8392
vn -0.6599 -0.4992 0.5616
vn 0.2525 -0.3617 0.8974
vn 0.8547 -0.4350 0.2834
vn -0.3537 -0.9294 -0.1057
vn 0.4629 -0.7273 -0.5067
vn 0.8718 0.4398 -0.2156
vn -0.5498 0.8262 0.1226
vn 0.2022 0.6540 -0.7290
vn -0.9078 0.1334 -0.3976
vn -0.1566 -0.0247 -0.9874
vn -0.1019 0.4043 0.9089
vn -0.7330 -0.5802 0.3551
vn 0.1684 -0.3933 0.9038
vn 0.7903 -0.5614 0.2455
vn 0.3159 -0.7097 -0.6298
vn 0.9491 0.3095 -0.0589
vn 0.4557 0.7304 -0.5087
vn -0.2409 0.2106 -0.9474
vn -0.3066 0.9366 0.1695
vn -0.8945 0.4275 -0.1309
vn -0.3829 -0.8906 -0.2454
vn 0.0394 0.1115 0.9930
vn -0.0609 -0.0527 0.9968
vn 0.7445 -0.3934 0.5394
vn -0.2792 0.8256 0.4903
vn -0.0527 0.9976 -0.0458
vn -0.7312 0.6178 0.2893
vn 0.1948 0.7917 -0.5790
vn -0.6849 0.5991 -0.4147
vn -0.0871 -0.0015 -0.9962
vn -0.1211 -0.3468 -0.9301
vn -0.6663 -0.0003 -0.7457
vn 0.8127 -0.1076 -0.5726
vn 0.6076 -0.2882 -0.7401
vn 0.8307 -0.5523 -0.0705
vn 0.9981 0.0393 -0.0472
vn 0.7276 -0.5113 0.4575
vn 0.8121 0.5703 0.1238
vn 0.8779 0.0351 -0.4776
vn -0.7669 0.3525 -0.5364
vn -0.9098 0.3351 -0.2447
vn -0.6365 0.0349 -0.7705
vn -0.6416 -0.2689 -0.7183
vn -0.0476 -0.1823 -0.9821
vn 0.8422 -0.2615 -0.4716
vn 0.8937 -0.3871 -0.2268
vn 0.8979 -0.1809 0.4012
vn 0.6443 -0.7622 0.0628
vn -0.1518 -0.3855 -0.9102
vn -0.9309 0.2518 -0.2646
vn -0.8085 0.1598 0.5664
vn -0.8003 0.2586 0.5409
vn 0.8638 -0.3369 0.3747
vn 0.7720 -0.4895 -0.4053
vn 0.1931 -0.8438 -0.5008
vn 0.3306 -0.1518 -0.9315
vn 0.5619 0.6309 0.5350
vn -0.0822 0.8997 0.4287
vn 0.2534 0.6401 -0.7253
vn 0.3405 0.8057 -0.4847
vn 0.0140 -0.0842 -0.9964
vn 0.9982 -0.0593 -0.0001
vn 0.5850 0.8088 -0.0602
vn 0.9753 0.1809 -0.1271
vn 0.7052 0.6933 0.1485
vn 0.6302 0.7625 -0.1468
vn -0.6359 0.1349 0.7599
vn -0.6202 -0.4996 0.6048
vn 0.0076 0.0781 0.9969
vn 0.2836 -0.9401 -0.1891
vn -0.6475 -0.5894 0.4830
vn 0.1943 -0.6198 0.7603
vn 0.2655 -0.7659 0.5856
vn -0.3186 -0.9474 -0.0295
vn 0.4026 -0.8315 0.3827
vn -0.6840 0.4876 0.5426
vn 0.1860 -0.0937 0.9781
vn 0.2746 0.2108 0.9382
vn -0.8261 0.2315 0.5137
vn -0.1889 -0.6279 -0.7550
vn -0.8357 -0.5133 0.1951
vn 0.8574 0.5032 0.1085
vn 0.1250 -0.5992 0.7908
vn -0.3940 -0.9136 -0.1006
vn 0.3228 -0.6533 -0.6849
vn -0.2195 -0.7146 -0.6642
vn -0.2620 -0.4805 -0.8369
vn -0.9007 -0.3476 -0.2607
vn -0.1340 -0.4890 -0.8619
vn -0.9433 -0.1130 -0.3121
vn -0.1892 0.1402 0.9719
vn 0.2221 -0.1589 0.9620
vn 0.7154 0.2592 0.6489
vn -0.7842 0.4442 0.4332
vn -0.8105 0.2551 0.5272
vn 0.0555 0.5978 0.7997
vn -0.7871 -0.3566 -0.5033
vn -0.8957 -0.4129 -0.1652
vn -0.1893 0.7141 -0.6740
vn -0.7284 0.5545 -0.4025
vn -0.0217 0.9403 -0.3397
vn -0.5867 0.1974 -0.7854
vn -0.9721 0.0078 -0.2345
vn 0.8004 -0.4423 -0.4047
vn 0.1400 0.0189 -0.9900
vn 0.4835 0.8025 -0.3497
vn 0.8187 -0.1805 -0.5452
vn 0.7651 0.0120 -0.6438
vn 0.8186 -0.5005 -0.2818
vn 0.9102 -0.3246 -0.2573
vn -0.7568 -0.4987 0.4226
vn -0.9785 -0.0107 -0.2061
vn -0.7911 0.5825 0.1870
vn -0.2730 0.9206 -0.2793
vn -0.8913 0.1260 0.4356
vn -0.8751 0.0979 0.4740
vn -0.6553 -0.3343 0.6773
vn -0.0963 0.9853 -0.1410
vn -0.1349 0.3933 0.9095
vn 0.1380 0.6284 0.7656
vn 0.0882 0.3193 0.9435
vn 0.6847 0.6570 0.3155
vn 0.1545 0.8808 0.4476
vn 0.8476 0.1003 0.5210
vn -0.0835 0.2501 0.9646
vn 0.8563 0.0011 0.5164
vn 0.9163 0.1905 0.3522
vn 0.9922 -0.0573 0.1106
vn 0.9915 -0.0895 0.0949
vn 0.8528 0.5195 -0.0533
vn 0.8861 0.4609 -0.0502
vn 0.8343 -0.3063 -0.4585
vn -0.0158 -0.4126 -0.9108
vn -0.4894 -0.8617 -0.1339
vn 0.5653 -0.6838 0.4614
vn -0.1582 -0.7234 0.6721
vn 0.6694 -0.7342 -0.1133
vn 0.0919 -0.9025 0.4208
vn 0.0225 -0.9928 0.1178
vn -0.2402 -0.8458 0.4764
vn 0.4119 0.8285 -0.3794
vn 0.2077 0.9395 -0.2723
vn -0.0325 0.1801 0.9831
vn 0.5251 0.3815 0.7607
vn 0.2516 0.7749 0.5799
vn 0.9239 0.0365 0.3810
vn 0.9504 -0.3044 -0.0643
vn 0.7272 -0.6210 -0.2923
vn 0.8326 0.0193 0.5536
vn -0.4135 -0.4466 0.7934
vn 0.6541 -0.2531 0.7128
vn -0.7657 0.4452 0.4643
vn -0.8824 0.1741 0.4370
vn -0.6947 -0.5963 0.4022
vn -0.8981 -0.4141 -0.1484
vn -0.9403 0.0172 -0.3399
vn -0.8581 0.3279 -0.3952
vn -0.3844 0.8511 -0.3576
vn -0.3179 0.8871 0.3345
vn -0.1645 -0.1332 -0.9773
vn -0.2540 -0.5385 -0.8034
vn 0.8154 0.5334 -0.2249
vn 0.9948 0.0589 0.0826
vn 0.6112 -0.3924 -0.6874
vn 0.6496 -0.3902 -0.6526
vn 0.7264 -0.6592 -0.1944
vn 0.3017 -0.9240 -0.2351
vn 0.5342 -0.5071 -0.6764
vn -0.3617 -0.9300 -0.0654
vn 0.2427 -0.8927 0.3797
vn 0.5216 0.8196 0.2370
vn 0.2871 0.9522 -0.1044
vn 0.3319 0.6028 -0.7256
vn 0.6466 0.2453 0.7223
vn 0.3262 -0.1343 0.9357
vn 0.8558 -0.5144 0.0541
vn -0.8275 0.0571 0.5586
vn -0.2810 0.2986 0.9121
vn 0.0713 -0.5036 0.8610
vn -0.9650 0.2114 -0.1553
vn -0.7287 -0.6837 -0.0388
vn 0.8994 0.0455 -0.4347
vn 0.1936 -0.6359 -0.7471
vn -0.0551 0.5107 -0.8580
vn 0.0204 -0.9995 0.0247
vn -0.6358 0.7698 -0.0562
vn 0.1518 0.9214 0.3577
vn 0.4977 0.2047 0.8428
vn 0.4787 0.7246 0.4958
vn -0.2972 0.6501 0.6993
vn 0.8123 0.5756 -0.0942
vn -0.4965 -0.0759 0.8647
vn -0.8847 0.2995 0.3573
vn -0.2402 -0.7359 0.6331
vn -0.7069 -0.7072 -0.0101
vn -0.6980 -0.2757 -0.6608
vn -0.9163 0.2098 -0.3411
vn -0.2475 0.1437 -0.9582
vn 0.0116 -0.7061 -0.7080
vn 0.7105 -0.0272 -0.7031
vn 0.6503 -0.6988 -0.2980
vn 0.9714 0.2003 0.1278
vn 0.9411 -0.2648 0.2102
vn 0.3379 0.4316 -0.8364
vn 0.1999 0.4098 0.8900
vn 0.9037 -0.4157 0.1028
vn 0.8059 0.5911 0.0338
vn 0.2469 -0.6389 0.7286
vn -0.6433 0.5679 0.5135
vn -0.6171 -0.2266 0.7536
vn -0.6331 -0.7643 0.1225
vn -0.9427 0.2678 -0.1989
vn -0.0116 0.4574 -0.8892
vn -0.6322 -0.0754 -0.7712
vn 0.7543 -0.0193 -0.6563
vn -0.0213 0.9938 0.1096
vn 0.0646 -0.6647 0.7443
vn 0.5266 -0.1591 0.8351
vn -0.5971 -0.1804 0.7817
vn -0.6867 0.5512 0.4739
vn -0.1582 0.3275 0.9315
vn -0.9412 -0.1723 -0.2906
vn -0.8102 0.4895 -0.3225
vn -0.1554 -0.7180 -0.6784
vn -0.7146 -0.6938 0.0895
vn 0.1038 0.4707 -0.8761
vn 0.5432 -0.3775 -0.7499
vn 0.8588 0.4954 -0.1307
vn 0.8837 -0.4677 0.0188
vn 0.4423 0.7200 0.5347
vn -0.0639 -0.4853 0.8720
vn 0.5185 -0.0719 0.8520
vn -0.6082 0.0379 0.7929
vn -0.6643 0.6632 0.3448
vn -0.0835 0.4350 0.8965
vn -0.9509 -0.0635 -0.3029
vn -0.7708 0.4749 -0.4246
vn -0.3117 -0.7816 -0.5403
vn -0.8207 -0.5367 0.1957
vn 0.1633 0.3536 -0.9210
vn 0.4568 -0.6072 -0.6501
vn 0.8947 0.4234 -0.1423
vn 0.7750 -0.6067 0.1769
vn 0.4490 0.7962 0.4056
vn -0.1005 -0.5759 0.8113
vn 0.3779 -0.0346 0.9252
vn -0.7145 0.0954 0.6931
vn -0.7409 0.6535 0.1548
vn -0.2812 0.5616 0.7782
vn -0.9150 -0.0716 -0.3970
vn -0.6814 0.3835 -0.6233
vn -0.1637 -0.7953 -0.5838
vn -0.7939 -0.6058 0.0513
vn 0.4132 0.2540 -0.8745
vn 0.5958 -0.6606 -0.4568
vn 0.9134 0.4054 0.0366
vn 0.7810 -0.5721 0.2505
vn 0.3168 0.8082 0.4964
vn 0.1290 -0.8125 0.5685
vn 0.4155 -0.2231 0.8818
vn -0.6213 -0.5005 0.6029
vn -0.8866 0.1803 0.4260
vn -0.3776 0.0573 0.9242
vn -0.7982 -0.3227 -0.5086
vn -0.8784 0.2834 -0.3848
vn 0.1209 -0.5326 -0.8377
vn -0.5154 -0.8297 -0.2143
vn 0.0681 0.6816 -0.7286
vn 0.7335 -0.0852 -0.6744
vn 0.6852 0.7145 0.1416
vn 0.9593 -0.2592 0.1118
vn 0.0967 0.6682 0.7377
vn 0.6043 -0.5773 0.5491
vn 0.3037 0.9004 0.3115
vn -0.1836 0.2220 0.9576
vn -0.8144 -0.2398 0.5284
vn -0.3029 -0.9228 0.2381
vn -0.9904 0.1178 -0.0720
vn -0.3449 -0.7332 -0.5861
vn -0.1076 0.4613 0.8807
vn 0.5142 -0.4992 0.6975
vn 0.5077 0.8492 0.1451
vn -0.8803 -0.0012 0.4744
vn -0.2735 -0.4975 0.8232
vn -0.4606 -0.8611 -0.2154
vn -0.8847 0.3726 -0.2800
vn 0.0507 -0.1570 -0.9863
vn -0.1718 0.6466 -0.7432
vn 0.5222 0.4168 -0.7440
vn 0.9967 -0.0216 -0.0787
vn 0.5375 -0.7132 -0.4499
vn -0.0416 0.4908 0.8703
vn 0.5950 -0.5944 0.5409
vn 0.5922 0.7983 0.1094
vn -0.8563 0.0454 0.5144
vn -0.1574 -0.4459 0.8811
vn -0.6070 -0.7683 -0.2031
vn -0.8524 0.4575 -0.2533
vn 0.0091 -0.2062 -0.9785
vn -0.1700 0.6619 -0.7301
vn 0.4779 0.3964 -0.7839
vn 0.9809 -0.0602 -0.1850
vn 0.3555 -0.8110 -0.4647
vn -0.0814 0.3556 0.9311
vn 0.6339 -0.5897 0.5004
vn 0.4323 0.8756 0.2155
vn -0.8326 -0.0912 0.5462
vn -0.1022 -0.4989 0.8606
vn -0.5665 -0.7936 -0.2220
vn -0.9316 0.3210 -0.1702
vn -0.0117 -0.1939 -0.9810
vn -0.3126 0.6987 -0.6435
vn 0.4047 0.4553 -0.7930
vn 0.9818 -0.0140 -0.1896
vn 0.3738 -0.7792 -0.5031
vn 0.4821 -0.6463 0.5915
vn 0.9707 -0.1824 -0.1565
vn 0.6388 0.7616 0.1091
vn -0.3881 0.5901 -0.7079
vn -0.3684 -0.6165 -0.6959
vn -0.9574 -0.2641 0.1169
vn 0.3950 -0.0478 -0.9175
vn -0.5463 0.7953 0.2628
vn -0.0815 0.0782 0.9936
vn 0.3585 -0.6759 0.6439
vn 0.9202 0.3592 0.1553
vn -0.0447 0.0457 0.9980
vn 0.9322 -0.3262 -0.1566
vn -0.5336 -0.7378 -0.4134
vn -0.2710 -0.9436 0.1901
vn -0.7448 0.4188 -0.5195
vn -0.9815 -0.1531 0.1150
vn 0.4017 -0.2112 -0.8911
vn -0.2233 0.8029 0.5527
vn 0.5384 0.8427 -0.0019
vn -0.0724 0.5513 -0.8312
vn 0.1857 -0.7639 0.6181
vn 0.8098 -0.0358 0.5855
vn -0.2568 0.1496 0.9548
vn -0.4955 0.7027 -0.5105
vn -0.5535 -0.5692 -0.6079
vn -0.9929 0.0922 0.0745
vn 0.8820 -0.4574 -0.1137
vn 0.7093 0.1819 -0.6810
vn 0.7022 0.7117 -0.0202
vn 0.1392 0.7450 0.6524
vn -0.0717 0.5127 -0.8556
vn 0.1442 -0.9208 0.3623
vn 0.8020 -0.4207 0.4239
vn -0.0298 0.3189 0.9473
vn -0.3711 -0.7441 -0.5555
vn -0.9759 -0.1492 0.1595
vn -0.7218 0.6186 -0.3105
vn 0.5930 0.7925 0.1428
vn -0.1058 0.5764 -0.8103
vn -0.1953 -0.9716 -0.1338
vn 0.1050 -0.9637 -0.2455
vn 0.0810 -0.9665 0.2435
vn -0.1681 -0.7594 0.6286
vn -0.3286 -0.9257 0.1870
vn 0.4035 -0.9150 -0.0020
vn 0.6620 -0.7317 0.1626
vn 0.3131 -0.8138 0.4895
vn 0.3322 -0.8001 -0.4995
vn 0.6787 -0.6762 -0.2867
vn -0.1138 -0.7723 -0.6250
vn -0.5600 -0.8135 -0.1570
vn -0.4081 -0.7397 -0.5351
vn 0.6771 -0.6134 0.4066
vn 0.2780 -0.6373 0.7187
vn 0.5044 -0.4838 0.7152
vn -0.3031 -0.4058 -0.8622
vn -0.0106 -0.5582 -0.8296
vn -0.8111 -0.5838 0.0355
vn -0.7343 -0.5794 -0.3535
vn -0.6048 -0.5706 0.5555
vn -0.8999 -0.3152 0.3014
vn -0.6636 -0.7152 0.2195
vn -0.1198 -0.6234 0.7727
vn 0.0110 -0.2804 0.9598
vn 0.5074 -0.4799 -0.7157
vn 0.7341 -0.4066 -0.5439
vn -0.9611 -0.2763 0.0055
vn -0.5442 -0.3604 0.7576
vn -0.7932 -0.2187 0.5683
vn 0.2905 -0.2745 0.9166
vn 0.8970 -0.4408 0.0326
vn 0.9231 -0.2443 0.2972
vn -0.0081 -0.1542 -0.9880
vn -0.9385 -0.1675 -0.3021
vn 0.2475 -0.4062 -0.8796
vn 0.5603 -0.1238 -0.8190
vn -0.7623 -0.3446 -0.5479
vn -0.5913 -0.0449 -0.8052
vn -0.5505 -0.4336 -0.7134
vn -0.2860 -0.3051 0.9084
vn -0.5873 0.0513 0.8077
vn 0.7527 -0.3508 0.5570
vn 0.5912 -0.0015 0.8065
vn 0.8886 -0.3759 -0.2628
vn 0.9991 0.0364 -0.0219
vn 0.8187 -0.0609 -0.5709
vn 0.9340 0.2031 -0.2938
vn 0.2967 0.1467 -0.9436
vn -0.3041 0.1490 -0.9409
vn -0.8056 0.1206 -0.5801
vn -0.7889 0.2587 0.5573
vn 0.2952 0.0919 0.9510
vn 0.8109 0.1541 0.5645
vn 0.5534 0.2818 -0.7838
vn 0.0089 0.3442 -0.9389
vn -0.9965 0.0830 -0.0026
vn -0.8821 0.3707 -0.2906
vn 0.9298 0.2207 0.2945
vn 0.7530 0.3436 -0.5612
vn -0.5056 0.4294 -0.7483
vn -0.9455 0.1509 0.2887
vn -0.8768 0.4806 -0.0155
vn -0.2958 0.1438 0.9444
vn -0.3828 0.5067 0.7725
vn 0.5634 0.3906 0.7280
vn -0.6647 0.5689 -0.4843
vn -0.7898 0.5512 0.2690
vn -0.0058 0.2801 0.9600
vn 0.8621 0.4965 0.1009
vn 0.7184 0.5986 -0.3544
vn 0.1593 0.6680 -0.7269
vn -0.2188 0.6489 -0.7288
vn -0.5469 0.6671 0.5059
vn 0.2876 0.4808 0.8283
vn 0.0847 0.7164 0.6926
vn 0.6944 0.5547 0.4583
vn 0.4483 0.7463 0.4920
vn -0.2769 0.8186 -0.5031
vn -0.6502 0.7572 0.0622
vn -0.1542 0.8260 0.5422
vn 0.6508 0.7539 0.0897
vn 0.3439 0.8451 -0.4093
vn 0.4764 0.5935 -0.6487
vn -0.3460 0.9008 0.2625
vn -0.3252 0.9380 -0.1201
vn -0.5552 0.7829 -0.2807
vn 0.2147 0.9131 0.3467
vn 0.3502 0.9362 0.0292
vn 0.5174 0.8332 -0.1949
vn 0.0039 0.9839 0.1788
vn -0.0634 0.9907 -0.1208
vn 0.0775 0.9247 -0.3728
vn -0.0146 -0.9918 -0.1270
vn -0.0588 -0.9261 -0.3727
vn 0.3574 -0.9290 -0.0959
vn -0.4194 -0.9077 0.0086
vn -0.3737 -0.8487 -0.3742
vn -0.1018 -0.9040 0.4152
vn -0.4142 -0.7933 0.4462
vn 0.4916 -0.8020 0.3394
vn 0.1842 -0.9390 0.2903
vn 0.2873 -0.8501 -0.4413
vn 0.6102 -0.7507 -0.2531
vn 0.1094 -0.7545 -0.6471
vn -0.2950 -0.6633 -0.6877
vn -0.6190 -0.7271 0.2970
vn 0.2587 -0.7461 0.6135
vn 0.6970 -0.7017 0.1478
vn 0.5318 -0.5259 -0.6638
vn -0.7259 -0.6797 -0.1054
vn -0.6264 -0.5760 -0.5251
vn -0.1860 -0.7190 0.6696
vn -0.0344 -0.5292 0.8478
vn 0.7265 -0.5073 -0.4635
vn 0.9057 -0.3627 -0.2195
vn 0.1564 -0.5297 -0.8337
vn -0.5795 -0.3746 0.7238
vn 0.4824 -0.5236 0.7023
vn 0.2219 -0.4126 0.8835
vn 0.7058 -0.4242 0.5674
vn -0.5144 -0.2100 -0.8314
vn -0.7781 -0.5219 0.3496
vn -0.9735 -0.2231 -0.0502
vn -0.3368 -0.2982 0.8931
vn 0.8943 -0.4452 0.0440
vn 0.8911 -0.2917 0.3476
vn 0.8427 -0.1103 -0.5269
vn -0.2289 -0.2211 -0.9480
vn 0.0608 -0.1297 -0.9897
vn -0.8708 -0.3631 -0.3313
vn -0.7617 -0.2117 -0.6124
vn -0.8208 -0.2040 0.5335
vn -0.9619 -0.1440 0.2323
vn -0.0858 -0.0674 0.9940
vn 0.5305 -0.1489 0.8345
vn 0.3781 -0.1445 -0.9144
vn 0.6578 -0.0631 -0.7505
vn 0.2479 -0.0618 0.9668
vn 0.7583 0.1003 0.6441
vn 0.9978 0.0001 0.0661
vn 0.9577 0.1344 -0.2546
vn -0.9261 0.1371 -0.3515
vn -0.3839 0.2175 0.8974
vn 0.9015 0.2338 0.3642
vn -0.7612 0.1399 -0.6333
vn -0.4779 0.3523 -0.8047
vn -0.8329 0.1660 0.5279
vn -0.9532 0.2071 0.2202
vn 0.5062 0.2471 0.8263
vn 0.2062 0.2929 0.9337
vn -0.0681 0.3900 0.9183
vn 0.8928 0.4471 -0.0554
vn 0.7886 0.3819 -0.4819
vn 0.0883 0.3422 -0.9355
vn 0.3307 0.6196 -0.7119
vn 0.3853 0.2023 -0.9003
vn -0.9602 0.2723 -0.0629
vn -0.7729 0.5999 -0.2069
vn -0.7840 0.5433 0.3004
vn -0.6526 0.1268 0.7470
vn -0.5494 0.5586 0.6213
vn 0.6263 0.5428 0.5596
vn 0.7397 0.6417 0.2027
vn 0.6356 0.7251 -0.2652
vn 0.3674 0.7967 -0.4799
vn 0.6182 0.3650 -0.6961
vn -0.6733 0.5116 -0.5338
vn -0.4312 0.7235 -0.5391
vn -0.5730 0.8026 0.1657
vn 0.2933 0.5986 0.7454
vn 0.4285 0.8005 0.4190
vn -0.3928 0.8774 -0.2756
vn 0.0860 0.8660 0.4926
vn 0.4735 0.8804 -0.0254
vn 0.0839 0.9889 -0.1230
vn -0.3225 0.8296 0.4558
vn -0.1057 0.9491 0.2967
vn 0.2585 0.9487 0.1820
vn -0.3079 0.9514 0.0041
vn -0.0662 -0.9923 0.1051
vn -0.1189 -0.9734 0.1959
vn -0.6601 -0.7078 0.2514
vn -0.3832 -0.8640 -0.3267
vn 0.3326 -0.8564 -0.3950
vn 0.5735 -0.7569 0.3136
vn 0.2207 -0.9382 0.2665
vn -0.7252 -0.6613 -0.1918
vn 0.3024 -0.6125 0.7303
vn -0.0707 -0.6466 -0.7596
vn 0.5678 -0.4661 -0.6785
vn -0.7563 -0.4120 -0.5082
vn -0.2936 -0.7421 0.6026
vn -0.0718 -0.3360 0.9391
vn 0.6472 -0.7441 -0.1658
vn 0.9063 -0.4221 -0.0230
vn -0.9666 -0.2542 0.0328
vn 0.8103 -0.2177 0.5441
vn -0.0035 -0.1926 -0.9813
vn 0.5351 0.0275 -0.8444
vn -0.4741 -0.3732 -0.7975
vn -0.8296 -0.2603 0.4939
vn -0.9695 0.1164 -0.2157
vn 0.3942 -0.0249 0.9187
vn 0.9135 -0.0841 -0.3981
vn 0.9858 0.1343 0.1006
vn -0.7379 0.1366 -0.6609
vn -0.3415 0.1899 -0.9205
vn -0.9158 0.2309 0.3288
vn 0.0177 0.2701 0.9627
vn 0.2079 0.4396 -0.8738
vn -0.6394 0.0912 0.7634
vn -0.3524 0.3253 0.8775
vn -0.4633 -0.3012 0.8334
vn 0.7753 0.3882 0.4981
vn 0.8504 0.4404 -0.2880
vn 0.5862 0.6247 -0.5159
vn -0.3744 0.6611 -0.6502
vn -0.6443 0.5332 0.5482
vn -0.6973 0.7051 0.1292
vn 0.3225 0.6182 0.7168
vn -0.7843 0.5311 -0.3208
vn 0.6351 0.7403 0.2203
vn 0.1168 0.8507 -0.5126
vn 0.4622 0.8806 -0.1047
vn -0.3726 0.9075 -0.1939
vn -0.2306 0.7346 0.6381
vn 0.1930 0.9213 0.3377
vn -0.1705 0.9375 0.3033
vn -0.0024 -0.9429 -0.3331
vn 0.0428 0.9947 -0.0937
vn 0.0147 -0.9998 -0.0133
vn -0.4648 -0.6848 -0.5612
vn 0.3191 -0.8283 -0.4605
vn -0.4865 -0.8509 0.1983
vn 0.7216 -0.6542 0.2265
vn 0.2936 -0.8492 0.4390
vn -0.1639 -0.5544 0.8159
vn -0.1228 -0.2968 -0.9470
vn -0.7912 -0.2667 0.5503
vn 0.6278 -0.2150 0.7481
vn 0.5214 -0.3862 -0.7609
vn -0.9029 -0.4106 -0.1270
vn -0.7680 0.0228 -0.6400
vn 0.1383 0.1205 0.9830
vn -0.9342 0.2912 0.2060
vn -0.4430 0.2430 0.8629
vn 0.4861 0.1821 -0.8547
vn 0.8973 -0.3296 -0.2937
vn 0.8816 0.4053 -0.2417
vn -0.1228 0.3611 -0.9244
vn 0.9682 0.0781 0.2377
vn 0.5773 0.5767 0.5780
vn -0.6808 0.5619 -0.4698
vn -0.1867 0.7851 0.5905
vn -0.0200 0.8483 -0.5292
vn -0.4534 0.8903 0.0419
vn 0.5405 0.7389 -0.4023
vn 0.3263 0.9371 0.1240
vn -0.0338 -0.9994 0.0025
vn 0.4353 -0.8229 0.3653
vn -0.2480 -0.8559 0.4538
vn -0.5754 -0.8173 0.0315
vn 0.2236 -0.8605 -0.4577
vn 0.5814 -0.7947 -0.1744
vn -0.2001 -0.5864 0.7849
vn -0.2178 -0.8423 -0.4930
vn -0.3271 -0.4009 -0.8557
vn 0.1316 -0.3046 -0.9433
vn -0.7078 -0.5167 -0.4817
vn -0.6416 -0.3595 0.6776
vn 0.9058 -0.4088 -0.1115
vn 0.8755 -0.1773 0.4494
vn 0.4944 -0.4885 0.7190
vn 0.1027 -0.3032 0.9474
vn 0.6752 -0.4135 -0.6108
vn 0.6429 0.1260 -0.7555
vn -0.8909 -0.4484 0.0727
vn -0.9384 -0.0632 -0.3396
vn -0.6194 0.1009 -0.7786
vn -0.2309 0.1550 0.9605
vn -0.1097 0.4332 -0.8946
vn -0.9033 -0.0945 0.4185
vn -0.9747 0.1980 0.1033
vn 0.4292 0.1691 0.8872
vn -0.7044 0.2531 0.6631
vn 0.4422 0.5383 -0.7174
vn -0.7928 0.4707 -0.3872
vn 0.9773 0.1748 -0.1199
vn 0.7684 0.4250 0.4785
vn 0.7283 0.6694 -0.1463
vn -0.4447 0.7797 -0.4408
vn -0.4098 0.6316 0.6582
vn -0.7754 0.6002 0.1963
vn 0.1996 0.6144 0.7633
vn 0.1582 0.9329 -0.3235
vn 0.4380 0.8435 0.3111
vn -0.4447 0.8725 0.2025
vn -0.0345 0.8604 0.5084
vn -0.0956 0.9897 0.1069
vn 0.1674 -0.9765 0.1358
vn 0.1775 -0.9164 -0.3587
vn 0.4738 -0.8724 0.1204
vn 0.1883 -0.7728 -0.6061
vn 0.6877 -0.7072 -0.1641
vn -0.2047 -0.9561 -0.2098
vn -0.2648 -0.9296 0.2564
vn -0.6002 -0.7970 -0.0674
vn 0.5381 -0.6622 0.5215
vn 0.5373 -0.5509 -0.6386
vn -0.4047 -0.6845 0.6064
vn -0.7149 -0.5541 0.4265
vn 0.0831 -0.8286 0.5536
vn -0.0093 -0.3986 0.9171
vn 0.8740 -0.3481 -0.3389
vn 0.0450 -0.6444 -0.7633
vn -0.3000 -0.7666 -0.5677
vn -0.4228 -0.2289 0.8769
vn -0.9650 -0.2247 0.1355
vn 0.2725 -0.1664 0.9477
vn 0.7796 -0.2264 0.5839
vn 0.9719 -0.2055 0.1149
vn -0.5062 -0.5451 -0.6682
vn -0.2493 -0.3563 -0.9005
vn -0.7394 -0.6260 -0.2477
vn -0.9026 -0.2694 -0.3359
vn -0.8034 -0.0773 0.5905
vn 0.2307 -0.3542 -0.9063
vn 0.6545 -0.1293 -0.7449
vn 0.9346 0.2267 -0.2742
vn -0.7360 0.0169 -0.6768
vn -0.3725 0.2940 0.8802
vn -0.8330 0.4066 0.3751
vn -0.0813 0.0733 -0.9940
vn 0.2913 0.2307 -0.9284
vn -0.4335 0.2813 -0.8561
vn -0.9564 0.2534 -0.1454
vn 0.6292 0.3121 0.7118
vn 0.8582 0.4384 0.2670
vn 0.4317 0.8136 0.3895
vn -0.7289 0.5936 -0.3411
vn 0.6812 0.3989 -0.6139
vn 0.6164 0.7473 -0.2482
vn 0.1857 0.6182 -0.7638
vn -0.4084 0.6701 0.6197
vn -0.4383 0.8787 0.1891
vn -0.0350 0.8318 0.5540
vn -0.3515 0.7008 -0.6208
vn 0.0272 0.9927 0.1171
vn 0.2982 0.9361 -0.1865
vn -0.6684 0.7412 -0.0618
vn -0.2081 0.9505 -0.2307
vn 0.1166 0.8476 -0.5177
vn 0.1487 -0.9732 0.1753
vn 0.5587 -0.8123 0.1676
vn 0.2803 -0.8433 0.4585
vn -0.2414 -0.9244 0.2953
vn -0.4935 -0.8648 -0.0928
vn -0.2236 -0.9474 -0.2290
vn 0.1603 -0.9743 -0.1582
vn 0.4713 -0.7844 -0.4032
vn 0.1338 -0.8255 -0.5484
vn -0.5787 -0.5821 0.5713
vn -0.7049 -0.7015 0.1052
vn -0.1481 -0.7957 0.5873
vn -0.2255 -0.4103 0.8836
vn 0.3177 -0.5390 0.7801
vn 0.6017 -0.4875 0.6327
vn 0.7236 -0.6427 -0.2519
vn 0.8105 -0.5335 0.2419
vn -0.8134 -0.4956 -0.3046
vn 0.2223 -0.2548 0.9411
vn -0.2797 -0.1190 0.9527
vn 0.4698 -0.1508 0.8698
vn 0.7671 -0.2195 0.6028
vn -0.0637 -0.5129 -0.8561
vn 0.2847 -0.3250 -0.9018
vn -0.3942 -0.6964 -0.5996
vn -0.8979 -0.2151 0.3840
vn -0.9765 -0.2149 0.0193
vn 0.0803 -0.0764 0.9938
vn 0.9431 -0.2969 -0.1495
vn 0.5620 -0.4051 -0.7211
vn 0.7909 -0.2298 -0.5672
vn -0.6632 -0.3063 -0.6829
vn -0.4010 -0.1314 -0.9066
vn 0.9485 -0.1136 0.2957
vn 0.8154 0.1460 0.5601
vn 0.8555 0.1034 -0.5074
vn -0.9120 -0.0703 -0.4042
vn -0.1204 0.3101 0.9430
vn 0.4505 0.2062 0.8686
vn 0.5242 0.1296 -0.8417
vn -0.0269 0.0672 -0.9974
vn -0.4999 0.2490 0.8295
vn -0.7513 0.3656 0.5494
vn -0.7125 -0.0203 0.7014
vn 0.9977 0.0537 -0.0402
vn 0.8919 0.3949 0.2204
vn 0.2817 0.3995 -0.8724
vn -0.5814 0.3078 -0.7531
vn -0.9633 0.2608 -0.0638
vn -0.8743 0.2577 -0.4114
vn -0.5455 0.6046 0.5804
vn 0.6349 0.5226 0.5691
vn 0.8922 0.3879 -0.2314
vn 0.5590 0.5902 -0.5824
vn -0.1650 0.5239 -0.8356
vn 0.2766 0.5985 0.7519
vn -0.0950 0.6338 0.7676
vn 0.6377 0.7355 0.2290
vn 0.7030 0.6917 -0.1654
vn -0.6118 0.7874 0.0757
vn -0.8978 0.3690 0.2405
vn 0.2966 0.8897 0.3471
vn 0.1577 0.8327 -0.5308
vn -0.6545 0.6459 -0.3930
vn -0.2333 0.8306 -0.5057
vn -0.1920 0.8526 0.4860
vn 0.3956 0.9055 -0.1535
vn -0.3033 0.9350 -0.1837
vn -0.1295 0.9737 0.1873
vn 0.0939 0.9866 -0.1338
vn 0.9276 -0.3432 0.1474
vn -0.2257 -0.7030 -0.6745
vn -0.1796 -0.9618 -0.2068
vn 0.0115 -0.8318 -0.5549
vn -0.5996 -0.7853 -0.1540
vn -0.7316 -0.4279 -0.5307
vn 0.2729 -0.9614 -0.0344
vn 0.7222 -0.5730 0.3873
vn -0.5719 -0.6972 0.4323
vn -0.2193 -0.3543 -0.9091
vn 0.9553 -0.2832 0.0845
vn 0.3242 -0.5047 -0.8001
vn -0.5479 -0.1937 -0.8138
vn -0.9484 -0.3167 -0.0176
vn -0.5561 -0.3932 0.7322
vn -0.0287 0.1373 -0.9901
vn -0.8229 0.0620 0.5648
vn 0.4575 -0.2341 0.8579
vn -0.9864 0.1434 -0.0797
vn 0.1085 -0.9760 0.1889
vn 0.3086 -0.6632 0.6819
vn 0.3665 -0.8905 -0.2697
vn 0.7246 -0.1434 -0.6741
vn 0.7920 -0.6049 -0.0827
vn -0.8065 0.2037 -0.5550
vn -0.4082 0.5385 -0.7372
vn -0.1074 -0.0950 0.9897
vn 0.5236 -0.7698 0.3650
vn -0.1148 0.4578 0.8816
vn 0.2978 0.5581 -0.7745
vn -0.4906 0.7894 -0.3690
vn -0.8422 0.5386 -0.0270
vn 0.6028 -0.3269 0.7278
vn 0.8133 -0.3789 0.4416
vn -0.6306 0.5785 0.5174
vn 0.9404 0.1621 -0.2989
vn 0.9722 0.1085 0.2075
vn 0.2307 0.8770 -0.4215
vn 0.7693 0.1565 0.6194
vn 0.6794 0.7166 -0.1578
vn -0.2806 0.8930 0.3518
vn 0.4139 0.0450 0.9092
vn 0.3467 0.6540 0.6724
vn -0.3662 0.9288 -0.0559
vn 0.0031 0.9955 -0.0946
vn 0.5260 0.7998 0.2892
vn 0.6409 -0.7590 -0.1148
vn -0.6870 -0.3671 -0.6271
vn -0.9603 -0.0663 -0.2710
vn -0.6771 0.1563 -0.7191
vn -0.8867 -0.4316 -0.1655
vn -0.9490 -0.1584 0.2726
vn -0.2396 -0.2161 -0.9465
vn -0.2580 -0.7502 -0.6088
vn -0.9374 0.2588 0.2330
vn -0.8841 0.4409 -0.1548
vn -0.5733 -0.7846 -0.2362
vn -0.7614 -0.5941 0.2595
vn -0.2849 -0.9543 0.0900
vn -0.6022 0.6974 -0.3886
vn -0.6046 -0.1730 0.7775
vn -0.5697 -0.5703 0.5918
vn 0.2568 -0.3547 -0.8990
vn 0.2882 -0.8749 -0.3893
vn -0.1819 0.3503 -0.9188
vn -0.7089 0.1866 0.6802
vn 0.2255 -0.9667 0.1210
vn -0.2222 0.7853 -0.5778
vn -0.6099 0.6027 0.5145
vn -0.0435 -0.8065 0.5897
vn -0.1477 -0.4793 0.8651
vn 0.3593 0.4644 -0.8095
vn 0.5797 -0.5567 -0.5950
vn 0.6871 -0.7193 0.1022
vn 0.7852 -0.1504 -0.6008
vn -0.3939 0.9141 0.0959
vn 0.1361 0.9344 -0.3292
vn -0.1994 0.1750 0.9642
vn -0.1191 0.6469 0.7532
vn 0.1475 -0.2204 0.9642
vn 0.7024 0.5708 -0.4254
vn 0.1576 0.9427 0.2940
vn 0.9664 -0.0175 -0.2564
vn 0.5737 0.8163 0.0674
vn 0.9490 -0.2181 0.2278
vn 0.5219 -0.5486 0.6532
vn 0.4335 0.2987 0.8502
vn 0.6535 -0.0364 0.7561
vn 0.9085 0.4175 -0.0186
vn 0.4507 0.6460 0.6161
vn 0.8270 0.3473 0.4421
vn -0.8885 -0.2841 -0.3602
vn -0.2115 -0.3515 -0.9120
vn -0.4736 -0.7536 -0.4558
vn -0.6348 -0.0567 -0.7706
vn -0.9367 0.3490 0.0288
vn -0.6191 0.4836 -0.6188
vn 0.0148 -0.9095 -0.4154
vn -0.7469 -0.6431 0.1691
vn -0.0565 0.3255 -0.9438
vn -0.0611 -0.9707 0.2323
vn 0.4770 0.0429 -0.8778
vn 0.3599 -0.4964 -0.7899
vn 0.7271 -0.5652 -0.3897
vn 0.3264 0.7000 -0.6351
vn 0.0399 -0.6358 0.7708
vn 0.8488 0.0878 -0.5214
vn -0.0992 0.9540 -0.2829
vn -0.7189 0.3286 0.6125
vn -0.4367 0.8846 0.1636
vn -0.6489 -0.3340 0.6836
vn -0.0692 0.0649 0.9955
vn 0.9852 -0.1577 0.0665
vn 0.5020 -0.8634 0.0507
vn 0.6772 -0.3765 0.6322
vn 0.7009 0.7121 -0.0412
vn 0.2771 0.8670 0.4142
vn -0.2253 0.7132 0.6638
vn 0.8813 0.3811 0.2796
vn 0.4541 0.3564 0.8165
vn -0.5858 0.0980 -0.8045
vn -0.3342 -0.7594 -0.5582
vn -0.9924 0.1157 0.0428
vn -0.1755 0.9792 -0.1018
vn 0.0858 0.4456 -0.8911
vn -0.5581 -0.7559 0.3423
vn 0.4494 -0.4660 -0.7622
vn 0.4854 -0.8398 0.2432
vn 0.7783 0.5265 -0.3420
vn 0.9819 -0.1892 0.0033
vn -0.4637 0.5216 0.7162
vn 0.5187 0.3552 0.7777
vn -0.1727 -0.3644 0.9151
vn -0.9057 -0.3983 -0.1449
vn -0.0621 -0.1003 -0.9930
vn -0.0578 -0.7907 -0.6095
vn -0.7995 0.2904 -0.5259
vn -0.6350 0.5131 0.5775
vn -0.2214 0.8714 -0.4377
vn -0.5469 -0.4655 0.6958
vn -0.1067 -0.9621 0.2511
vn 0.4309 0.6787 0.5947
vn 0.2917 -0.2281 0.9289
vn 0.6170 -0.7792 -0.1104
vn 0.8638 0.0666 -0.4995
vn 0.8984 -0.1235 0.4214
vn -0.6177 -0.5186 -0.5911
vn -0.0163 -0.0807 -0.9966
vn 0.4199 -0.5013 -0.7566
vn -0.4524 0.4306 -0.7810
vn -0.9827 -0.1197 -0.1410
vn -0.2383 0.8664 -0.4389
vn 0.6333 0.3044 -0.7115
vn -0.4436 -0.8009 0.4022
vn -0.7897 -0.0349 0.6125
vn -0.0793 -0.9510 -0.2990
vn 0.9951 -0.0696 -0.0701
vn -0.5746 0.7803 0.2470
vn 0.6379 0.7686 -0.0485
vn -0.2391 0.0053 0.9710
vn 0.7844 -0.6153 0.0785
vn 0.3032 -0.7701 0.5613
vn 0.4139 -0.1090 0.9038
vn 0.8362 0.2053 0.5086
vn 0.1642 0.7863 0.5956
vn 0.2180 0.9454 -0.2423
vn 0.6383 -0.1378 -0.7574
vn -0.5170 0.3001 -0.8017
vn -0.7367 0.6708 0.0858
vn -0.9009 -0.3806 0.2086
vn -0.3565 0.0336 0.9337
vn -0.4428 -0.5848 -0.6797
vn 0.3838 0.7590 0.5259
vn 0.9453 -0.0582 0.3209
vn 0.0634 -0.9975 0.0300
vn 0.3728 -0.6462 0.6659
vn -0.7143 -0.1667 -0.6797
vn -0.7816 0.6238 -0.0028
vn -0.1676 0.8697 -0.4643
vn 0.1133 0.2027 -0.9727
vn 0.8264 0.4613 -0.3231
vn -0.8271 -0.4657 0.3149
vn -0.4397 0.3725 0.8173
vn 0.8190 -0.5023 -0.2773
vn 0.6459 0.0518 0.7617
vn 0.2493 0.9080 0.3366
vn 0.0519 -0.7596 0.6484
vn -0.0673 -0.8216 -0.5661
vn -0.2364 0.2768 -0.9314
vn 0.4353 -0.1186 -0.8925
vn -0.7106 -0.5483 -0.4409
vn 0.3613 -0.8709 -0.3332
vn -0.8811 0.0934 -0.4636
vn -0.9118 -0.0299 0.4096
vn 0.4323 0.8745 -0.2199
vn -0.3037 -0.8922 0.3341
vn -0.3026 0.0863 0.9492
vn 0.9985 -0.0476 -0.0265
vn 0.5594 -0.4532 0.6940
vn 0.4534 0.6045 0.6550
vn -0.8192 -0.0489 -0.5714
vn -0.1009 0.7727 -0.6267
vn -0.0794 -0.0206 -0.9966
vn 0.0400 -0.7899 -0.6119
vn -0.8451 -0.4271 -0.3216
vn -0.3030 -0.9432 0.1360
vn 0.7689 -0.0953 -0.6323
vn -0.8710 -0.1596 0.4645
vn -0.6887 0.7047 0.1705
vn 0.2303 0.8901 0.3932
vn 0.8468 -0.5124 0.1426
vn 0.7570 0.6531 -0.0200
vn -0.1783 0.0634 0.9819
vn 0.5414 -0.2561 0.8008
vn -0.8865 0.3404 -0.3133
vn 0.5204 0.3728 -0.7682
vn -0.4406 -0.1449 -0.8859
vn -0.7233 -0.6087 0.3262
vn -0.6141 0.3711 0.6966
vn 0.3127 0.5515 0.7733
vn 0.1123 0.9884 -0.1019
vn 0.1120 -0.8666 -0.4863
vn 0.2936 -0.5917 0.7508
vn 0.9888 -0.1234 0.0839
vn -0.5435 0.0474 -0.8380
vn 0.6899 0.1698 -0.7037
vn 0.2229 -0.7494 -0.6234
vn -0.7414 0.6633 0.1018
vn 0.5117 0.7897 0.3385
vn 0.0630 0.7619 -0.6447
vn -0.7605 -0.5984 -0.2522
vn -0.8030 -0.1012 0.5873
vn 0.9460 -0.3236 0.0177
vn -0.0357 0.1819 0.9827
vn -0.0880 -0.9104 0.4042
vn 0.5683 -0.3081 0.7630
vn -0.9547 -0.0901 -0.2835
vn -0.2346 0.6529 -0.7202
vn -0.0304 -0.9318 -0.3617
vn -0.7755 -0.5589 0.2936
vn -0.7335 0.2526 0.6310
vn 0.1375 -0.6633 0.7356
vn 0.5695 0.7996 -0.1904
vn 0.8961 0.0486 -0.4411
vn -0.3702 -0.2684 -0.8893
vn 0.8851 -0.4650 0.0189
vn 0.3957 0.2426 0.8858
vn 0.8577 0.4907 0.1537
vn -0.1609 0.9341 0.3187
vn -0.2487 -0.1970 -0.9483
vn -0.9505 0.3079 0.0426
vn -0.3754 0.6569 -0.6538
vn -0.3606 0.8177 0.4488
vn 0.4840 0.7208 -0.4961
vn -0.5554 -0.8023 -0.2187
vn -0.5574 -0.2102 0.8032
vn 0.6561 -0.6389 -0.4018
vn 0.3874 0.5851 0.7124
vn 0.9239 0.0057 0.3826
vn 0.1464 -0.7552 0.6389
vn -0.2256 0.3714 -0.9006
vn -0.5187 0.8308 -0.2018
vn 0.7033 0.5532 -0.4464
vn 0.4734 -0.4088 -0.7803
vn -0.9217 -0.2410 -0.3038
vn -0.6194 0.4763 0.6241
vn 0.2982 0.8787 0.3728
vn -0.3716 -0.7400 -0.5606
vn 0.0914 -0.9791 0.1815
vn 0.9542 -0.1244 0.2720
vn 0.3428 -0.0559 0.9377
vn -0.5135 -0.4069 0.7555
vn -0.1266 0.6667 -0.7345
vn -0.9578 0.2278 -0.1754
vn -0.3392 0.9305 0.1385
vn 0.7311 0.6444 0.2240
vn -0.3664 -0.3773 -0.8505
vn -0.8487 -0.3239 0.4180
vn 0.9850 -0.1712 0.0217
vn 0.6654 -0.1040 -0.7392
vn -0.1255 0.5235 0.8427
vn -0.0342 -0.9724 -0.2306
vn 0.3590 -0.8256 0.4354
vn 0.3543 -0.2130 0.9105
vn 0.1129 0.8621 -0.4940
vn -0.9117 0.3839 0.1467
vn -0.1943 0.7747 0.6017
vn 0.8037 0.5347 0.2611
vn -0.2610 0.2070 -0.9429
vn -0.8038 -0.4919 -0.3344
vn 0.0506 -0.6269 -0.7775
vn 0.8957 -0.1213 -0.4278
vn 0.2696 -0.1091 0.9568
vn 0.4018 -0.9015 0.1605
vn -0.6832 0.7153 0.1470
vn 0.5855 0.8081 -0.0638
vn -0.1909 0.4843 -0.8538
vn 0.5634 -0.3532 -0.7469
vn -0.4208 0.2312 0.8772
vn 0.3980 0.4482 0.8004
vn -0.7423 -0.3020 -0.5982
vn -0.6399 -0.5756 0.5092
vn -0.2559 -0.9294 -0.2658
vn 0.9715 -0.1824 0.1517
vn 0.4943 -0.6905 0.5281
vn -0.9744 -0.2229 0.0288
vn -0.3486 -0.8688 -0.3515
vn 0.1615 -0.9853 -0.0553
vn -0.8110 -0.5431 0.2174
vn -0.5956 -0.7697 -0.2298
vn -0.0076 -0.6440 -0.7650
vn 0.2911 -0.9050 0.3101
vn -0.0679 -0.9890 -0.1317
vn -0.9130 -0.3940 0.1060
vn -0.9149 -0.3669 0.1686
vn 0.7895 -0.5598 0.2515
vn -0.4228 -0.8337 -0.3551
vn -0.2732 -0.7113 -0.6476
vn 0.6029 -0.2378 -0.7615
vn 0.5177 -0.7231 -0.4573
vn 0.8893 -0.3970 -0.2272
vn 0.4646 -0.6025 0.6489
vn 0.0742 -0.4720 0.8785
vn 0.0931 -0.9193 0.3824
vn -0.2019 -0.3899 0.8984
vn -0.0330 -0.0989 -0.9946
vn 0.8488 -0.0692 0.5241
vn -0.6693 -0.3963 0.6284
vn -0.4115 -0.9050 0.1083
vn 0.8791 0.2962 -0.3734
vn 0.9986 0.0242 0.0473
vn -0.4995 -0.6885 0.5257
vn -0.8319 -0.5473 -0.0921
vn -0.5925 -0.3399 -0.7304
vn 0.5818 0.3101 -0.7519
vn -0.3891 -0.0435 0.9202
vn -0.9696 -0.0005 -0.2446
vn -0.7381 0.2333 -0.6331
vn 0.6925 0.7042 -0.1568
vn 0.8566 0.4228 0.2958
vn -0.4646 0.6836 -0.5628
vn -0.0677 0.4029 -0.9127
vn 0.2653 0.8202 -0.5069
vn 0.4783 0.8580 0.1874
vn 0.4430 0.5722 0.6902
vn -0.6816 -0.2617 0.6833
vn -0.8080 -0.5040 0.3052
vn -0.9183 0.0144 0.3956
vn 0.0532 0.8892 0.4545
vn 0.0240 0.3066 0.9515
vn -0.4277 0.3439 0.8360
vn -0.5261 0.8455 -0.0916
vn -0.0144 0.9995 -0.0273
vn -0.8590 0.5086 0.0584
vn -0.5193 0.7062 0.4813
vn 0.2942 0.0707 -0.9531
vn 0.7264 0.0771 -0.6830
vn 0.5903 -0.5745 -0.5670
vn 0.8164 0.5540 -0.1629
vn 0.9873 0.0313 -0.1557
vn 0.8040 -0.2654 0.5322
vn 0.7669 -0.6380 0.0687
vn 0.9654 -0.2125 0.1511
vn 0.9130 0.3280 0.2424
vn 0.7748 0.1416 0.6161
vn 0.1837 -0.9636 0.1944
vn -0.1598 -0.8423 -0.5148
vn 0.2780 -0.9286 -0.2459
vn -0.2720 -0.3144 -0.9095
vn 0.2358 -0.5170 -0.8229
vn -0.1509 0.3949 -0.9062
vn 0.5266 0.6035 -0.5988
vn -0.6464 -0.6900 -0.3256
vn 0.0570 0.8375 -0.5434
vn 0.6376 0.6027 0.4798
vn 0.3386 0.9381 -0.0737
vn 0.2810 0.8847 0.3719
vn -0.7087 -0.0630 -0.7027
vn 0.2168 0.5035 0.8364
vn -0.5626 0.5832 -0.5860
vn -0.0391 -0.7105 0.7026
vn -0.5273 -0.5830 0.6182
vn -0.5073 -0.8407 0.1893
vn -0.2810 0.9334 -0.2231
vn -0.3357 0.9236 0.1853
vn -0.1054 0.3066 0.9460
vn 0.4787 0.0067 0.8780
vn 0.1854 -0.2343 0.9543
vn -0.3541 -0.1719 0.9193
vn -0.9681 0.0862 -0.2353
vn -0.7959 0.5940 -0.1172
vn -0.3347 0.7189 0.6093
vn -0.8135 -0.1435 0.5635
vn -0.5561 0.2800 0.7825
vn -0.8443 0.4158 0.3381
vn -0.9550 -0.2565 0.1487
vn 0.8026 -0.2704 -0.5318
vn 0.9492 -0.2372 0.2068
vn 0.5490 -0.7767 -0.3087
vn 0.2566 -0.4405 -0.8603
vn 0.3168 0.2591 -0.9124
vn 0.4647 -0.8635 0.1961
vn -0.1534 -0.8700 -0.4686
vn 0.9502 0.3116 -0.0027
vn 0.7989 0.3314 -0.5018
vn -0.4049 -0.5204 -0.7518
vn -0.4785 -0.0553 -0.8763
vn 0.6955 0.3224 0.6422
vn 0.0171 -0.7684 0.6398
vn -0.0281 -0.9961 0.0837
vn -0.3867 0.5052 -0.7715
vn 0.1557 0.8116 -0.5630
vn 0.5939 0.7977 0.1043
vn 0.6066 -0.3815 0.6975
vn -0.5157 -0.8567 -0.0075
vn -0.8391 -0.4249 -0.3397
vn -0.0794 0.9923 -0.0946
vn 0.0902 -0.0594 0.9941
vn -0.4517 -0.5587 0.6956
vn -0.9396 0.2565 -0.2266
vn -0.5664 0.8022 -0.1889
vn -0.0819 0.8919 0.4447
vn -0.8553 -0.4058 0.3221
vn -0.9284 0.0188 0.3712
vn 0.2244 0.5758 0.7862
vn -0.4541 0.2466 0.8562
vn -0.6482 0.6520 0.3933
vn -0.2496 -0.5960 -0.7632
vn 0.0141 0.2269 -0.9738
vn 0.9508 -0.1606 -0.2649
vn 0.4996 0.7718 -0.3934
vn -0.9818 -0.0371 -0.1861
vn 0.4881 -0.4873 0.7241
vn 0.1063 -0.9885 -0.1079
vn -0.4104 0.9013 -0.1388
vn 0.5619 0.5963 0.5733
vn -0.5738 -0.5210 0.6318
vn -0.3299 0.4332 0.8388
vn -0.1557 -0.6597 -0.7352
vn 0.5061 0.0298 -0.8619
vn 0.6865 -0.6516 -0.3227
vn 0.9837 0.0705 0.1655
vn 0.0286 -0.9948 0.0981
vn -0.8145 -0.4295 -0.3899
vn -0.4429 0.4048 -0.8000
vn -0.1441 0.9728 0.1817
vn 0.3378 0.6196 0.7085
vn 0.3767 0.8205 -0.4300
vn 0.3859 -0.4168 0.8230
vn -0.6238 -0.6136 0.4840
vn -0.9016 0.4319 0.0230
vn -0.4952 0.2514 0.8316
vn 0.2211 -0.8603 -0.4593
vn -0.5402 -0.4715 -0.6970
vn -0.0450 -0.1649 -0.9853
vn -0.5901 0.3679 -0.7187
vn 0.2590 0.5188 -0.8147
vn 0.1086 0.9925 -0.0570
vn 0.8745 0.4354 -0.2138
vn -0.3657 -0.9279 0.0718
vn -0.5627 0.8175 -0.1229
vn -0.9669 -0.2443 -0.0736
vn 0.0300 0.5014 0.8647
vn 0.7713 0.2681 0.5772
vn -0.1717 -0.4144 0.8937
vn 0.5016 -0.6757 0.5402
vn -0.8392 0.5027 0.2075
vn -0.7436 -0.0201 0.6683
vn 0.8298 -0.5469 -0.1115
vn 0.3971 0.3405 -0.8523
vn 0.8780 0.4332 0.2038
vn -0.0231 -0.8067 -0.5905
vn -0.1800 0.9788 -0.0976
vn 0.0474 0.5403 0.8401
vn 0.1142 -0.6341 0.7648
vn -0.8852 -0.4480 -0.1254
vn -0.5946 0.2501 -0.7641
vn -0.8066 0.1554 0.5703
vn 0.1233 0.8811 0.4566
vn 0.7694 0.3556 0.5306
vn 0.5357 0.4395 -0.7210
vn 0.8401 -0.3691 -0.3976
vn -0.3337 -0.3479 -0.8761
vn -0.4068 0.6237 -0.6675
vn -0.2522 -0.9670 -0.0352
vn -0.9793 -0.1212 0.1619
vn -0.6347 0.7471 0.1975
vn 0.7307 0.6324 -0.2571
vn 0.9149 -0.3992 -0.0595
vn 0.5632 -0.2655 -0.7825
vn 0.0191 -0.9651 -0.2613
vn -0.1464 0.5933 -0.7916
vn 0.8373 0.1950 0.5108
vn 0.2892 -0.6376 0.7141
vn -0.9154 -0.1031 -0.3892
vn -0.2646 -0.3848 -0.8843
vn 0.0082 0.9839 0.1783
vn 0.2372 0.4337 0.8693
vn -0.6422 -0.6407 0.4208
vn -0.8227 0.5501 0.1435
vn -0.4480 0.2517 0.8579
vn 0.2143 -0.4503 -0.8668
vn 0.7769 0.4132 -0.4752
vn 0.8022 -0.5111 -0.3086
vn -0.1314 0.4877 -0.8631
vn 0.4543 0.7245 0.5183
vn 0.8625 -0.2904 0.4144
vn 0.1268 -0.9712 -0.2018
vn -0.0711 0.9800 -0.1861
vn -0.0717 -0.7958 0.6014
vn -0.7742 -0.6213 -0.1207
vn -0.5176 -0.4225 -0.7440
vn -0.0539 0.1689 0.9842
vn -0.8788 0.2484 -0.4075
vn -0.6684 0.7274 0.1553
vn -0.8908 -0.0035 0.4544
vn 0.8510 0.5165 -0.0951
vn 0.9073 -0.3135 0.2803
vn 0.4329 -0.4542 -0.7787
vn 0.0739 -0.9966 0.0352
vn -0.7941 -0.3449 -0.5004
vn 0.0102 0.4054 -0.9141
vn -0.7222 0.5966 -0.3499
vn 0.1092 -0.0071 0.9940
vn -0.8199 -0.3347 0.4644
vn -0.5226 0.6899 0.5009
vn -0.1090 -0.0339 -0.9935
vn 0.5536 0.8058 -0.2104
vn 0.8433 -0.2184 -0.4911
vn -0.5977 0.6214 -0.5066
vn 0.4739 0.4963 0.7274
vn 0.7527 -0.5103 0.4160
vn -0.0954 -0.9953 -0.0148
vn -0.9328 -0.3526 -0.0742
vn -0.2308 -0.2800 0.9319
vn -0.0686 0.0448 -0.9966
vn -0.2394 0.8656 -0.4398
vn 0.7515 0.5871 -0.3008
vn 0.3757 0.8610 0.3427
vn -0.3571 -0.8840 -0.3016
vn 0.3581 -0.8422 -0.4030
vn 0.1014 -0.5328 0.8401
vn -0.6075 -0.6754 0.4181
vn -0.8700 0.1252 -0.4768
vn -0.4269 0.5838 0.6906
vn 0.4240 0.1822 0.8871
vn -0.8226 0.4666 0.3249
vn 0.2851 -0.7745 -0.5647
vn -0.6143 -0.1353 -0.7774
vn 0.4742 0.3835 -0.7925
vn 0.3571 0.8131 0.4597
vn 0.9981 0.0038 -0.0620
vn -0.3696 0.8889 -0.2706
vn 0.3718 -0.2024 0.9060
vn 0.0423 -0.9576 0.2848
vn -0.9563 -0.2529 0.1468
vn -0.6086 0.2176 0.7630
vn 0.8536 0.0992 0.5115
vn 0.5045 -0.8431 -0.1862
vn 0.6424 -0.1112 -0.7582
vn -0.6092 0.6772 0.4126
vn 0.6424 0.7569 0.1202
vn 0.1218 0.7352 -0.6669
vn -0.7495 0.4642 -0.4719
vn -0.2039 0.0291 0.9786
vn 0.2647 -0.6809 0.6829
vn -0.7503 -0.6585 0.0575
vn -0.3671 -0.3641 -0.8560
vn 0.8321 -0.4900 -0.2600
vn 0.0310 -0.3608 -0.9321
vn 0.2319 0.3440 -0.9099
vn 0.9445 0.1633 0.2849
vn 0.6512 0.6201 -0.4375
vn 0.1881 0.7265 0.6609
vn -0.4921 0.6230 -0.6081
vn -0.2663 0.9620 0.0608
vn 0.0759 -0.9810 -0.1786
vn -0.7778 -0.3287 -0.5357
vn 0.3688 -0.4158 0.8313
vn -0.5705 -0.7704 0.2846
vn -0.9129 0.2922 0.2850
vn -0.4166 -0.1717 0.8927
vn 0.9291 0.2327 -0.2874
vn -0.1294 -0.1289 -0.9832
vn -0.1358 0.7302 -0.6696
vn -0.9445 0.3227 -0.0612
vn 0.3726 0.9159 0.1493
vn 0.4555 -0.6633 -0.5938
vn -0.4922 -0.8598 -0.1358
vn -0.7190 0.0687 0.6916
vn 0.3126 0.4796 0.8199
vn 0.6589 -0.6652 0.3512
vn -0.1231 -0.4594 0.8797
vn 0.3933 0.5698 -0.7216
vn -0.0111 0.9522 0.3053
vn 0.8363 0.4640 0.2920
vn -0.0177 -0.9568 -0.2902
vn -0.4480 -0.2650 -0.8538
vn 0.5674 -0.1944 -0.8002
vn 0.7780 -0.5403 0.3205
vn -0.9560 -0.2799 -0.0880
vn -0.5990 0.6115 -0.5170
vn -0.7926 0.3486 0.5003
vn 0.0216 -0.0727 0.9971
vn -0.3171 -0.7537 0.5756
vn -0.4627 -0.8640 -0.1986
vn -0.0233 -0.7354 -0.6773
vn 0.1037 -0.9905 0.0900
vn -0.5113 -0.6835 0.5210
vn 0.7156 -0.5541 0.4253
vn 0.2552 -0.6611 0.7056
vn -0.2518 -0.2586 0.9326
vn -0.6240 -0.3112 -0.7168
vn 0.4858 -0.4149 -0.7693
vn 0.5225 -0.8210 -0.2299
vn 0.8797 -0.4486 -0.1579
vn 0.8245 0.1096 -0.5551
vn 0.9611 0.0782 0.2649
vn 0.5084 0.0345 0.8604
vn -0.9614 0.0980 -0.2572
vn -0.8895 -0.4530 -0.0598
vn -0.4933 0.3673 -0.7885
vn -0.0888 -0.1987 -0.9760
vn -0.2768 0.4030 0.8723
vn 0.4682 0.6262 0.6234
vn -0.8539 0.0848 0.5135
vn -0.8108 0.5843 -0.0354
vn 0.2623 0.2943 -0.9190
vn 0.3150 0.8395 -0.4427
vn -0.3649 0.8384 0.4048
vn -0.3276 0.8250 -0.4604
vn 0.1649 0.9768 0.1364
vn 0.8090 0.5780 -0.1069
vn 0.2811 -0.8997 -0.3339
vn 0.5458 -0.8351 0.0688
vn -0.0013 -0.9845 0.1756
vn -0.3970 -0.7992 0.4513
vn -0.5543 -0.8316 -0.0355
vn 0.7933 -0.5127 -0.3283
vn 0.6164 -0.5640 0.5495
vn 0.1820 -0.7554 0.6294
vn 0.2292 -0.4749 -0.8497
vn -0.0935 -0.8759 -0.4734
vn 0.7212 -0.0666 -0.6895
vn 0.9898 0.1408 0.0208
vn 0.9042 -0.3769 0.2009
vn -0.1276 0.2932 -0.9475
vn 0.2723 -0.0296 -0.9618
vn 0.8865 0.2644 -0.3797
vn 0.8382 0.0737 0.5403
vn -0.6815 0.2205 0.6978
vn -0.9239 0.2729 0.2682
vn -0.8175 -0.3239 0.4762
vn -0.5241 0.6934 -0.4946
vn -0.6848 0.1803 -0.7061
vn 0.7835 0.5846 0.2107
vn 0.5324 0.5114 0.6746
vn 0.4113 -0.1172 0.9039
vn -0.7922 0.5958 -0.1318
vn -0.9644 0.1225 -0.2345
vn 0.4051 0.5715 -0.7136
vn 0.5455 0.8151 -0.1951
vn -0.1424 0.6152 0.7754
vn 0.2273 0.2300 0.9463
vn -0.2438 0.1181 0.9626
vn -0.5395 0.8051 0.2465
vn -0.0641 0.9065 -0.4174
vn 0.3538 0.8315 0.4282
vn -0.1264 0.8617 0.4914
vn 0.0282 0.9976 0.0639
vn -0.0196 -0.9755 0.2193
vn -0.5948 -0.7990 0.0884
vn -0.2314 -0.9651 -0.1228
vn 0.1639 -0.9483 -0.2718
vn 0.3517 -0.9068 0.2323
vn -0.3741 -0.7897 -0.4862
vn 0.4024 -0.6758 0.6175
vn -0.1455 -0.8021 0.5792
vn -0.6242 -0.6072 0.4917
vn 0.0310 -0.5763 -0.8166
vn 0.2733 -0.7929 -0.5447
vn -0.0916 -0.4052 0.9096
vn -0.4014 -0.2548 0.8798
vn -0.2392 -0.2422 -0.9403
vn -0.4527 -0.5344 -0.7138
vn 0.9683 -0.2121 0.1320
vn 0.7412 -0.6064 0.2877
vn 0.6667 -0.7296 -0.1524
vn 0.7317 -0.0868 0.6760
vn 0.2715 -0.2174 0.9375
vn 0.4021 -0.2758 -0.8730
vn 0.5628 -0.5636 -0.6046
vn -0.9596 0.1814 0.2150
vn -0.9058 -0.3804 -0.1868
vn -0.9230 -0.2883 0.2548
vn -0.6134 0.0257 -0.7894
vn -0.7282 -0.3860 -0.5663
vn 0.8570 -0.2671 -0.4406
vn 0.2368 0.3209 0.9170
vn -0.9153 0.1142 -0.3862
vn -0.3260 0.2662 0.9071
vn -0.6376 0.5967 0.4872
vn -0.7599 0.0297 0.6494
vn -0.3365 0.3371 -0.8793
vn 0.1019 0.1552 -0.9826
vn 0.8316 0.1311 -0.5396
vn 0.9554 0.2935 -0.0317
vn 0.7657 0.4239 0.4837
vn -0.2544 0.7181 0.6478
vn -0.8579 0.5115 0.0479
vn -0.6983 0.5237 -0.4880
vn -0.6221 0.7825 -0.0259
vn 0.1354 0.6264 -0.7677
vn 0.5153 0.1970 -0.8340
vn 0.6404 0.6069 -0.4707
vn 0.6001 0.7855 0.1515
vn 0.2042 0.7947 0.5716
vn -0.2794 0.9531 0.1165
vn -0.2585 0.8679 -0.4242
vn -0.2341 0.6783 -0.6965
vn 0.3092 0.8820 -0.3556
vn 0.1753 0.9832 0.0501
vn 0.2863 -0.8157 0.5027
vn -0.0530 -0.8722 0.4862
vn 0.1551 -0.9874 0.0303
vn -0.5212 -0.8453 0.1177
vn -0.2425 -0.9446 0.2210
vn -0.6844 -0.6487 -0.3328
vn -0.2442 -0.9194 -0.3082
vn 0.1200 -0.8866 -0.4468
vn 0.6206 -0.7720 0.1375
vn 0.1654 -0.3967 0.9030
vn -0.1654 -0.6634 0.7298
vn 0.6639 -0.6145 0.4261
vn 0.5040 -0.4245 0.7522
vn -0.5044 -0.4217 0.7535
vn -0.7564 -0.2695 0.5961
vn -0.4749 -0.7386 0.4785
vn -0.7657 -0.6211 0.1673
vn -0.3388 -0.6020 -0.7230
vn -0.9546 -0.1804 0.2370
vn -0.9581 -0.2747 -0.0806
vn 0.9108 -0.4069 -0.0699
vn 0.9000 -0.2314 0.3694
vn 0.6730 -0.0421 0.7384
vn -0.8119 -0.1959 -0.5500
vn -0.3671 -0.1938 -0.9097
vn 0.1159 -0.1669 -0.9791
vn 0.3648 -0.5659 -0.7394
vn 0.0432 -0.6538 -0.7555
vn -0.4229 0.0536 0.9046
vn -0.6380 0.2481 0.7290
vn 0.5753 -0.1279 -0.8079
vn 0.6070 -0.5913 -0.5309
vn -0.9696 0.1846 -0.1609
vn 0.8525 0.1920 -0.4863
vn 0.9849 -0.0065 -0.1731
vn 0.8385 -0.3220 -0.4397
vn 0.9429 0.1710 0.2858
vn 0.6061 0.4670 0.6438
vn 0.4380 0.0982 0.8936
vn 0.2485 0.5093 0.8239
vn -0.0823 0.2043 0.9754
vn 0.1660 0.0430 0.9852
vn -0.7955 0.2555 -0.5495
vn -0.4908 0.3006 -0.8178
vn 0.4690 0.3247 -0.8213
vn -0.6289 0.5661 0.5330
vn -0.8622 0.1299 0.4896
vn -0.0392 0.3083 -0.9505
vn 0.9250 0.3684 -0.0926
vn -0.2024 0.5566 0.8058
vn -0.6204 0.6785 -0.3933
vn -0.1521 0.6541 -0.7410
vn 0.7018 0.5906 -0.3983
vn 0.6935 0.7204 0.0067
vn 0.7671 0.5843 0.2650
vn 0.1272 0.8182 0.5607
vn -0.2118 0.8813 0.4225
vn -0.5267 0.8255 0.2029
vn -0.7856 0.6188 -0.0014
vn 0.3139 0.7075 -0.6331
vn -0.1149 0.9012 -0.4179
vn 0.4299 0.8830 -0.1884
vn -0.3991 0.9141 -0.0723
vn 0.1908 0.9677 0.1649
vn 0.4087 0.8314 0.3765
vn 0.0412 0.9942 -0.0993
vn -0.8457 0.1752 0.5040
vn -0.6543 -0.7419 -0.1464
vn 0.8748 0.0239 -0.4839
vn -0.2744 -0.8962 0.3487
vn -0.0674 -0.9547 0.2897
vn 0.1507 -0.9446 -0.2916
vn -0.4845 -0.3253 -0.8120
vn -0.8378 -0.2274 -0.4964
vn -0.6652 -0.7466 0.0112
vn -0.8385 0.4746 0.2677
vn -0.2760 -0.9611 0.0046
vn 0.8482 -0.0761 0.5241
vn -0.9438 -0.1956 0.2664
vn 0.3273 -0.2511 0.9110
vn -0.8333 -0.0171 -0.5526
vn 0.8226 0.0692 0.5644
vn -0.7351 -0.4625 0.4957
vn -0.1768 -0.4199 -0.8902
vn -0.2675 0.5585 0.7852
vn -0.4246 0.2055 -0.8817
vn 0.4177 -0.1522 -0.8958
vn 0.8334 0.2805 0.4762
vn 0.2642 -0.9644 0.0078
vn 0.5508 0.4075 0.7284
vn 0.5286 0.1195 0.8404
vn 0.6063 -0.3394 -0.7192
vn 0.5714 -0.1708 0.8027
vn 0.4372 0.7870 0.4353
vn 0.6277 0.7459 -0.2228
vn -0.1739 0.8146 -0.5533
vn -0.0526 0.9843 0.1686
vn -0.6118 0.7629 0.2089
vn 0.4163 0.8754 -0.2456
vn 0.4476 -0.8889 0.0976
vn 0.5350 -0.8165 -0.2169
vn -0.4357 -0.8560 -0.2784
vn 0.0121 -0.9659 -0.2586
vn 0.5529 -0.7820 -0.2876
vn 0.3536 -0.9099 -0.2170
vn -0.1679 -0.0350 -0.9852
vn 0.5415 -0.7266 0.4228
vn 0.0036 -0.9445 -0.3286
vn -0.4174 -0.8597 -0.2944
vn -0.5155 0.2562 0.8177
vn -0.6365 -0.7213 0.2731
vn -0.9121 -0.1964 0.3598
vn 0.1454 -0.4154 -0.8979
vn 0.2329 0.6937 -0.6815
vn 0.9583 -0.1019 -0.2671
vn 0.9818 -0.1681 -0.0883
vn 0.5267 -0.8310 -0.1788
vn 0.2890 -0.7840 0.5494
vn 0.4440 -0.1414 -0.8848
vn 0.2957 0.3328 0.8954
vn -0.3983 -0.5735 0.7158
vn 0.5560 0.2982 0.7758
vn -0.2566 -0.5114 0.8201
vn 0.4356 -0.4068 0.8030
vn -0.1232 -0.5502 0.8259
vn -0.7076 -0.5068 -0.4924
vn -0.3712 -0.7816 0.5013
vn -0.2408 -0.1091 0.9644
vn 0.2825 0.6676 0.6889
vn -0.2008 0.9686 0.1464
vn -0.6651 0.7403 -0.0978
vn -0.6268 -0.6437 -0.4390
vn -0.5097 -0.7664 -0.3909
vn -0.6452 -0.6238 -0.4412
vn -0.2525 -0.1428 0.9570
vn -0.2536 0.9565 0.1440
vn -0.6052 0.7953 -0.0350
vn 0.5247 0.4741 -0.7071
vn 0.7203 -0.3003 -0.6253
vn -0.9771 -0.0261 -0.2111
vn 0.2849 -0.7895 -0.5436
vn 0.9683 -0.1735 0.1796
vn -0.0512 0.0964 -0.9940
vn 0.8135 0.5693 -0.1188
vn -0.5602 -0.0069 -0.8284
vn 0.2551 -0.2128 0.9432
vn -0.2564 0.9065 -0.3353
vn -0.2648 -0.5233 -0.8099
vn 0.3011 -0.8540 -0.4243
vn 0.9952 0.0306 -0.0929
vn -0.4008 0.7294 -0.5543
vn 0.3519 0.2040 -0.9136
vn 0.4534 -0.7014 -0.5499
vn -0.5959 -0.7848 0.1703
vn -0.7707 -0.5541 0.3148
vn -0.7646 -0.5558 0.3263
vn -0.0271 -0.9908 -0.1326
vn -0.2763 -0.9607 -0.0251
vn 0.2440 -0.3935 -0.8863
vn -0.4283 -0.7938 0.4318
vn 0.9775 -0.1811 -0.1084
vn 0.4606 -0.1758 -0.8700
vn -0.2275 0.3432 -0.9113
vn -0.1559 0.6613 0.7337
vn -0.0675 0.7344 -0.6753
vn -0.0066 0.9001 -0.4356
vn 0.1871 0.3339 0.9238
vn 0.4642 0.8326 -0.3020
vn -0.5920 0.8054 -0.0291
vn -0.5062 -0.7597 0.4082
vn 0.5684 0.0492 0.8213
vn 0.8622 -0.3253 -0.3884
vn 0.5090 -0.6022 0.6150
vn 0.8697 -0.4780 -0.1230
vn 0.6306 -0.1873 -0.7532
vn 0.5328 -0.6334 0.5612
vn -0.3035 -0.1030 0.9472
vn 0.2505 0.9579 0.1405
vn -0.5397 0.7307 0.4181
vn 0.8228 -0.4426 0.3564
vn 0.8663 -0.2538 -0.4303
vn -0.2037 -0.4812 0.8526
vn -0.3665 -0.6898 -0.6244
vn -0.8869 -0.4103 -0.2124
vn -0.5211 -0.3148 -0.7933
vn 0.5486 -0.8007 -0.2407
vn -0.1932 -0.2570 0.9469
vn -0.9287 0.3217 0.1843
s 1
f 16//1 11//2 22//3
f 22//3 11//2 23//4
f 9//5 11//2 12//6
f 4//7 6//8 14//9
f 1//10 6//8 13//11
f 14//9 6//8 1//10
f 13//11 21//12 1//10
f 2//13 7//14 19//15
f 7//14 21//12 8//16
f 18//17 9//5 12//6
f 23//4 19//15 24//18
f 3//19 16//1 24//18
f 2//13 10//20 14//9
f 3//19 24//18 19//15
f 19//15 10//20 2//13
f 20//21 18//17 12//6
f 17//22 8//16 21//12
f 23//4 24//18 22//3
f 22//3 24//18 16//1
f 40//23 44//24 30//25
f 25//26 31//27 86//28
f 26//29 46//30 47//31
f 33//32 68//33 48//34
f 48//34 49//35 33//32
f 69//36 48//34 68//33
f 54//37 46//30 26//29
f 60//38 56//39 32//40
f 56//39 55//41 32//40
f 57//42 34//43 58//44
f 58//44 34//43 32//40
f 30//25 34//43 57//42
f 66//45 67//46 34//43
f 34//43 67//46 60//38
f 29//47 61//48 36//49
f 35//50 61//48 29//47
f 62//51 35//50 77//52
f 90//53 61//48 35//50
f 63//54 41//55 64//56
f 65//57 66//45 59//58
f 68//33 70//59 69//36
f 69//36 70//59 65//57
f 76//60 73//61 74//62
f 74//62 73//61 37//63
f 37//63 72//64 74//62
f 74//62 89//65 62//51
f 47//31 75//66 26//29
f 73//61 76//60 75//66
f 37//63 27//67 25//26
f 25//26 27//67 31//27
f 75//66 38//68 78//69
f 38//68 29//47 78//69
f 29//47 38//68 77//52
f 82//70 80//71 81//72
f 83//73 82//70 36//49
f 80//71 39//74 84//75
f 84//75 85//76 40//23
f 64//56 39//74 83//73
f 86//28 85//76 42//77
f 25//26 42//77 37//63
f 43//78 31//27 88//79
f 50//80 88//79 45//81
f 65//57 59//58 44//24
f 30//25 44//24 59//58
f 88//79 65//57 44//24
f 90//53 89//65 42//77
f 36//49 61//48 63//54
f 36//49 63//54 64//56
f 107//82 94//83 102//84
f 115//85 102//84 94//83
f 91//86 113//87 105//88
f 91//86 110//89 111//90
f 111//90 110//89 92//91
f 97//92 92//91 110//89
f 100//93 97//92 95//94
f 101//95 97//92 100//93
f 103//96 101//95 100//93
f 101//95 102//84 96//97
f 102//84 114//98 107//82
f 93//99 98//100 115//85
f 95//94 106//101 100//93
f 109//102 105//88 106//101
f 100//93 106//101 104//103
f 96//97 108//104 98//100
f 108//104 96//97 102//84
f 113//87 112//105 105//88
f 112//105 107//82 104//103
f 92//91 97//92 96//97
f 136//106 138//107 116//108
f 119//109 125//110 147//111
f 116//108 138//107 147//111
f 140//112 137//113 175//114
f 143//115 142//116 141//117
f 142//116 143//115 144//118
f 145//119 117//120 126//121
f 146//122 144//118 117//120
f 147//111 148//123 116//108
f 173//124 177//125 150//126
f 177//125 173//124 152//127
f 173//124 159//128 152//127
f 173//124 121//129 159//128
f 159//128 121//129 145//119
f 158//130 157//131 155//132
f 124//133 154//134 123//135
f 171//136 157//131 124//133
f 174//137 125//110 139//138
f 161//139 127//140 129//141
f 162//142 129//141 127//140
f 165//143 162//142 127//140
f 160//144 127//140 161//139
f 160//144 165//143 127//140
f 128//145 165//143 118//146
f 129//141 162//142 166//147
f 164//148 172//149 163//150
f 118//146 165//143 164//148
f 166//147 130//151 129//141
f 129//141 155//132 161//139
f 130//151 166//147 131//152
f 122//153 167//154 142//116
f 131//152 141//117 167//154
f 168//155 131//152 167//154
f 169//156 132//157 168//155
f 132//157 154//134 153//158
f 123//135 132//157 170//159
f 170//159 169//156 151//160
f 134//161 133//162 151//160
f 178//163 133//162 134//161
f 171//136 172//149 156//164
f 133//162 172//149 171//136
f 163//150 133//162 178//163
f 118//146 164//148 135//165
f 175//114 118//146 135//165
f 181//166 135//165 178//163
f 179//167 135//165 181//166
f 175//114 135//165 179//167
f 139//138 179//167 176//168
f 180//169 150//126 177//125
f 178//163 134//161 181//166
f 156//164 182//170 171//136
f 161//139 155//132 156//164
f 157//131 158//130 124//133
f 231//171 194//172 235//173
f 185//174 220//175 186//176
f 194//172 232//177 235//173
f 208//178 212//179 207//180
f 207//180 211//181 248//182
f 189//183 221//184 218//185
f 210//186 202//187 201//188
f 196//189 240//190 239//191
f 204//192 203//193 209//194
f 190//195 260//196 256//197
f 203//193 204//192 195//198
f 203//193 195//198 242//199
f 241//200 201//188 239//191
f 199//201 195//198 197//202
f 231//171 197//202 198//203
f 200//204 198//203 255//205
f 200//204 231//171 198//203
f 188//206 196//189 199//201
f 188//206 199//201 230//207
f 194//172 231//171 200//204
f 232//177 200//204 254//208
f 239//191 202//187 203//193
f 247//209 183//210 205//211
f 206//212 248//182 247//209
f 206//212 205//211 207//180
f 207//180 204//192 208//178
f 203//193 202//187 209//194
f 210//186 201//188 187//213
f 208//178 209//194 191//214
f 192//215 202//187 210//186
f 192//215 210//186 213//216
f 212//179 214//217 207//180
f 212//179 191//214 218//185
f 215//218 192//215 213//216
f 213//216 210//186 216//219
f 243//220 211//181 250//221
f 217//222 185//174 214//217
f 218//185 215//218 189//183
f 250//221 219//223 251//224
f 218//185 221//184 217//222
f 224//225 223//226 220//175
f 228//227 224//225 185//174
f 189//183 225//228 221//184
f 190//195 225//228 189//183
f 224//225 237//229 223//226
f 228//227 237//229 224//225
f 225//228 234//230 221//184
f 229//231 257//232 233//233
f 236//234 235//173 232//177
f 226//235 257//232 229//231
f 229//231 188//206 225//228
f 226//235 229//231 225//228
f 236//234 237//229 235//173
f 228//227 235//173 237//229
f 184//236 222//237 238//238
f 196//189 242//199 199//201
f 243//220 244//239 248//182
f 255//205 263//240 254//208
f 263//240 193//241 254//208
f 263//240 253//242 193//241
f 246//243 251//224 184//236
f 246//243 249//244 251//224
f 264//245 243//220 249//244
f 252//246 265//247 246//243
f 246//243 264//245 249//244
f 244//239 263//240 245//248
f 265//247 253//242 263//240
f 265//247 264//245 246//243
f 187//213 262//249 258//250
f 258//250 260//196 216//219
f 268//251 233//233 257//232
f 268//251 259//252 261//253
f 266//254 268//251 257//232
f 267//255 268//251 266//254
f 267//255 259//252 268//251
f 267//255 266//254 260//196
f 262//249 187//213 261//253
f 243//220 264//245 265//247
f 244//239 265//247 263//240
f 187//213 258//250 210//186
f 226//235 227//256 257//232
f 271//257 297//258 292//259
f 270//260 297//258 271//257
f 287//261 329//262 299//263
f 310//264 345//265 282//266
f 285//267 322//268 318//269
f 319//270 275//271 316//272
f 337//273 271//257 292//259
f 269//274 289//275 270//260
f 297//258 298//276 292//259
f 295//277 291//278 294//279
f 292//259 298//276 299//263
f 331//280 294//279 327//281
f 296//282 278//283 328//284
f 328//284 287//261 297//258
f 297//258 287//261 298//276
f 302//285 269//286 270//260
f 301//287 270//260 271//257
f 300//288 271//257 337//273
f 302//285 306//289 303//290
f 282//266 283//291 304//292
f 345//265 347//293 282//266
f 342//294 305//295 300//288
f 303//290 308//296 309//297
f 313//298 309//297 308//296
f 314//299 315//300 309//297
f 310//264 315//300 285//267
f 311//301 275//271 317//302
f 312//303 317//302 321//304
f 313//298 321//304 281//305
f 281//305 314//299 313//298
f 281//305 315//300 314//299
f 315//300 281//305 322//268
f 319//270 323//306 317//302
f 319//270 343//307 323//306
f 317//302 323//306 324//308
f 321//304 272//309 280//310
f 281//305 280//310 279//311
f 322//268 279//311 325//312
f 323//306 274//313 273//314
f 324//308 273//314 272//309
f 325//312 279//311 276//315
f 328//284 278//283 333//316
f 286//317 330//318 276//315
f 332//319 334//320 287//261
f 287//261 338//321 329//262
f 331//280 279//311 280//310
f 280//310 278//283 331//280
f 333//316 280//310 272//309
f 272//309 332//319 333//316
f 332//319 272//309 273//322
f 334//320 273//322 274//313
f 335//323 291//278 295//277
f 336//324 339//325 350//326
f 292//259 299//263 340//327
f 329//262 340//327 299//263
f 277//328 341//329 338//321
f 343//307 341//329 277//328
f 300//288 339//325 342//294
f 300//288 337//273 339//325
f 341//329 336//324 350//326
f 310//264 346//330 345//265
f 286//317 344//331 330//318
f 318//269 346//330 285//267
f 344//331 349//332 318//269
f 347//293 352//333 348//334
f 329//262 351//335 340//327
f 349//332 352//333 318//269
f 352//333 349//332 290//336
f 290//336 293//337 294//279
f 386//338 378//339 389//340
f 355//341 397//342 363//343
f 363//343 357//344 355//341
f 363//343 402//345 364//346
f 364//346 356//347 357//344
f 357//344 363//343 364//346
f 356//347 364//346 398//348
f 402//345 363//343 373//349
f 408//350 366//351 407//352
f 405//353 366//351 408//350
f 451//354 378//339 386//338
f 371//355 397//342 355//341
f 415//356 376//357 410//358
f 379//359 387//360 383//361
f 388//362 378//339 377//363
f 369//364 383//361 376//357
f 384//365 413//366 368//367
f 368//367 386//338 385//368
f 451//354 368//367 367//369
f 387//360 419//370 381//371
f 387//360 381//371 391//372
f 388//362 387//360 391//372
f 378//339 388//362 372//373
f 389//340 378//339 355//341
f 389//340 355//341 392//374
f 378//339 372//373 371//355
f 393//375 356//347 353//376
f 396//377 391//372 381//371
f 353//376 398//348 394//378
f 417//379 399//380 370//381
f 370//381 396//377 417//379
f 394//378 398//348 365//382
f 373//349 370//381 401//383
f 399//380 401//383 370//381
f 402//345 373//349 362//384
f 403//385 400//386 365//382
f 362//384 401//383 361//387
f 366//351 402//345 362//384
f 402//345 366//351 403//385
f 366//351 362//384 409//388
f 375//389 409//388 361//387
f 416//390 406//391 410//358
f 416//390 410//358 375//389
f 375//389 361//387 416//390
f 358//392 408//350 407//352
f 412//393 408//350 358//392
f 354//394 405//353 412//393
f 412//395 413//366 354//394
f 411//396 375//389 376//357
f 411//396 377//363 409//388
f 358//392 377//363 367//369
f 412//395 368//367 413//366
f 375//389 410//358 376//357
f 379//359 369//364 414//397
f 374//398 423//399 422//400
f 360//401 421//402 406//391
f 424//403 423//399 399//380
f 423//399 444//404 440//405
f 424//403 444//404 423//399
f 400//386 428//406 365//382
f 400//386 429//407 428//406
f 359//408 429//407 400//386
f 431//409 430//410 354//394
f 382//411 434//412 384//365
f 432//413 435//414 382//411
f 394//378 433//415 353//376
f 365//382 427//416 394//378
f 428//406 436//417 427//416
f 435//414 434//412 382//411
f 430//410 437//418 429//407
f 430//410 431//409 437//418
f 353//376 433//415 393//375
f 405//353 354//394 430//410
f 435//414 437//418 434//412
f 435//414 438//419 437//418
f 444//404 425//420 440//405
f 420//421 443//422 442//423
f 421//402 443//422 420//421
f 421//402 439//424 443//422
f 424//403 418//425 444//404
f 441//426 450//427 447//428
f 426//429 442//423 450//427
f 440//405 445//430 439//424
f 425//420 447//428 440//405
f 441//426 447//428 425//420
f 445//430 449//431 443//422
f 448//432 442//423 449//431
f 449//431 442//423 443//422
f 367//369 377//363 378//339
f 461//433 455//434 462//435
f 481//436 478//437 474//438
f 475//439 476//440 470//441
f 482//442 477//443 528//444
f 493//445 492//446 489//447
f 474//438 482//442 481//436
f 487//448 495//449 533//450
f 497//451 496//452 500//453
f 467//454 468//455 472//456
f 491//457 498//458 483//459
f 490//460 486//461 492//446
f 492//446 459//462 504//463
f 455//434 461//433 456//464
f 506//465 500//453 507//466
f 503//467 509//468 504//463
f 501//469 503//467 466//470
f 467//454 466//470 460//471
f 464//472 462//435 469//473
f 469//473 531//474 530//475
f 468//455 464//472 469//473
f 470//441 530//475 475//439
f 541//476 479//477 471//478
f 473//479 472//456 468//455
f 474//438 470//441 476//440
f 479//477 540//480 454//481
f 454//481 540//480 505//482
f 478//437 472//456 473//479
f 529//483 477//443 476//440
f 454//481 478//437 480//484
f 480//484 479//477 454//481
f 478//437 481//436 484//485
f 485//486 481//436 482//442
f 527//487 482//442 528//444
f 480//484 486//461 490//460
f 486//461 484//485 489//488
f 488//489 481//436 485//486
f 498//458 491//457 492//446
f 499//490 493//445 497//451
f 519//491 496//452 532//492
f 506//465 499//490 497//451
f 500//453 506//465 497//451
f 507//466 500//453 496//452
f 507//466 496//452 519//491
f 465//493 502//494 463//495
f 498//458 492//446 504//463
f 509//468 517//496 498//458
f 511//497 463//495 502//494
f 463//495 516//498 512//499
f 514//500 518//501 508//502
f 471//478 511//497 502//494
f 539//503 513//504 512//499
f 513//504 550//505 517//496
f 514//500 544//506 518//501
f 518//501 537//507 510//508
f 510//508 537//507 515//509
f 538//510 471//478 515//509
f 528//444 522//511 527//487
f 522//511 495//449 527//487
f 525//512 523//513 458//514
f 530//475 529//483 475//439
f 521//515 528//444 529//483
f 524//516 525//512 519//491
f 526//517 522//511 521//515
f 526//517 495//449 522//511
f 525//512 535//518 523//513
f 536//519 526//517 530//475
f 519//491 458//514 507//466
f 532//492 524//516 519//491
f 534//520 525//512 524//516
f 534//520 535//518 525//512
f 536//519 535//518 534//520
f 542//521 548//522 516//498
f 548//522 539//503 516//498
f 550//505 514//500 517//496
f 518//501 544//506 537//507
f 541//476 465//493 540//480
f 511//497 471//478 538//510
f 542//521 546//523 548//522
f 539//503 543//524 550//505
f 549//525 544//506 514//500
f 545//526 538//510 537//507
f 545//526 542//521 538//510
f 542//521 545//526 546//523
f 548//522 546//523 545//526
f 544//506 549//525 547//527
f 547//527 550//505 548//522
f 506//465 455//434 456//464
f 459//462 456//464 460//471
f 553//528 586//529 585//530
f 585//530 597//531 553//528
f 584//532 586//529 568//533
f 590//534 593//535 564//536
f 556//537 551//538 576//539
f 575//540 618//541 574//542
f 564//536 593//535 589//543
f 564//536 552//544 565//545
f 596//546 594//547 577//548
f 567//549 561//550 560//551
f 579//552 568//533 578//553
f 579//552 589//543 558//554
f 582//555 567//549 600//556
f 554//557 628//558 555//559
f 597//531 554//557 577//548
f 595//560 562//561 592//562
f 571//563 598//564 574//542
f 582//555 599//565 567//549
f 600//556 563//566 590//534
f 579//552 552//544 589//543
f 564//536 589//543 552//544
f 581//567 583//568 591//569
f 560//551 563//566 567//549
f 644//570 560//551 561//550
f 553//528 594//547 557//571
f 555//559 577//548 554//557
f 595//560 563//566 562//561
f 569//572 558//554 595//560
f 624//573 555//559 628//558
f 572//574 597//531 585//530
f 570//575 565//545 552//544
f 598//564 551//538 574//542
f 574//542 566//576 599//565
f 600//556 567//549 563//566
f 601//577 565//545 570//575
f 601//577 570//575 596//546
f 601//577 596//546 571//563
f 601//577 571//563 574//542
f 601//577 574//542 599//565
f 582//555 601//577 599//565
f 600//556 601//577 582//555
f 590//534 601//577 600//556
f 565//545 601//577 590//534
f 602//578 572//574 585//530
f 602//578 585//530 586//529
f 602//578 586//529 584//532
f 602//578 584//532 573//579
f 602//578 573//579 641//580
f 603//581 604//582 637//583
f 605//584 604//582 603//581
f 612//585 609//586 613//587
f 556//537 617//588 551//538
f 575//540 616//589 625//590
f 621//591 611//592 622//593
f 630//594 610//595 607//596
f 618//541 575//540 625//590
f 640//597 644//570 643//598
f 627//599 628//558 554//557
f 630//594 629//600 631//601
f 608//602 634//603 631//601
f 612//585 634//603 608//602
f 623//604 603//581 629//600
f 588//605 639//606 632//607
f 645//608 632//607 639//606
f 646//609 639//606 633//610
f 559//611 639//606 580//612
f 6//8 4//7 11//2 9//5
f 612//585 613//587 632//607
f 588//605 632//607 613//587
f 636//613 611//592 640//597
f 630//594 631//601 634//603
f 630//594 634//603 622//593
f 622//593 610//595 630//594
f 634//603 612//585 645//608
f 644//570 633//610 560//551
f 644//570 626//614 643//598
f 603//581 623//604 638//615
f 638//615 624//573 627//599
f 611//592 621//591 646//609
f 639//606 646//609 621//591
f 621//591 645//608 639//606
f 609//586 603//581 637//583
f 605//584 615//616 604//582
f 556//537 620//617 617//588
f 619//618 643//598 625//590
f 607//596 647//619 606//620
f 647//619 635//621 606//620
f 647//619 616//589 635//621
f 647//619 625//590 616//589
f 619//618 625//590 647//619
f 636//613 619//618 647//619
f 610//595 636//613 647//619
f 607//596 610//595 647//619
f 602//578 604//582 615//616
f 602//578 637//583 604//582
f 602//578 609//586 637//583
f 602//578 642//622 609//586
f 602//578 641//580 642//622
f 615//616 572//574 602//578
f 669//623 670//624 653//625
f 677//626 663//627 678//628
f 654//629 665//630 661//631
f 658//632 649//633 672//634
f 679//635 670//624 678//628
f 662//636 664//637 648//638
f 650//639 673//640 656//641
f 658//632 657//642 651//643
f 655//644 652//645 708//646
f 660//647 708//646 652//645
f 654//629 656//641 662//636
f 665//630 648//638 667//648
f 677//626 668//649 648//638
f 667//648 669//623 653//625
f 670//624 669//623 668//649
f 671//650 653//625 670//624
f 652//645 666//651 660//647
f 649//633 650//639 672//634
f 673//640 651//643 664//637
f 701//652 716//653 681//654
f 666//651 675//655 681//654
f 651//643 673//640 658//632
f 672//634 676//656 711//657
f 674//658 672//634 650//639
f 674//658 650//639 661//631
f 661//631 665//630 675//655
f 675//655 667//648 653//625
f 680//659 681//654 716//653
f 681//654 680//659 666//651
f 659//660 720//661 682//662
f 651//643 657//642 659//660
f 651//643 659//660 683//663
f 683//663 664//637 651//643
f 683//663 678//628 663//627
f 702//664 695//665 686//666
f 696//667 686//666 695//665
f 696//667 695//665 679//635
f 711//657 710//668 697//669
f 679//635 682//662 712//670
f 715//671 687//672 704//673
f 710//668 704//673 687//672
f 688//674 692//675 687//672
f 691//676 687//672 692//675
f 696//667 679//635 712//670
f 707//677 690//678 699//679
f 670//624 679//635 685//680
f 706//681 711//657 676//656
f 694//682 688//674 715//671
f 694//682 715//671 703//683
f 694//682 686//666 713//684
f 689//685 711//657 697//669
f 686//666 712//670 713//684
f 700//686 685//680 695//665
f 703//683 702//664 686//666
f 699//679 697//669 714//687
f 697//669 710//668 691//676
f 708//646 704//673 709//688
f 719//689 704//673 708//646
f 690//678 689//685 699//679
f 704//673 710//668 705//690
f 715//671 704//673 719//689
f 715//671 719//689 703//683
f 685//680 700//686 701//652
f 719//689 717//691 718//692
f 680//659 716//653 718//692
f 718//692 716//653 719//689
f 682//662 720//661 721//693
f 714//687 721//693 699//679
f 698//694 721//693 714//687
f 722//695 721//693 698//694
f 746//696 737//697 734//698
f 774//699 735//700 749//701
f 775//702 736//703 770//704
f 794//705 749//701 735//700
f 777//706 823//707 776//708
f 764//709 737//697 746//696
f 723//710 781//711 811//712
f 821//713 920//714 781//711
f 743//715 740//716 732//717
f 773//718 743//715 732//717
f 771//719 751//720 758//721
f 772//722 731//723 751//720
f 756//724 771//719 761//725
f 756//724 761//725 757//726
f 801//727 797//728 759//729
f 747//730 759//729 797//728
f 747//730 797//728 736//703
f 755//731 754//732 756//724
f 761//725 805//733 757//726
f 889//734 875//735 738//736
f 766//737 765//738 738//736
f 738//736 875//735 828//739
f 828//739 767//740 766//737
f 826//741 769//742 768//743
f 764//709 769//742 737//697
f 730//744 739//745 728//746
f 729//747 730//744 728//746
f 740//716 729//747 731//723
f 750//748 774//699 733//749
f 770//704 750//748 775//702
f 775//702 750//748 753//750
f 762//751 811//712 778//752
f 789//753 762//751 784//754
f 744//755 785//756 792//757
f 744//755 784//754 785//756
f 787//758 791//759 745//760
f 790//761 789//753 884//762
f 783//763 730//744 740//716
f 743//715 773//718 792//757
f 795//764 744//755 792//757
f 793//765 758//721 729//747
f 761//725 793//765 809//766
f 794//705 792//757 773//718
f 775//702 753//750 799//767
f 753//750 776//708 799//767
f 759//729 903//768 801//727
f 801//727 802//769 798//770
f 903//768 904//771 801//727
f 904//771 802//769 801//727
f 788//772 908//773 786//774
f 907//775 788//772 910//776
f 788//772 906//777 910//776
f 907//775 908//773 788//772
f 823//707 912//778 776//708
f 724//779 734//698 803//780
f 803//780 737//697 804//781
f 806//782 815//783 800//784
f 753//750 757//726 805//733
f 753//750 808//785 757//726
f 808//785 753//750 750//748
f 806//782 763//786 807//787
f 751//720 752//788 810//789
f 790//761 821//713 723//710
f 741//790 811//712 781//711
f 781//711 742//791 727//792
f 727//792 779//793 739//745
f 739//745 741//790 727//792
f 813//794 742//791 920//714
f 782//795 813//794 812//796
f 738//736 813//794 782//795
f 813//794 738//736 765//738
f 779//793 727//792 765//738
f 780//797 726//798 809//766
f 816//799 726//798 814//800
f 814//800 726//798 780//797
f 814//800 817//801 818//802
f 764//709 815//783 769//742
f 725//803 814//800 818//802
f 739//745 779//793 780//797
f 806//782 800//784 763//786
f 868//804 760//805 776//708
f 821//713 781//711 723//710
f 790//761 885//806 821//713
f 826//741 825//807 820//808
f 827//809 845//810 803//780
f 834//811 829//812 923//813
f 838//814 835//815 837//816
f 840//817 839//818 838//814
f 841//819 843//820 840//817
f 840//817 843//820 839//818
f 855//821 872//822 824//823
f 911//824 851//825 887//826
f 857//827 852//828 856//829
f 898//830 862//831 861//832
f 836//833 898//830 861//832
f 835//815 860//834 859//835
f 836//833 878//836 858//837
f 869//838 898//830 865//839
f 841//819 903//768 842//840
f 863//841 866//842 869//838
f 866//842 916//843 915//844
f 833//845 869//838 830//846
f 833//845 830//846 876//847
f 914//848 871//849 876//847
f 846//850 824//823 872//822
f 828//739 875//735 848//851
f 828//739 849//852 767//740
f 849//852 922//853 927//854
f 825//807 826//741 847//855
f 825//807 847//855 846//850
f 825//807 872//822 827//809
f 865//839 898//830 877//856
f 877//856 898//830 836//833
f 835//815 864//857 858//837
f 864//857 835//815 859//835
f 870//858 879//859 831//860
f 861//832 832//861 878//836
f 860//834 838//814 839//818
f 838//814 837//816 840//817
f 860//834 839//818 867//862
f 880//863 854//864 881//865
f 855//821 880//863 823//707
f 827//809 803//780 804//781
f 831//860 879//859 883//866
f 812//796 919//867 889//734
f 882//868 884//762 890//869
f 891//870 852//828 892//871
f 852//828 891//870 893//872
f 894//873 909//874 893//872
f 895//875 822//876 908//773
f 831//860 892//871 832//861
f 892//871 831//860 896//877
f 883//866 896//877 831//860
f 834//811 917//878 833//845
f 835//815 878//836 837//816
f 858//837 878//836 835//815
f 900//879 905//880 903//768
f 903//768 841//819 900//879
f 840//817 900//879 841//819
f 881//865 867//862 843//820
f 881//865 843//820 844//881
f 897//882 837//816 878//836
f 837//816 897//882 900//879
f 868//804 776//708 844//881
f 901//883 903//768 905//880
f 901//883 904//771 903//768
f 901//883 905//880 853//884
f 904//771 901//883 902//885
f 910//776 856//829 907//775
f 908//773 907//775 909//874
f 911//824 882//868 883//866
f 845//810 823//707 724//779
f 914//848 876//847 830//846
f 913//886 923//813 829//812
f 923//813 913//886 824//823
f 854//864 824//823 913//886
f 829//812 834//811 833//845
f 829//812 876//847 913//886
f 914//848 915//844 860//834
f 913//886 871//849 854//864
f 914//848 866//842 915//844
f 866//842 863//841 916//843
f 863//841 865//839 916//843
f 917//878 870//858 899//887
f 918//888 850//889 888//890
f 918//888 888//890 887//826
f 850//889 885//806 882//868
f 918//888 812//796 920//714
f 921//891 887//826 886//892
f 875//735 889//734 874//893
f 875//735 874//893 848//851
f 919//867 874//893 889//734
f 874//893 919//867 873//894
f 918//888 921//891 873//894
f 834//811 926//895 886//892
f 923//813 824//823 846//850
f 846//850 847//855 923//813
f 926//895 924//896 847//855
f 827//809 820//808 825//807
f 887//826 851//825 886//892
f 845//810 872//822 855//821
f 931//897 965//898 955//899
f 931//897 930//900 932//901
f 932//901 938//902 964//903
f 941//904 963//905 953//906
f 954//907 933//908 963//905
f 952//909 934//910 928//911
f 934//910 945//912 946//913
f 948//914 935//915 943//916
f 929//917 975//918 935//915
f 938//902 949//919 941//904
f 939//920 950//921 940//922
f 939//920 940//922 952//909
f 943//916 940//922 944//923
f 945//912 952//909 940//922
f 943//916 946//913 945//912
f 951//924 949//919 958//925
f 939//920 954//907 949//919
f 941//904 949//919 954//907
f 959//926 950//921 949//919
f 959//926 947//927 950//921
f 957//928 956//929 995//930
f 947//927 942//931 950//921
f 962//932 986//933 956//929
f 962//932 956//929 951//924
f 962//932 951//924 958//925
f 930//900 931//897 958//925
f 930//900 949//919 938//902
f 931//897 955//899 958//925
f 967//934 966//935 932//901
f 966//935 967//934 968//936
f 967//934 977//937 968//936
f 971//938 972//939 983//940
f 976//941 975//918 974//942
f 981//943 975//918 984//944
f 937//945 975//918 929//917
f 982//946 979//947 978//948
f 977//937 970//949 985//950
f 980//951 982//946 978//948
f 981//943 982//946 980//951
f 983//940 974//942 980//951
f 982//946 981//943 984//944
f 994//952 982//946 984//944
f 998//953 989//954 987//955
f 983//940 985//950 970//949
f 969//956 977//937 967//934
f 989//954 991//957 987//955
f 992//958 991//957 979//947
f 956//929 986//933 992//958
f 986//933 962//932 987//955
f 963//905 971//938 969//956
f 977//937 985//950 989//954
f 989//954 968//936 977//937
f 931//897 966//935 965//898
f 998//953 968//936 989//954
f 1032//959 1037//960 999//961
f 1054//962 1002//963 1032//959
f 1008//964 1003//965 1051//966
f 1062//967 1038//968 1031//969
f 1012//970 1013//971 1014//972
f 1011//973 999//974 1044//975
f 1033//976 1027//977 1007//978
f 1007//978 1027//977 1026//979
f 1027//977 1036//980 1026//979
f 1029//981 1019//982 1035//983
f 1029//981 1006//984 1019//982
f 1024//985 1012//970 1010//986
f 1013//971 1030//987 1054//962
f 1030//987 1023//988 1054//962
f 1009//989 1001//990 1010//986
f 1040//991 1010//986 1056//992
f 1062//967 1034//993 1001//990
f 1029//981 1034//993 1023//988
f 1029//981 1050//994 1006//984
f 1025//995 1026//979 1017//996
f 1050//994 1004//997 1016//998
f 1000//999 1038//968 1022//1000
f 1022//1000 1040//991 1041//1001
f 999//974 1011//973 1014//972
f 1026//979 1065//1002 1017//996
f 1058//1003 1040//991 1011//973
f 1057//1004 1039//1005 1044//975
f 1057//1004 1044//975 999//974
f 1043//1006 1057//1004 999//961
f 1051//966 1021//1007 1037//960
f 1045//1008 1022//1000 1041//1001
f 1016//998 1015//1009 1046//1010
f 1016//998 1046//1010 1006//984
f 1020//1011 1053//1012 1019//982
f 1047//1013 1059//1014 1036//980
f 1055//1015 1017//996 1065//1002
f 1063//1016 1052//1017 1059//1014
f 1052//1017 1049//1018 1064//1019
f 1052//1017 1020//1011 1046//1010
f 1015//1009 1049//1018 1046//1010
f 1032//959 1013//971 1054//962
f 1037//960 1032//959 1002//963
f 1019//982 1053//1012 1035//983
f 1052//1017 1048//1020 1053//1012
f 1055//1015 1004//997 1017//996
f 1012//970 1025//995 1013//971
f 1056//992 1012//970 1014//972
f 1058//1003 1041//1001 1040//991
f 1065//1002 1026//979 1005//1021
f 1065//1002 1005//1021 1018//1022
f 1063//1016 1059//1014 1047//1013
f 1038//968 1062//967 1001//990
f 1061//1023 1038//968 1000//999
f 1023//988 1062//967 1031//969
f 1023//988 1034//993 1062//967
f 1035//983 1048//1020 1034//993
f 1052//1017 1063//1016 1048//1020
f 1060//1024 1045//1008 1039//1005
f 1060//1024 1003//965 1045//1008
f 1065//1002 1018//1022 1064//1019
f 1064//1019 1059//1014 1052//1017
f 1059//1014 1064//1019 1018//1022
f 1042//1025 1045//1008 1003//965
f 1095//1026 1089//1027 1090//1028
f 1090//1028 1071//1029 1095//1026
f 1073//1030 1066//1031 1068//1032
f 1081//1033 1093//1034 1075//1035
f 1103//1036 1112//1037 1107//1038
f 1078//1039 1112//1037 1076//1040
f 1087//1041 1079//1042 1080//1043
f 1086//1044 1096//1045 1108//1046
f 1090//1028 1101//1047 1098//1048
f 1081//1033 1096//1045 1083//1049
f 1083//1049 1084//1050 1094//1051
f 1072//1052 1123//1053 1097//1054
f 1094//1051 1084//1050 1073//1030
f 1095//1026 1073//1030 1074//1055
f 1101//1047 1069//1056 1098//1048
f 1098//1048 1080//1043 1091//1057
f 1077//1058 1070//1059 1101//1047
f 1099//1060 1080//1043 1079//1042
f 1078//1039 1076//1040 1115//1061
f 1080//1043 1069//1056 1119//1062
f 1080//1043 1105//1063 1087//1041
f 1119//1062 1070//1059 1118//1064
f 1078//1039 1102//1065 1112//1037
f 1068//1032 1119//1062 1110//1066
f 1106//1067 1085//1068 1086//1044
f 1074//1055 1073//1030 1068//1032
f 1083//1049 1109//1069 1084//1050
f 1096//1045 1086//1044 1083//1049
f 1107//1038 1102//1065 1106//1067
f 1103//1036 1108//1046 1113//1070
f 1075//1035 1114//1071 1116//1072
f 1092//1073 1115//1061 1093//1034
f 1093//1034 1117//1074 1114//1071
f 1076//1040 1113//1070 1115//1061
f 1117//1074 1116//1072 1114//1071
f 1113//1070 1117//1074 1115//1061
f 1119//1062 1118//1064 1067//1075
f 1111//1076 1104//1077 1124//1078
f 1118//1064 1121//1079 1067//1075
f 1077//1058 1121//1079 1118//1064
f 1077//1058 1122//1080 1121//1079
f 1120//1081 1125//1082 1122//1080
f 1125//1082 1097//1054 1124//1078
f 1121//1079 1122//1080 1124//1078
f 1126//1083 1135//1084 1153//1085
f 1152//1086 1138//1087 1126//1083
f 1136//1088 1134//1089 1138//1087
f 1139//1090 1138//1087 1131//1091
f 1137//1092 1140//1093 1157//1094
f 1127//1095 1130//1096 1139//1090
f 1155//1097 1145//1098 1130//1096
f 1155//1097 1130//1096 1127//1095
f 1145//1098 1140//1093 1130//1096
f 1140//1093 1128//1099 1141//1100
f 1141//1100 1128//1099 1143//1101
f 1128//1099 1147//1102 1143//1101
f 1147//1102 1142//1103 1143//1101
f 1149//1104 1147//1102 1144//1105
f 1144//1105 1148//1106 1146//1107
f 1142//1103 1150//1108 1151//1109
f 1147//1102 1149//1104 1150//1108
f 1146//1107 1152//1086 1149//1104
f 1148//1106 1129//1110 1146//1107
f 1127//1095 1156//1111 1155//1097
f 1155//1097 1156//1111 1154//1112
f 1139//1090 1131//1091 1156//1111
f 1156//1111 1127//1095 1139//1090
f 1135//1084 1132//1113 1151//1109
f 1137//1092 1132//1113 1134//1089
f 1141//1100 1133//1114 1157//1094
f 1143//1101 1142//1103 1133//1114
f 1144//1105 1155//1097 1154//1112
f 1154//1112 1148//1106 1144//1105
f 1158//1115 1161//1116 1163//1117
f 1175//1118 1159//1119 1162//1120
f 1160//1121 1163//1117 1161//1116
f 1161//1116 1162//1120 1160//1121
f 1158//1115 1163//1117 1166//1122
f 1173//1123 1168//1124 1167//1125
f 1167//1125 1169//1126 1175//1118
f 1170//1127 1169//1126 1167//1125
f 1169//1126 1170//1127 1159//1119
f 1175//1118 1169//1126 1159//1119
f 1170//1127 1171//1128 1159//1119
f 1171//1128 1164//1129 1163//1117
f 1160//1121 1171//1128 1163//1117
f 1158//1115 1172//1130 1162//1120
f 1166//1122 1174//1131 1172//1130
f 1174//1131 1173//1123 1172//1130
f 1192//1132 1178//1133 1179//1134
f 1192//1132 1176//1135 1178//1133
f 1189//1136 1191//1137 1178//1133
f 1181//1138 1183//1139 1179//1134
f 1177//1140 1181//1138 1178//1133
f 1187//1141 1186//1142 1185//1143
f 1188//1144 1189//1136 1176//1135
f 1184//1145 1190//1146 1191//1137
f 1176//1135 1193//1147 1188//1144
f 1186//1142 1193//1147 1183//1139
f 1194//1148 1196//1149 1204//1150
f 1196//1149 1194//1148 1195//1151
f 1197//1152 1204//1150 1196//1149
f 1202//1153 1197//1152 1196//1149
f 1197//1152 1202//1153 1205//1154
f 1203//1155 1201//1156 1200//1157
f 1206//1158 1194//1148 1204//1150
f 1204//1150 1199//1159 1206//1158
f 1197//1152 1205//1154 1204//1150
f 1209//1160 1208//1161 1207//1162
f 1208//1161 1209//1160 1222//1163
f 1213//1164 1215//1165 1214//1166
f 1215//1165 1216//1167 1214//1166
f 1212//1168 1217//1169 1215//1165
f 1218//1170 1217//1169 1220//1171
f 1222//1163 1219//1172 1220//1171
f 1220//1171 1221//1173 1222//1163
f 1212//1168 1221//1173 1217//1169
f 1222//1163 1221//1173 1208//1161
f 1209//1160 1207//1162 1219//1172
f 1219//1172 1223//1174 1218//1170
f 1211//1175 1223//1174 1207//1162
f 1218//1170 1223//1174 1216//1167
f 1226//1176 1225//1177 1224//1178
f 1225//1177 1226//1176 1239//1179
f 1230//1180 1232//1181 1231//1182
f 1232//1181 1233//1183 1231//1182
f 1229//1184 1234//1185 1232//1181
f 1235//1186 1234//1185 1237//1187
f 1239//1179 1236//1188 1237//1187
f 1237//1187 1238//1189 1239//1179
f 1229//1184 1238//1189 1234//1185
f 1239//1179 1238//1189 1225//1177
f 1226//1176 1224//1178 1236//1188
f 1236//1188 1224//1178 1235//1186
f 1235//1186 1224//1178 1233//1183
f 1242//1190 1241//1191 1240//1192
f 1241//1191 1242//1190 1255//1193
f 1246//1194 1248//1195 1247//1196
f 1248//1195 1249//1197 1247//1196
f 1245//1198 1250//1199 1248//1195
f 1251//1200 1250//1199 1253//1201
f 1255//1193 1252//1202 1253//1201
f 1253//1201 1254//1203 1255//1193
f 1245//1198 1254//1203 1250//1199
f 1255//1193 1254//1203 1241//1191
f 1242//1190 1240//1192 1252//1202
f 1252//1202 1240//1192 1251//1200
f 1251//1200 1240//1192 1249//1197
f 1258//1204 1257//1205 1256//1206
f 1257//1205 1258//1204 1271//1207
f 1262//1208 1264//1209 1263//1210
f 1264//1209 1265//1211 1263//1210
f 1261//1212 1266//1213 1264//1209
f 1267//1214 1266//1213 1269//1215
f 1271//1207 1268//1216 1269//1215
f 1269//1215 1270//1217 1271//1207
f 1261//1212 1270//1217 1266//1213
f 1271//1207 1270//1217 1257//1205
f 1258//1204 1256//1206 1268//1216
f 1268//1216 1256//1206 1267//1214
f 1267//1214 1256//1206 1265//1211
f 1274//1218 1272//1219 1273//1220
f 1274//1218 1276//1221 1272//1219
f 1276//1221 1275//1222 1278//1223
f 1277//1224 1279//1225 1278//1223
f 1279//1225 1277//1224 1280//1226
f 1273//1220 1282//1227 1280//1226
f 1278//1223 1282//1227 1272//1219
f 1279//1225 1282//1227 1278//1223
f 1285//1228 1283//1229 1284//1230
f 1285//1228 1287//1231 1283//1229
f 1287//1231 1286//1232 1288//1233
f 1289//1234 1290//1235 1288//1233
f 1290//1235 1289//1234 1291//1236
f 1284//1230 1293//1237 1291//1236
f 1289//1234 1286//1232 1285//1228
f 1288//1233 1293//1237 1283//1229
f 1290//1235 1293//1237 1288//1233
f 1296//1238 1294//1239 1295//1240
f 1296//1238 1298//1241 1294//1239
f 1298//1241 1297//1242 1299//1243
f 1300//1244 1301//1245 1299//1243
f 1301//1245 1300//1244 1302//1246
f 1295//1240 1304//1247 1302//1246
f 1300//1244 1297//1242 1296//1238
f 1299//1243 1304//1247 1294//1239
f 1301//1245 1304//1247 1299//1243
f 1307//1248 1305//1249 1306//1250
f 1307//1248 1309//1251 1305//1249
f 1309//1251 1308//1252 1310//1253
f 1311//1254 1312//1255 1310//1253
f 1312//1255 1311//1254 1313//1256
f 1306//1250 1315//1257 1313//1256
f 1311//1254 1308//1252 1307//1248
f 1310//1253 1315//1257 1305//1249
f 1312//1255 1315//1257 1310//1253
f 1322//1258 1320//1259 1323//1260
f 1326//1261 1322//1258 1321//1262
f 1320//1259 1317//1263 1321//1262
f 1317//1263 1320//1259 1319//1264
f 1332//1265 1335//1266 1331//1267
f 1331//1267 1333//1268 1332//1265
f 1338//1269 1333//1268 1334//1270
f 1335//1266 1328//1271 1334//1270
f 1328//1271 1335//1266 1330//1272
f 1333//1268 1336//1273 1332//1265
f 1339//1274 1342//1275 1348//1276
f 1349//1277 1347//1278 1343//1279
f 1343//1279 1344//1280 1349//1277
f 1341//1281 1345//1282 1340//1283
f 1347//1278 1340//1283 1346//1284
f 1340//1283 1347//1278 1342//1275
f 1341//1281 1344//1280 1345//1282
f 1350//1285 1352//1286 1359//1287
f 1359//1287 1352//1286 1353//1288
f 1353//1288 1352//1286 1354//1289
f 1354//1289 1355//1290 1353//1288
f 1360//1291 1356//1292 1357//1293
f 1351//1294 1357//1293 1356//1292
f 1351//1294 1358//1295 1352//1286
f 1369//1296 1395//1297 1392//1298
f 1419//1299 1418//1300 1420//1301
f 1418//1300 1413//1302 1374//1303
f 1403//1304 1404//1305 1412//1306
f 1370//1307 1364//1308 1404//1305
f 1370//1307 1400//1309 1364//1308
f 1375//1310 1392//1298 1391//1311
f 1376//1312 1375//1310 1361//1313
f 1410//1314 1367//1315 1411//1316
f 1409//1317 1410//1314 1377//1318
f 1365//1319 1364//1308 1399//1320
f 1366//1321 1384//1322 1365//1319
f 1364//1308 1405//1323 1404//1305
f 1399//1320 1364//1308 1400//1309
f 1417//1324 1422//1325 1421//1326
f 1420//1301 1417//1324 1421//1326
f 1370//1307 1375//1310 1400//1309
f 1368//1327 1366//1321 1399//1320
f 1362//1328 1426//1329 1407//1330
f 1370//1307 1403//1304 1361//1313
f 1393//1331 1392//1298 1376//1312
f 1396//1332 1395//1297 1369//1296
f 1417//1324 1420//1301 1374//1303
f 1383//1333 1376//1312 1380//1334
f 1396//1332 1369//1296 1393//1331
f 1364//1308 1407//1330 1406//1335
f 1379//1336 1401//1337 1380//1334
f 1401//1337 1379//1336 1382//1338
f 1401//1337 1414//1339 1363//1340
f 1398//1341 1394//1342 1372//1343
f 1362//1328 1385//1344 1426//1329
f 1394//1342 1397//1345 1388//1346
f 1397//1345 1389//1347 1388//1346
f 1389//1347 1425//1348 1387//1349
f 1423//1350 1398//1341 1372//1343
f 1390//1351 1423//1350 1371//1352
f 1396//1332 1419//1299 1395//1297
f 1373//1353 1397//1345 1398//1341
f 1387//1349 1425//1348 1385//1344
f 1384//1322 1385//1344 1362//1328
f 1365//1319 1399//1320 1366//1321
f 1426//1329 1377//1318 1407//1330
f 1377//1318 1426//1329 1386//1354
f 1397//1345 1373//1353 1415//1355
f 1418//1300 1414//1339 1413//1302
f 1381//1356 1414//1339 1382//1338
f 1387//1349 1366//1321 1389//1347
f 1424//1357 1425//1348 1397//1345
f 1425//1348 1424//1357 1385//1344
f 1408//1358 1426//1329 1424//1357
f 1424//1357 1415//1355 1408//1358
f 1441//1359 1440//1360 1429//1361
f 1435//1362 1439//1363 1436//1364
f 1473//1365 1452//1366 1458//1367
f 1447//1368 1459//1369 1431//1370
f 1458//1367 1431//1370 1473//1365
f 1434//1371 1440//1360 1435//1362
f 1436//1364 1439//1363 1437//1372
f 1432//1373 1478//1374 1479//1375
f 1433//1376 1478//1374 1432//1373
f 1478//1374 1433//1376 1444//1377
f 1484//1378 1439//1363 1440//1360
f 1442//1379 1432//1373 1480//1380
f 1484//1378 1453//1381 1439//1363
f 1441//1359 1484//1378 1440//1360
f 1443//1382 1456//1383 1441//1359
f 1443//1382 1483//1384 1456//1383
f 1448//1385 1430//1386 1437//1372
f 1428//1387 1477//1388 1478//1374
f 1428//1387 1444//1377 1445//1389
f 1447//1368 1446//1390 1435//1362
f 1459//1369 1430//1386 1448//1385
f 1448//1385 1463//1391 1459//1369
f 1477//1388 1428//1387 1470//1392
f 1471//1393 1428//1387 1445//1389
f 1472//1394 1450//1395 1446//1390
f 1471//1393 1475//1396 1476//1397
f 1475//1396 1471//1393 1427//1398
f 1449//1399 1427//1398 1471//1393
f 1449//1399 1450//1395 1485//1400
f 1485//1400 1450//1395 1451//1401
f 1458//1367 1451//1401 1431//1370
f 1427//1398 1449//1399 1485//1400
f 1451//1401 1457//1402 1453//1381
f 1451//1401 1453//1381 1484//1378
f 1455//1403 1474//1404 1427//1398
f 1483//1384 1454//1405 1455//1403
f 1457//1402 1460//1406 1453//1381
f 1437//1372 1438//1407 1465//1408
f 1473//1365 1459//1369 1463//1391
f 1468//1409 1458//1367 1452//1366
f 1457//1402 1458//1367 1468//1409
f 1473//1365 1466//1410 1452//1366
f 1465//1408 1448//1385 1437//1372
f 1464//1411 1467//1412 1462//1413
f 1462//1413 1469//1414 1465//1408
f 1469//1414 1466//1410 1463//1391
f 1466//1410 1469//1414 1468//1409
f 1474//1404 1481//1415 1475//1396
f 1475//1396 1481//1415 1476//1397
f 1481//1415 1470//1392 1476//1397
f 1481//1415 1477//1388 1470//1392
f 1479//1375 1477//1388 1481//1415
f 1479//1375 1478//1374 1477//1388
f 1479//1375 1480//1380 1432//1373
f 1480//1380 1454//1405 1443//1382
f 1443//1382 1454//1405 1483//1384
f 1482//1416 1480//1380 1479//1375
f 1482//1416 1479//1375 1481//1415
f 1497//1417 1512//1418 1511//1419
f 1492//1420 1491//1421 1494//1422
f 1512//1418 1493//1423 1492//1420
f 1498//1424 1496//1425 1497//1417
f 1511//1419 1501//1426 1497//1417
f 1486//1427 1509//1428 1498//1424
f 1499//1429 1486//1427 1504//1430
f 1486//1427 1502//1431 1504//1430
f 1509//1428 1486//1427 1499//1429
f 1515//1432 1501//1426 1500//1433
f 1500//1433 1501//1426 1511//1419
f 1487//1434 1502//1431 1515//1432
f 1504//1430 1518//1435 1499//1429
f 1490//1436 1489//1437 1505//1438
f 1506//1439 1491//1421 1510//1440
f 1492//1420 1494//1422 1489//1437
f 1492//1420 1489//1437 1490//1436
f 1494//1422 1491//1421 1489//1437
f 1510//1440 1507//1441 1517//1442
f 1499//1429 1516//1443 1509//1428
f 1516//1443 1507//1441 1509//1428
f 1498//1424 1509//1428 1508//1444
f 1509//1428 1507//1441 1508//1444
f 1511//1419 1514//1445 1500//1433
f 1500//1433 1514//1445 1513//1446
f 1503//1447 1513//1446 1490//1436
f 1507//1441 1516//1443 1518//1435
f 1520//1448 1522//1449 1521//1450
f 1523//1451 1522//1449 1533//1452
f 1522//1449 1523//1451 1531//1453
f 1523//1451 1533//1452 1524//1454
f 1524//1454 1530//1455 1523//1451
f 1527//1456 1528//1457 1519//1458
f 1528//1457 1527//1456 1521//1450
f 1530//1455 1529//1459 1531//1453
f 1530//1455 1531//1453 1523//1451
f 1534//1460 1533//1452 1532//1461
f 1534//1460 1524//1454 1533//1452
f 1534//1460 1532//1461 1519//1458
f 1535//1462 1536//1463 1540//1464
f 1535//1462 1538//1465 1536//1463
f 1540//1464 1541//1466 1535//1462
f 1553//1467 1541//1466 1540//1464
f 1550//1468 1541//1466 1543//1469
f 1543//1469 1541//1466 1553//1467
f 1544//1470 1543//1469 1552//1471
f 1544//1470 1545//1472 1549//1473
f 1546//1474 1549//1473 1545//1472
f 1549//1473 1546//1474 1548//1475
f 1546//1474 1537//1476 1539//1477
f 1546//1474 1547//1478 1538//1465
f 1554//1479 1562//1480 1555//1481
f 1562//1480 1554//1479 1564//1482
f 1566//1483 1556//1484 1554//1479
f 1554//1479 1556//1484 1564//1482
f 1556//1484 1563//1485 1564//1482
f 1563//1485 1556//1484 1567//1486
f 1559//1487 1557//1488 1567//1486
f 1562//1480 1560//1489 1555//1481
f 1554//1479 1565//1490 1566//1483
f 1559//1487 1565//1490 1555//1481
f 1571//1491 1569//1492 1572//1493
f 1581//1494 1572//1493 1570//1495
f 1574//1496 1581//1494 1573//1497
f 1577//1498 1575//1499 1574//1496
f 1576//1500 1578//1501 1577//1498
f 1576//1500 1574//1496 1573//1497
f 1579//1502 1578//1501 1576//1500
f 1579//1502 1568//1503 1578//1501
f 1577//1498 1578//1501 1568//1503
f 1580//1504 1579//1502 1576//1500
f 1585//1505 1583//1506 1586//1507
f 1595//1508 1586//1507 1584//1509
f 1588//1510 1595//1508 1587//1511
f 1591//1512 1589//1513 1588//1510
f 1590//1514 1592//1515 1591//1512
f 1590//1514 1588//1510 1587//1511
f 1593//1516 1592//1515 1590//1514
f 1593//1516 1582//1517 1592//1515
f 1591//1512 1592//1515 1582//1517
f 1594//1518 1593//1516 1590//1514
f 1599//1519 1597//1520 1600//1521
f 1609//1522 1600//1521 1598//1523
f 1602//1524 1609//1522 1601//1525
f 1605//1526 1603//1527 1602//1524
f 1604//1528 1606//1529 1605//1526
f 1604//1528 1602//1524 1601//1525
f 1607//1530 1606//1529 1604//1528
f 1607//1530 1596//1531 1606//1529
f 1605//1526 1606//1529 1596//1531
f 1608//1532 1607//1530 1604//1528
f 1613//1533 1611//1534 1614//1535
f 1623//1536 1614//1535 1612//1537
f 1616//1538 1623//1536 1615//1539
f 1619//1540 1617//1541 1616//1538
f 1618//1542 1620//1543 1619//1540
f 1618//1542 1616//1538 1615//1539
f 1621//1544 1620//1543 1618//1542
f 1621//1544 1610//1545 1620//1543
f 1619//1540 1620//1543 1610//1545
f 1622//1546 1621//1544 1618//1542
f 1626//1547 1631//1548 1624//1549
f 1627//1550 1628//1551 1624//1549
f 1628//1551 1626//1547 1624//1549
f 1634//1552 1628//1551 1627//1550
f 1634//1552 1632//1553 1628//1551
f 1627//1550 1624//1549 1634//1552
f 1631//1548 1634//1552 1624//1549
f 1635//1554 1638//1555 1644//1556
f 1639//1557 1636//1558 1635//1554
f 1645//1559 1636//1558 1639//1557
f 1645//1559 1639//1557 1647//1560
f 1647//1560 1641//1561 1645//1559
f 1642//1562 1641//1561 1647//1560
f 1643//1563 1641//1561 1642//1562
f 1642//1562 1644//1556 1643//1563
f 1643//1563 1637//1564 1641//1561
f 1646//1565 1645//1559 1641//1561
f 1639//1557 1635//1554 1647//1560
f 1644//1556 1647//1560 1635//1554
f 1648//1566 1651//1567 1657//1568
f 1652//1569 1649//1570 1648//1566
f 1658//1571 1649//1570 1652//1569
f 1658//1571 1652//1569 1660//1572
f 1660//1572 1654//1573 1658//1571
f 1655//1574 1654//1573 1660//1572
f 1656//1575 1654//1573 1655//1574
f 1655//1574 1657//1568 1656//1575
f 1656//1575 1650//1576 1654//1573
f 1659//1577 1658//1571 1654//1573
f 1652//1569 1648//1566 1660//1572
f 1657//1568 1660//1572 1648//1566
f 1661//1578 1664//1579 1670//1580
f 1665//1581 1662//1582 1661//1578
f 1671//1583 1662//1582 1665//1581
f 1671//1583 1665//1581 1673//1584
f 1673//1584 1667//1585 1671//1583
f 1668//1586 1667//1585 1673//1584
f 1669//1587 1667//1585 1668//1586
f 1668//1586 1670//1580 1669//1587
f 1669//1587 1663//1588 1667//1585
f 1672//1589 1671//1583 1667//1585
f 1665//1581 1661//1578 1673//1584
f 1670//1580 1673//1584 1661//1578
f 1679//1590 1674//1591 1681//1592
f 1683//1593 1677//1594 1676//1595
f 1674//1591 1678//1596 1681//1592
f 1681//1592 1682//1597 1680//1598
f 1682//1597 1681//1592 1683//1593
f 1680//1598 1682//1597 1676//1595
f 1676//1595 1682//1597 1683//1593
f 1691//1599 1685//1600 1684//1601
f 1686//1602 1685//1600 1691//1599
f 1688//1603 1687//1604 1691//1599
f 1695//1605 1688//1603 1693//1606
f 1686//1602 1690//1607 1685//1600
f 1694//1608 1692//1609 1689//1610
f 1684//1601 1694//1608 1693//1606
f 1693//1606 1694//1608 1695//1605
f 1705//1611 1697//1612 1696//1613
f 1708//1614 1704//1615 1700//1616
f 1698//1617 1703//1618 1707//1619
f 1707//1619 1708//1614 1706//1620
f 1708//1614 1707//1619 1701//1621
f 1710//1622 1714//1623 1715//1624
f 1711//1625 1710//1622 1717//1626
f 1718//1627 1711//1625 1717//1626
f 1716//1628 1718//1627 1715//1624
f 1718//1627 1716//1628 1712//1629
f 1715//1624 1718//1627 1717//1626
f 1725//1630 1724//1631 1812//1632
f 1812//1632 1722//1633 1720//1634
f 1719//1635 1727//1636 1723//1637
f 1719//1635 1728//1638 1735//1639
f 1724//1631 1728//1638 1719//1635
f 1724//1631 1729//1640 1728//1638
f 1725//1630 1729//1640 1724//1631
f 1731//1641 1730//1642 1725//1630
f 1723//1637 1734//1643 1737//1644
f 1727//1636 1734//1643 1723//1637
f 1737//1644 1734//1643 1738//1645
f 1729//1640 1742//1646 1741//1647
f 1729//1640 1730//1642 1742//1646
f 1732//1648 1743//1649 1731//1641
f 1736//1650 1744//1651 1726//1652
f 1733//1653 1737//1644 1747//1654
f 1739//1655 1750//1656 1735//1639
f 1732//1648 1744//1651 1753//1657
f 1736//1650 1745//1658 1754//1659
f 1738//1645 1755//1660 1737//1644
f 1749//1661 1756//1662 1734//1643
f 1741//1647 1742//1646 1757//1663
f 1753//1657 1758//1664 1743//1649
f 1739//1655 1740//1665 1761//1666
f 1752//1667 1762//1668 1751//1669
f 1745//1658 1746//1670 1763//1671
f 1748//1672 1764//1673 1738//1645
f 1749//1661 1759//1674 1765//1675
f 1759//1674 1760//1676 1785//1677
f 1757//1663 1766//1678 1740//1665
f 1762//1668 1767//1679 1742//1646
f 1758//1664 1768//1680 1752//1667
f 1754//1659 1763//1671 1771//1681
f 1764//1673 1774//1682 1755//1660
f 1748//1672 1756//1662 1775//1683
f 1766//1678 1776//1684 1761//1666
f 1757//1663 1767//1679 1777//1685
f 1769//1686 1778//1687 1758//1664
f 1765//1675 1779//1688 1756//1662
f 1776//1684 1780//1689 1760//1676
f 1762//1668 1768//1680 1781//1690
f 1769//1686 1770//1691 1782//1692
f 1763//1671 1772//1693 1788//1694
f 1775//1683 1784//1695 1764//1673
f 1778//1687 1786//1696 1768//1680
f 1770//1691 1771//1681 1787//1697
f 1773//1698 1788//1694 1772//1693
f 1785//1677 1790//1699 1765//1675
f 1780//1689 1794//1700 1785//1677
f 1777//1685 1795//1701 1766//1678
f 1781//1690 1792//1702 1767//1679
f 1788//1694 1793//1703 1771//1681
f 1773//1698 1783//1704 1798//1705
f 1789//1706 1804//1707 1784//1695
f 1792//1702 1795//1701 1777//1685
f 1781//1690 1786//1696 1796//1708
f 1787//1697 1797//1709 1782//1692
f 1787//1697 1793//1703 1797//1709
f 1798//1705 1803//1710 1788//1694
f 1804//1707 1798//1705 1783//1704
f 1794//1700 1799//1711 1790//1699
f 1795//1701 1800//1712 1791//1713
f 1803//1710 1802//1714 1793//1703
f 1799//1711 1804//1707 1789//1706
f 1797//1709 1807//1715 1801//1716
f 1804//1707 1809//1717 1798//1705
f 1799//1711 1808//1718 1804//1707
f 1799//1711 1805//1719 1808//1718
f 1800//1712 1808//1718 1805//1719
f 1803//1710 1809//1717 1811//1720
f 1807//1715 1810//1721 1806//1722
f 1802//1714 1810//1721 1807//1715
f 1802//1714 1811//1720 1810//1721
f 1808//1718 1811//1720 1809//1717
f 1720//1634 1725//1630 1812//1632
f 1811//1720 1808//1718 1810//1721
f 1813//1723 1817//1724 1816//1725
f 1824//1726 1818//1727 1817//1724
f 1814//1728 1819//1729 1824//1726
f 1816//1725 1820//1730 1815//1731
f 1816//1725 1822//1732 1821//1733
f 1817//1724 1823//1734 1822//1732
f 1817//1724 1828//1735 1823//1734
f 1817//1724 1818//1727 1828//1735
f 1819//1729 1825//1736 1824//1726
f 1815//1731 1820//1730 1826//1737
f 1816//1725 1821//1733 1833//1738
f 1822//1732 1823//1734 1827//1739
f 1830//1740 1829//1741 1818//1727
f 1824//1726 1825//1736 1830//1740
f 1831//1742 1826//1737 1832//1743
f 1821//1733 1834//1744 1856//1745
f 1827//1739 1834//1744 1821//1733
f 1823//1734 1828//1735 1835//1746
f 1831//1742 1838//1747 1819//1729
f 1826//1737 1840//1748 1839//1749
f 1820//1730 1833//1738 1841//1750
f 1828//1735 1829//1741 1844//1751
f 1830//1740 1837//1752 1845//1753
f 1832//1743 1846//1754 1831//1742
f 1842//1755 1847//1756 1833//1738
f 1834//1744 1827//1739 1848//1757
f 1843//1758 1850//1759 1835//1746
f 1829//1741 1836//1760 1851//1761
f 1837//1752 1853//1762 1852//1763
f 1838//1747 1853//1762 1837//1752
f 1832//1743 1839//1749 1854//1764
f 1841//1750 1855//1765 1840//1748
f 1849//1766 1857//1767 1827//1739
f 1855//1765 1858//1768 1839//1749
f 1841//1750 1847//1756 1859//1769
f 1842//1755 1856//1745 1860//1770
f 1848//1757 1877//1771 1856//1745
f 1845//1753 1862//1772 1836//1760
f 1854//1764 1865//1773 1846//1754
f 1860//1770 1866//1774 1847//1756
f 1861//1775 1872//1776 1844//1751
f 1863//1777 1874//1778 1852//1763
f 1859//1769 1876//1779 1855//1765
f 1875//1780 1878//1781 1854//1764
f 1860//1770 1877//1771 1884//1782
f 1877//1771 1867//1783 1884//1782
f 1870//1784 1879//1785 1869//1786
f 1862//1772 1873//1787 1885//1788
f 1863//1777 1881//1789 1874//1778
f 1864//1790 1865//1773 1882//1791
f 1859//1769 1866//1774 1883//1792
f 1881//1789 1885//1788 1873//1787
f 1884//1782 1888//1793 1866//1774
f 1867//1783 1893//1794 1884//1782
f 1879//1785 1889//1795 1868//1796
f 1880//1797 1885//1788 1891//1798
f 1881//1789 1882//1791 1892//1799
f 1887//1800 1883//1792 1897//1801
f 1885//1788 1892//1799 1894//1802
f 1897//1801 1896//1803 1887//1800
f 1888//1793 1897//1801 1883//1792
f 1893//1794 1898//1804 1888//1793
f 1889//1795 1898//1804 1893//1794
f 1889//1795 1902//1805 1898//1804
f 1895//1806 1896//1803 1903//1807
f 1898//1804 1901//1808 1897//1801
f 1894//1802 1900//1809 1902//1805
f 1813//1723 1815//1731 1904//1810
f 1900//1809 1903//1807 1902//1805
f 1903//1807 1901//1808 1902//1805
f 1954//1811 1908//1812 1909//1813
f 1907//1814 1913//1815 1906//1816
f 1909//1813 1908//1812 1910//1817
f 1906//1816 1913//1815 1912//1818
f 1916//1819 1915//1820 1907//1814
f 1910//1817 1920//1821 1909//1813
f 1911//1822 1912//1818 1919//1823
f 1914//1824 1915//1820 1923//1825
f 1910//1817 1908//1812 1927//1826
f 1923//1825 1922//1827 1913//1815
f 1915//1820 1926//1828 1925//1829
f 1917//1830 1926//1828 1916//1819
f 1921//1831 1927//1826 1908//1812
f 1927//1826 1933//1832 1920//1821
f 1922//1827 1930//1833 1912//1818
f 1923//1825 1924//1834 1931//1835
f 1928//1836 1932//1837 1917//1830
f 1927//1826 1921//1831 1934//1838
f 1930//1833 1936//1839 1919//1823
f 1926//1828 1932//1837 1937//1840
f 1929//1841 1934//1838 1921//1831
f 1936//1839 1935//1842 1918//1843
f 1931//1835 1939//1844 1922//1827
f 1925//1829 1945//1845 1924//1834
f 1937//1840 1944//1846 1925//1829
f 1928//1836 1940//1847 1932//1837
f 1934//1838 1942//1848 1941//1849
f 1935//1842 1942//1848 1929//1841
f 1939//1844 1943//1850 1930//1833
f 1938//1851 1940//1847 1928//1836
f 1945//1845 1948//1852 1931//1835
f 1940//1847 1947//1853 1937//1840
f 1944//1846 1951//1854 1945//1845
f 1937//1840 1947//1853 1944//1846
f 1941//1849 1949//1855 1938//1851
f 1946//1856 1941//1849 1942//1848
f 1947//1853 1951//1854 1944//1846
f 1943//1850 1953//1857 1950//1858
f 1948//1852 1953//1857 1943//1850
f 1941//1849 1950//1858 1949//1855
f 1951//1854 1953//1857 1948//1852
f 1905//1859 1906//1816 1954//1811
f 1950//1858 1953//1857 1952//1860
f 1955//1861 1960//1862 1958//1863
f 1959//1864 1960//1862 1955//1861
f 1955//1861 1958//1863 1957//1865
f 1956//1866 1962//1867 1959//1864
f 1960//1862 1961//1868 1958//1863
f 1962//1867 1968//1869 1959//1864
f 1956//1866 1957//1865 1963//1870
f 1961//1868 1964//1871 1958//1863
f 1960//1862 1965//1872 1966//1873
f 1962//1867 1963//1870 1973//1874
f 1965//1872 1967//1875 1966//1873
f 1962//1867 1969//1876 1968//1869
f 1961//1868 1972//1877 1964//1871
f 1971//1878 1972//1877 1977//1879
f 1961//1868 1966//1873 1974//1880
f 1963//1870 1970//1881 1976//1882
f 1967//1875 1975//1883 1966//1873
f 1977//1879 1976//1882 1970//1881
f 1976//1882 1979//1884 1973//1874
f 1975//1883 1980//1885 1974//1880
f 1979//1884 1982//1886 1967//1875
f 1978//1887 1981//1888 1976//1882
f 1978//1887 1980//1885 1981//1888
f 1980//1885 1982//1886 1981//1888
f 2023//1889 1988//1890 1983//1891
f 1983//1891 1986//1892 2023//1889
f 1984//1893 1989//1894 2023//1889
f 1983//1891 1988//1890 1987//1895
f 1985//1896 1991//1897 1990//1898
f 1985//1896 1994//1899 1991//1897
f 1986//1892 1994//1899 1985//1896
f 1983//1891 1995//1900 1986//1892
f 1983//1891 1987//1895 1995//1900
f 1988//1890 1993//1901 1996//1902
f 1987//1895 1997//1903 1999//1904
f 1988//1890 1996//1902 1997//1903
f 2000//1905 1990//1898 2008//1906
f 1994//1899 1992//1907 1998//1908
f 1994//1899 1998//1908 2001//1909
f 1999//1904 2003//1910 1987//1895
f 2001//1909 2004//1911 1991//1897
f 2002//1912 2007//1913 1992//1907
f 1997//1903 1996//1902 2005//1914
f 1995//1900 2003//1910 2011//1915
f 2004//1911 2009//1916 2008//1906
f 1998//1908 2007//1913 2010//1917
f 1996//1902 2006//1918 2012//1919
f 2008//1906 2009//1916 2018//1920
f 2001//1909 2010//1917 2014//1921
f 2011//1915 2003//1910 2015//1922
f 2011//1915 2015//1922 2013//1923
f 2005//1914 2012//1919 2016//1924
f 2004//1911 2019//1925 2009//1916
f 2010//1917 2013//1923 2014//1921
f 2016//1924 2015//1922 2003//1910
f 2018//1920 2017//1926 2012//1919
f 2014//1921 2019//1925 2004//1911
f 2015//1922 2020//1927 2013//1923
f 2017//1926 2021//1928 2016//1924
f 2018//1920 2019//1925 2017//1926
f 2014//1921 2020//1927 2022//1929
f 2021//1928 2020//1927 2015//1922
f 2017//1926 2022//1929 2021//1928
f 2019//1925 2022//1929 2017//1926
f 2077//1930 2024//1931 2025//1932
f 2024//1931 2029//1933 2034//1934
f 2024//1931 2026//1935 2029//1933
f 2027//1936 2031//1937 2026//1935
f 2025//1932 2034//1934 2033//1938
f 2034//1934 2029//1933 2037//1939
f 2027//1936 2032//1940 2035//1941
f 2028//1942 2033//1938 2036//1943
f 2037//1939 2048//1944 2034//1934
f 2029//1933 2038//1945 2037//1939
f 2029//1933 2030//1946 2038//1945
f 2032//1940 2036//1943 2040//1947
f 2035//1941 2044//1948 2031//1937
f 2033//1938 2045//1949 2036//1943
f 2041//1950 2045//1949 2033//1938
f 2034//1934 2048//1944 2046//1951
f 2043//1952 2050//1953 2038//1945
f 2039//1954 2044//1948 2047//1955
f 2040//1947 2051//1956 2032//1940
f 2037//1939 2042//1957 2049//1958
f 2049//1958 2059//1959 2048//1944
f 2043//1952 2047//1955 2057//1960
f 2052//1961 2058//1962 2051//1956
f 2042//1957 2056//1963 2061//1964
f 2050//1953 2057//1960 2065//1965
f 2044//1948 2060//1966 2047//1955
f 2058//1962 2060//1966 2044//1948
f 2054//1967 2055//1968 2063//1969
f 2060//1966 2058//1962 2066//1970
f 2064//1971 2071//1972 2059//1959
f 2064//1971 2067//1973 2071//1972
f 2056//1963 2065//1965 2067//1973
f 2062//1974 2069//1975 2058//1962
f 2062//1974 2070//1976 2069//1975
f 2065//1965 2066//1970 2072//1977
f 2070//1976 2073//1978 2069//1975
f 2063//1969 2074//1979 2073//1978
f 2071//1972 2074//1979 2063//1969
f 2068//1980 2076//1981 2066//1970
f 2069//1975 2076//1981 2068//1980
f 2074//1979 2075//1982 2076//1981
f 2073//1978 2076//1981 2069//1975
f 2026//1935 2024//1931 2077//1930
f 2147//1983 2084//1984 2078//1985
f 2079//1986 2083//1987 2082//1988
f 2081//1989 2085//1990 2084//1984
f 2081//1989 2090//1991 2085//1990
f 2079//1986 2086//1992 2091//1993
f 2080//1994 2086//1992 2079//1986
f 2080//1994 2087//1995 2086//1992
f 2088//1996 2087//1995 2080//1994
f 2084//1984 2089//1997 2088//1996
f 2082//1988 2090//1991 2081//1989
f 2084//1984 2094//1998 2093//1999
f 2083//1987 2091//1993 2101//2000
f 2087//1995 2092//2001 2104//2002
f 2092//2001 2089//1997 2106//2003
f 2089//1997 2093//1999 2097//2004
f 2090//1991 2100//2005 2099//2006
f 2095//2007 2100//2005 2090//1991
f 2091//1993 2096//2008 2102//2009
f 2106//2003 2105//2010 2092//2001
f 2089//1997 2097//2004 2106//2003
f 2094//1998 2110//2011 2093//1999
f 2094//1998 2098//2012 2108//2013
f 2101//2000 2109//2014 2095//2007
f 2109//2014 2111//2015 2095//2007
f 2107//2016 2113//2017 2097//2004
f 2108//2013 2118//2018 2110//2011
f 2102//2009 2115//2019 2101//2000
f 2105//2010 2116//2020 2104//2002
f 2117//2021 2116//2020 2105//2010
f 2113//2017 2117//2021 2106//2003
f 2098//2012 2099//2006 2119//2022
f 2111//2015 2120//2023 2100//2005
f 2112//2024 2123//2025 2103//2026
f 2114//2027 2124//2028 2107//2016
f 2099//2006 2120//2023 2125//2029
f 2115//2019 2126//2030 2109//2014
f 2115//2019 2121//2031 2132//2032
f 2116//2020 2127//2033 2112//2024
f 2113//2017 2124//2028 2129//2034
f 2118//2018 2134//2035 2114//2027
f 2119//2022 2130//2036 2118//2018
f 2111//2015 2126//2030 2131//2037
f 2128//2038 2133//2039 2116//2020
f 2129//2034 2124//2028 2137//2040
f 2130//2036 2138//2041 2134//2035
f 2127//2033 2140//2042 2122//2043
f 2129//2034 2137//2040 2141//2044
f 2138//2041 2137//2040 2124//2028
f 2131//2037 2143//2045 2125//2029
f 2135//2046 2139//2047 2126//2030
f 2127//2033 2136//2048 2140//2042
f 2130//2036 2143//2045 2142//2049
f 2131//2037 2139//2047 2143//2045
f 2140//2042 2144//2050 2135//2046
f 2136//2048 2145//2051 2140//2042
f 2141//2044 2145//2051 2136//2048
f 2143//2045 2146//2052 2142//2049
f 2139//2047 2144//2050 2146//2052
f 2142//2049 2146//2052 2141//2044
f 2078//1985 2079//1986 2147//1983
f 2144//2050 2145//2051 2146//2052
f 2150//2053 2151//2054 2156//2055
f 2152//2056 2153//2057 2160//2058
f 2149//2059 2155//2060 2154//2061
f 2150//2053 2155//2060 2149//2059
f 2151//2054 2152//2056 2158//2062
f 2156//2055 2162//2063 2150//2053
f 2151//2054 2158//2062 2157//2064
f 2152//2056 2160//2058 2159//2065
f 2154//2061 2161//2066 2153//2057
f 2154//2061 2155//2060 2163//2067
f 2158//2062 2159//2065 2165//2068
f 2163//2067 2166//2069 2154//2061
f 2155//2060 2162//2063 2167//2070
f 2161//2066 2166//2069 2169//2071
f 2162//2063 2164//2072 2171//2073
f 2172//2074 2174//2075 2173//2076
f 2157//2064 2165//2068 2174//2075
f 2168//2077 2175//2078 2159//2065
f 2163//2067 2170//2079 2166//2069
f 2172//2074 2176//2080 2164//2072
f 2167//2070 2180//2081 2170//2079
f 2175//2078 2177//2082 2165//2068
f 2168//2077 2178//2083 2175//2078
f 2168//2077 2169//2071 2178//2083
f 2169//2071 2166//2069 2179//2084
f 2176//2080 2182//2085 2171//2073
f 2176//2080 2173//2076 2184//2086
f 2166//2069 2180//2081 2183//2087
f 2185//2088 2191//2089 2173//2076
f 2177//2082 2185//2088 2174//2075
f 2175//2078 2178//2083 2186//2090
f 2184//2086 2190//2091 2182//2085
f 2185//2088 2186//2090 2192//2092
f 2183//2087 2188//2093 2179//2084
f 2181//2094 2189//2095 2180//2081
f 2181//2094 2190//2091 2189//2095
f 2191//2089 2190//2091 2184//2086
f 2186//2090 2187//2096 2193//2097
f 2190//2091 2191//2089 2194//2098
f 2191//2089 2192//2092 2194//2098
f 2150//2053 2149//2059 2148//2099
f 2192//2092 2193//2097 2194//2098
f 2238//2100 2198//2101 2197//2102
f 2195//2103 2201//2104 2198//2101
f 2238//2100 2199//2105 2196//2106
f 2197//2102 2199//2105 2238//2100
f 2198//2101 2200//2107 2206//2108
f 2198//2101 2201//2104 2200//2107
f 2203//2109 2202//2110 2195//2103
f 2203//2109 2196//2106 2208//2111
f 2206//2108 2205//2112 2197//2102
f 2202//2110 2207//2113 2201//2104
f 2202//2110 2212//2114 2207//2113
f 2196//2106 2210//2115 2209//2116
f 2199//2105 2204//2117 2210//2115
f 2201//2104 2207//2113 2211//2118
f 2202//2110 2208//2111 2212//2114
f 2208//2111 2209//2116 2220//2119
f 2205//2112 2216//2120 2204//2117
f 2206//2108 2200//2107 2217//2121
f 2208//2111 2220//2119 2214//2122
f 2211//2118 2217//2121 2200//2107
f 2214//2122 2219//2123 2212//2114
f 2216//2120 2218//2124 2204//2117
f 2209//2116 2215//2125 2225//2126
f 2218//2124 2223//2127 2210//2115
f 2213//2128 2221//2129 2216//2120
f 2207//2113 2222//2130 2211//2118
f 2217//2121 2222//2130 2228//2131
f 2207//2113 2219//2123 2229//2132
f 2218//2124 2221//2129 2226//2133
f 2213//2128 2228//2131 2227//2134
f 2223//2127 2226//2133 2230//2135
f 2227//2134 2231//2136 2221//2129
f 2225//2126 2232//2137 2224//2138
f 2230//2135 2232//2137 2225//2126
f 2229//2132 2235//2139 2222//2130
f 2229//2132 2224//2138 2236//2140
f 2226//2133 2233//2141 2230//2135
f 2236//2140 2235//2139 2229//2132
f 2230//2135 2233//2141 2232//2137
f 2231//2136 2233//2141 2226//2133
f 2227//2134 2234//2142 2231//2136
f 2224//2138 2232//2137 2236//2140
f 2234//2142 2237//2143 2231//2136
f 2236//2140 2237//2143 2235//2139
f 2195//2103 2198//2101 2238//2100
f 2239//2144 2242//2145 2241//2146
f 2239//2144 2240//2147 2242//2145
f 2239//2144 2245//2148 2247//2149
f 2241//2146 2242//2145 2244//2150
f 2239//2144 2243//2151 2245//2148
f 2242//2145 2247//2149 2249//2152
f 2241//2146 2244//2150 2248//2153
f 2242//2145 2249//2152 2252//2154
f 2244//2150 2246//2155 2254//2156
f 2249//2152 2255//2157 2252//2154
f 2243//2151 2248//2153 2261//2158
f 2252//2154 2259//2159 2246//2155
f 2253//2160 2255//2157 2249//2152
f 2250//2161 2256//2162 2245//2148
f 2255//2157 2259//2159 2252//2154
f 2251//2163 2261//2158 2260//2164
f 2259//2159 2262//2165 2254//2156
f 2258//2166 2262//2165 2263//2167
f 2253//2160 2264//2168 2255//2157
f 2256//2162 2265//2169 2253//2160
f 2256//2162 2257//2170 2265//2169
f 2253//2160 2265//2169 2264//2168
f 2264//2168 2267//2171 2259//2159
f 2266//2172 2265//2169 2257//2170
f 2263//2167 2266//2172 2261//2158
f 2264//2168 2266//2172 2267//2171
f 2280//2173 2271//2174 2268//2175
f 2280//2173 2270//2176 2269//2177
f 2268//2175 2270//2176 2280//2173
f 2268//2175 2271//2174 2272//2178
f 2269//2177 2275//2179 2280//2173
f 2275//2179 2274//2180 2271//2174
f 2275//2179 2276//2181 2279//2182
f 2269//2177 2270//2176 2276//2181
f 2273//2183 2278//2184 2270//2176
f 2273//2183 2277//2185 2278//2184
f 2274//2180 2278//2184 2277//2185
f 2274//2180 2279//2182 2278//2184
f 2294//2186 2281//2187 2287//2188
f 2282//2189 2294//2186 2284//2190
f 2282//2189 2284//2190 2283//2191
f 2294//2186 2285//2192 2284//2190
f 2294//2186 2286//2193 2285//2192
f 2287//2188 2286//2193 2294//2186
f 2284//2190 2290//2194 2283//2191
f 2286//2193 2291//2195 2285//2192
f 2286//2193 2292//2196 2291//2195
f 2288//2197 2293//2198 2292//2196
f 2288//2197 2290//2194 2293//2198
f 2293//2198 2290//2194 2291//2195
f 2282//2189 2281//2187 2294//2186
f 2313//2199 2295//2200 2301//2201
f 2296//2202 2297//2203 2303//2204
f 2295//2200 2296//2202 2302//2205
f 2297//2203 2299//2206 2298//2207
f 2300//2208 2299//2206 2297//2203
f 2301//2201 2300//2208 2313//2199
f 2302//2205 2305//2209 2301//2201
f 2303//2204 2304//2210 2306//2211
f 2298//2207 2299//2206 2308//2212
f 2300//2208 2310//2213 2309//2214
f 2302//2205 2306//2211 2305//2209
f 2308//2212 2309//2214 2311//2215
f 2306//2211 2312//2216 2305//2209
f 2306//2211 2307//2217 2312//2216
f 2310//2213 2311//2215 2309//2214
f 2305//2209 2312//2216 2310//2213
f 2310//2213 2312//2216 2311//2215
f 2315//2218 2316//2219 2324//2220
f 2314//2221 2324//2220 2319//2222
f 2319//2222 2318//2223 2314//2221
f 2324//2220 2320//2224 2319//2222
f 2315//2218 2317//2225 2322//2226
f 2316//2219 2321//2227 2320//2224
f 2322//2226 2321//2227 2316//2219
f 2318//2223 2322//2226 2317//2225
f 2318//2223 2321//2227 2323//2228
f 2318//2223 2323//2228 2322//2226
f 2314//2221 2315//2218 2324//2220
f 2328//2229 2326//2230 2327//2231
f 2325//2232 2327//2231 2331//2233
f 2330//2234 2332//2235 2326//2230
f 2331//2233 2333//2236 2325//2232
f 2332//2235 2335//2237 2329//2238
f 2330//2234 2336//2239 2332//2235
f 2333//2236 2336//2239 2334//2240
f 2336//2239 2335//2237 2332//2235
f 2325//2232 2328//2229 2327//2231
f 2337//2241 2343//2242 2340//2243
f 2343//2242 2345//2244 2340//2243
f 2339//2245 2340//2243 2342//2246
f 2337//2241 2341//2247 2343//2242
f 2340//2243 2345//2244 2344//2248
f 2344//2248 2347//2249 2342//2246
f 2341//2247 2346//2250 2343//2242
f 2344//2248 2345//2244 2348//2251
f 2345//2244 2346//2250 2348//2251
f 2346//2250 2349//2252 2348//2251
f 2348//2251 2349//2252 2347//2249
f 2337//2241 2340//2243 2339//2245
f 2350//2253 2353//2254 2352//2255
f 2350//2253 2357//2256 2351//2257
f 2357//2256 2356//2258 2351//2257
f 2352//2255 2358//2259 2357//2256
f 2351//2257 2356//2258 2355//2260
f 2353//2254 2358//2259 2352//2255
f 2354//2261 2360//2262 2353//2254
f 2357//2256 2358//2259 2362//2263
f 2360//2262 2359//2264 2353//2254
f 2356//2258 2363//2265 2355//2260
f 2356//2258 2362//2263 2361//2266
f 2359//2264 2361//2266 2362//2263
f 2360//2262 2361//2266 2359//2264
f 2363//2265 2361//2266 2360//2262
f 2364//2267 2369//2268 2366//2269
f 2364//2267 2366//2269 2368//2270
f 2364//2267 2368//2270 2370//2271
f 2370//2271 2373//2272 2367//2273
f 2365//2274 2372//2275 2368//2270
f 2371//2276 2372//2275 2365//2274
f 2375//2277 2376//2278 2382//2279
f 2377//2280 2379//2281 2374//2282
f 2377//2280 2378//2283 2380//2284
f 2376//2278 2379//2281 2384//2285
f 2380//2284 2381//2286 2377//2280
f 2378//2283 2382//2279 2383//2287
f 2380//2284 2383//2287 2381//2286
f 2382//2279 2384//2285 2383//2287
f 2381//2286 2385//2288 2379//2281
f 2383//2287 2385//2288 2381//2286
f 2384//2285 2385//2288 2383//2287
f 2377//2280 2374//2282 2375//2277
f 2387//2289 2386//2290 2392//2291
f 2387//2289 2392//2291 2388//2292
f 2387//2289 2388//2292 2390//2293
f 2388//2292 2392//2291 2394//2294
f 2386//2290 2393//2295 2396//2296
f 2389//2297 2395//2298 2392//2291
f 2389//2297 2396//2296 2395//2298
f 2394//2294 2398//2299 2390//2293
f 2393//2295 2397//2300 2396//2296
f 2391//2301 2398//2299 2397//2300
f 2394//2294 2395//2298 2398//2299
f 2395//2298 2397//2300 2398//2299
f 2401//2302 2400//2303 2399//2304
f 2403//2305 2402//2306 2399//2304
f 2400//2303 2405//2307 2404//2308
f 2401//2302 2402//2306 2406//2309
f 2402//2306 2408//2310 2409//2311
f 2406//2309 2407//2312 2405//2307
f 2404//2308 2408//2310 2403//2305
f 2410//2313 2413//2314 2412//2315
f 2412//2315 2414//2316 2410//2313
f 2411//2317 2415//2318 2413//2314
f 2413//2314 2415//2318 2416//2319
f 2418//2320 2421//2321 2411//2317
f 2414//2316 2421//2321 2418//2320
f 2412//2315 2419//2322 2414//2316
f 2416//2319 2420//2323 2419//2322
f 2419//2322 2421//2321 2414//2316
f 2421//2321 2420//2323 2417//2324
f 2421//2321 2419//2322 2420//2323
f 2424//2325 2423//2326 2422//2327
f 2424//2325 2422//2327 2428//2328
f 2423//2326 2427//2329 2426//2330
f 2428//2328 2429//2331 2425//2332
f 2426//2330 2430//2333 2422//2327
f 2431//2334 2433//2335 2426//2330
f 2425//2332 2429//2331 2433//2335
f 2428//2328 2432//2336 2433//2335
f 2444//2337 2434//2338 2438//2339
f 2438//2339 2437//2340 2444//2337
f 2434//2338 2435//2341 2439//2342
f 2440//2343 2439//2342 2435//2341
f 2435//2341 2436//2344 2440//2343
f 2437//2340 2438//2339 2441//2345
f 2440//2343 2436//2344 2443//2346
f 2436//2344 2441//2345 2443//2346
f 2435//2341 2434//2338 2444//2337
f 2448//2347 2447//2348 2445//2349
f 2445//2349 2447//2348 2446//2350
f 2447//2348 2450//2351 2449//2352
f 2448//2347 2452//2353 2453//2354
f 2451//2355 2453//2354 2452//2353
f 2446//2350 2451//2355 2452//2353
f 2455//2356 2454//2357 2446//2350
f 2449//2352 2455//2356 2447//2348
f 2456//2358 2457//2359 2459//2360
f 2465//2361 2456//2358 2459//2360
f 2458//2362 2466//2363 2457//2359
f 2460//2364 2465//2361 2459//2360
f 2461//2365 2458//2362 2462//2366
f 2465//2361 2469//2367 2462//2366
f 2459//2360 2468//2368 2460//2364
f 2472//2369 2463//2370 2461//2365
f 2466//2363 2474//2371 2464//2372
f 2464//2372 2467//2373 2459//2360
f 2467//2373 2468//2368 2459//2360
f 2470//2374 2475//2375 2465//2361
f 2471//2376 2461//2365 2462//2366
f 2474//2371 2467//2373 2464//2372
f 2476//2377 2469//2367 2465//2361
f 2473//2378 2474//2371 2466//2363
f 2482//2379 2470//2374 2468//2368
f 2476//2377 2484//2380 2469//2367
f 2484//2380 2471//2376 2469//2367
f 2471//2376 2477//2381 2461//2365
f 2486//2382 2481//2383 2467//2373
f 2481//2383 2482//2379 2468//2368
f 2488//2384 2477//2381 2471//2376
f 2477//2381 2478//2385 2472//2369
f 2478//2385 2479//2386 2472//2369
f 2480//2387 2486//2382 2474//2371
f 2492//2388 2484//2380 2476//2377
f 2478//2385 2494//2389 2479//2386
f 2494//2389 2489//2390 2479//2386
f 2486//2382 2495//2391 2481//2383
f 2481//2383 2487//2392 2482//2379
f 2492//2388 2488//2384 2484//2380
f 2489//2390 2490//2393 2485//2394
f 2485//2394 2499//2395 2480//2387
f 2490//2393 2499//2395 2485//2394
f 2500//2396 2496//2397 2487//2392
f 2492//2388 2497//2398 2488//2384
f 2493//2399 2504//2400 2478//2385
f 2494//2389 2490//2393 2489//2390
f 2495//2391 2500//2396 2487//2392
f 2496//2397 2501//2401 2491//2402
f 2502//2403 2497//2398 2492//2388
f 2503//2404 2499//2395 2490//2393
f 2499//2395 2505//2405 2495//2391
f 2498//2406 2505//2405 2503//2404
f 2506//2407 2505//2405 2498//2406
f 2515//2408 2511//2409 2508//2410
f 2511//2409 2523//2411 2512//2412
f 2516//2413 2509//2414 2513//2415
f 2523//2411 2520//2416 2512//2412
f 2526//2417 2516//2413 2513//2415
f 2524//2418 2517//2419 2514//2420
f 2517//2419 2518//2421 2510//2422
f 2518//2421 2527//2423 2515//2408
f 2527//2423 2519//2424 2515//2408
f 2532//2425 2518//2421 2517//2419
f 2527//2423 2528//2426 2519//2424
f 2525//2427 2526//2417 2520//2416
f 2530//2428 2536//2429 2523//2411
f 2532//2425 2534//2430 2518//2421
f 2525//2427 2537//2431 2526//2417
f 2534//2430 2535//2432 2527//2423
f 2535//2432 2528//2426 2527//2423
f 2529//2433 2539//2434 2522//2435
f 2535//2432 2542//2436 2528//2426
f 2542//2436 2543//2437 2530//2428
f 2537//2431 2538//2438 2531//2439
f 2538//2438 2533//2440 2531//2439
f 2533//2440 2544//2441 2529//2433
f 2541//2442 2535//2432 2534//2430
f 2541//2442 2545//2443 2535//2432
f 2543//2437 2546//2444 2536//2429
f 2546//2444 2537//2431 2536//2429
f 2545//2443 2543//2437 2542//2436
f 2544//2441 2548//2445 2539//2434
f 2546//2444 2547//2446 2538//2438
f 2547//2446 2548//2445 2544//2441
f 2549//2447 2541//2442 2540//2448
f 2545//2443 2549//2447 2543//2437
f 2543//2437 2549//2447 2546//2444
f 2549//2447 2547//2446 2546//2444
f 2547//2446 2549//2447 2548//2445
f 2550//2449 2559//2450 2551//2451
f 2552//2452 2557//2453 2550//2449
f 2559//2450 2554//2454 2551//2451
f 2556//2455 2552//2452 2551//2451
f 2553//2456 2559//2450 2558//2457
f 2556//2455 2561//2458 2552//2452
f 2565//2459 2557//2453 2552//2452
f 2562//2460 2559//2450 2553//2456
f 2568//2461 2555//2462 2554//2454
f 2565//2459 2566//2463 2557//2453
f 2564//2464 2567//2465 2558//2457
f 2560//2466 2568//2461 2554//2454
f 2563//2467 2570//2468 2556//2455
f 2570//2468 2561//2458 2556//2455
f 2564//2464 2576//2469 2567//2465
f 2571//2470 2568//2461 2560//2466
f 2572//2471 2563//2467 2555//2462
f 2575//2472 2566//2463 2565//2459
f 2566//2463 2578//2473 2564//2464
f 2578//2473 2576//2469 2564//2464
f 2576//2469 2577//2474 2567//2465
f 2571//2470 2572//2471 2568//2461
f 2575//2472 2578//2473 2566//2463
f 2569//2475 2574//2476 2570//2468
f 2574//2476 2575//2472 2570//2468
f 2573//2477 2579//2478 2571//2470
f 2579//2478 2572//2471 2571//2470
f 2579//2478 2569//2475 2572//2471
f 2578//2473 2580//2479 2576//2469
f 2580//2479 2577//2474 2576//2469
f 2579//2478 2574//2476 2569//2475
f 2580//2479 2578//2473 2575//2472
f 2579//2478 2580//2479 2574//2476
f 2581//2480 2582//2481 2584//2482
f 2583//2483 2584//2482 2582//2481
f 2590//2484 2582//2481 2581//2480
f 2586//2485 2585//2486 2584//2482
f 2588//2487 2583//2483 2582//2481
f 2583//2483 2587//2488 2584//2482
f 2587//2488 2586//2485 2584//2482
f 2589//2489 2590//2484 2585//2486
f 2591//2490 2586//2485 2587//2488
f 2590//2484 2591//2490 2588//2487
f 2589//2489 2591//2490 2590//2484
f 2594//2491 2593//2492 2592//2493
f 2595//2494 2592//2493 2593//2492
f 2596//2495 2594//2491 2592//2493
f 2599//2496 2597//2497 2594//2491
f 2602//2498 2603//2499 2598//2500
f 2603//2499 2600//2501 2595//2494
f 2601//2502 2599//2496 2596//2495
f 2601//2502 2604//2503 2599//2496
f 2605//2504 2603//2499 2602//2498
f 2603//2499 2605//2504 2600//2501
f 2604//2503 2605//2504 2602//2498
f 2611//2505 2613//2506 2608//2507
f 2608//2507 2616//2508 2609//2509
f 2609//2509 2619//2510 2610//2511
f 2613//2506 2616//2508 2608//2507
f 2617//2512 2613//2506 2611//2505
f 2616//2508 2618//2513 2619//2510
f 2617//2512 2612//2514 2613//2506
f 2612//2514 2616//2508 2613//2506
f 2619//2510 2622//2515 2614//2516
f 2620//2517 2617//2512 2615//2518
f 2612//2514 2621//2519 2616//2508
f 2623//2520 2621//2519 2612//2514
f 2622//2515 2623//2520 2620//2517
f 2621//2519 2623//2520 2622//2515
f 2629//2521 2624//2522 2626//2523
f 2629//2521 2627//2524 2624//2522
f 2625//2525 2631//2526 2626//2523
f 2631//2526 2632//2527 2626//2523
f 2627//2524 2630//2528 2628//2529
f 2633//2530 2632//2527 2631//2526
f 2632//2527 2630//2528 2627//2524
f 2632//2527 2633//2530 2630//2528
f 2643//2531 2638//2532 2635//2533
f 2634//2534 2639//2535 2635//2533
f 2637//2536 2643//2531 2635//2533
f 2636//2537 2641//2538 2639//2535
f 2641//2538 2637//2536 2639//2535
f 2637//2536 2641//2538 2642//2539
f 2642//2539 2641//2538 2643//2531
f 2648//2540 2646//2541 2645//2542
f 2646//2541 2650//2543 2645//2542
f 2651//2544 2648//2540 2645//2542
f 2648//2540 2649//2545 2646//2541
f 2649//2545 2652//2546 2646//2541
f 2650//2543 2656//2547 2647//2548
f 2651//2544 2654//2549 2648//2540
f 2656//2547 2651//2544 2647//2548
f 2654//2549 2655//2550 2648//2540
f 2652//2546 2653//2551 2650//2543
f 2653//2551 2656//2547 2650//2543
f 2656//2547 2658//2552 2651//2544
f 2654//2549 2657//2553 2655//2550
f 2657//2553 2653//2551 2652//2546
f 2653//2551 2658//2552 2656//2547
f 2658//2552 2657//2553 2654//2549
f 2661//2554 2662//2555 2659//2556
f 2661//2554 2666//2557 2662//2555
f 2662//2555 2670//2558 2664//2559
f 2664//2559 2660//2560 2659//2556
f 2666//2557 2667//2561 2662//2555
f 2668//2562 2660//2560 2664//2559
f 2663//2563 2665//2564 2660//2560
f 2670//2558 2673//2565 2664//2559
f 2673//2565 2668//2562 2664//2559
f 2665//2564 2669//2566 2666//2557
f 2671//2567 2667//2561 2666//2557
f 2671//2567 2670//2558 2667//2561
f 2672//2568 2669//2566 2663//2563
f 2671//2567 2673//2565 2670//2558
f 2671//2567 2672//2568 2673//2565
f 2676//2569 2677//2570 2674//2571
f 2679//2572 2674//2571 2677//2570
f 2679//2572 2681//2573 2674//2571
f 2681//2573 2675//2574 2674//2571
f 2681//2573 2682//2575 2675//2574
f 2684//2576 2677//2570 2676//2569
f 2680//2577 2682//2575 2681//2573
f 2683//2578 2680//2577 2684//2576
f 2686//2579 2687//2580 2685//2581
f 2689//2582 2687//2580 2686//2579
f 2690//2583 2691//2584 2685//2581
f 2691//2584 2688//2585 2685//2581
f 2688//2585 2692//2586 2686//2579
f 2690//2583 2694//2587 2691//2584
f 2694//2587 2692//2586 2688//2585
f 2699//2588 2703//2589 2696//2590
f 2703//2589 2700//2591 2696//2590
f 2701//2592 2699//2588 2698//2593
f 2705//2594 2708//2595 2698//2593
f 2708//2595 2701//2592 2698//2593
f 2701//2592 2702//2596 2699//2588
f 2706//2597 2704//2598 2700//2591
f 2708//2595 2702//2596 2701//2592
f 2704//2598 2706//2597 2705//2594
f 2706//2597 2707//2599 2705//2594
f 2707//2599 2708//2595 2705//2594
f 2707//2599 2702//2596 2708//2595
f 2709//2600 2712//2601 2710//2602
f 2710//2602 2714//2603 2711//2604
f 2712//2601 2713//2605 2710//2602
f 2715//2606 2716//2607 2711//2604
f 2716//2607 2712//2601 2709//2600
f 2717//2608 2712//2601 2716//2607
f 2717//2608 2713//2605 2712//2601
f 2718//2609 2715//2606 2714//2603
f 2717//2608 2718//2609 2713//2605
f 2715//2606 2718//2609 2716//2607
f 2721//2610 2723//2611 2719//2612
f 2726//2613 2722//2614 2720//2615
f 2725//2616 2726//2613 2720//2615
f 2728//2617 2721//2610 2722//2614
f 2728//2617 2727//2618 2721//2610
f 2729//2619 2724//2620 2723//2611
f 2729//2619 2725//2616 2724//2620
f 2720//2615 2722//2614 2719//2612
f 2735//2621 2734//2622 2731//2623
f 2733//2624 2735//2621 2730//2625
f 2740//2626 2733//2624 2730//2625
f 2736//2627 2737//2628 2730//2625
f 2735//2621 2732//2629 2734//2622
f 2739//2630 2736//2627 2734//2622
f 2738//2631 2735//2621 2733//2624
f 2732//2629 2739//2630 2734//2622
f 2738//2631 2732//2629 2735//2621
f 2741//2632 2739//2630 2732//2629
f 2742//2633 2737//2628 2736//2627
f 2742//2633 2740//2626 2737//2628
f 2740//2626 2743//2634 2738//2631
f 2743//2634 2741//2632 2738//2631
f 2741//2632 2742//2633 2739//2630
f 2742//2633 2743//2634 2740//2626
f 2731//2623 2730//2625 2735//2621
f 2741//2632 2743//2634 2742//2633
f 2745//2635 2748//2636 2746//2637
f 2748//2636 2751//2638 2746//2637
f 2751//2638 2747//2639 2746//2637
f 2744//2640 2753//2641 2748//2636
f 2751//2638 2754//2642 2749//2643
f 2750//2644 2753//2641 2744//2640
f 2754//2642 2752//2645 2749//2643
f 2747//2639 2745//2635 2746//2637
f 2752//2645 2754//2642 2753//2641
f 2755//2646 2760//2647 2757//2648
f 2762//2649 2758//2650 2756//2651
f 2761//2652 2762//2649 2756//2651
f 2763//2653 2759//2654 2758//2650
f 2763//2653 2764//2655 2759//2654
f 2762//2649 2763//2653 2758//2650
f 2765//2656 2766//2657 2761//2652
f 2766//2657 2762//2649 2761//2652
f 2762//2649 2766//2657 2763//2653
f 2766//2657 2765//2656 2764//2655
f 2768//2658 2771//2659 2767//2660
f 2767//2660 2774//2661 2768//2658
f 2767//2660 2772//2662 2770//2663
f 2770//2663 2774//2661 2767//2660
f 2770//2663 2780//2664 2774//2661
f 2773//2665 2771//2659 2768//2658
f 2771//2659 2775//2666 2769//2667
f 2777//2668 2772//2662 2769//2667
f 2775//2666 2785//2669 2777//2668
f 2777//2668 2782//2670 2772//2662
f 2772//2662 2779//2671 2770//2663
f 2785//2669 2782//2670 2777//2668
f 2781//2672 2773//2665 2778//2673
f 2784//2674 2776//2675 2773//2665
f 2779//2671 2787//2676 2780//2664
f 2781//2672 2784//2674 2773//2665
f 2790//2677 2787//2676 2779//2671
f 2787//2676 2783//2678 2780//2664
f 2783//2678 2788//2679 2781//2672
f 2782//2670 2790//2677 2779//2671
f 2786//2680 2793//2681 2785//2669
f 2791//2682 2788//2679 2783//2678
f 2792//2683 2793//2681 2786//2680
f 2790//2677 2791//2682 2787//2676
f 2792//2683 2784//2674 2788//2679
f 2794//2684 2790//2677 2789//2685
f 2791//2682 2794//2684 2792//2683
f 2796//2686 2797//2687 2795//2688
f 2803//2689 2798//2690 2795//2688
f 2808//2691 2797//2687 2796//2686
f 2805//2692 2802//2693 2797//2687
f 2806//2694 2796//2686 2799//2695
f 2807//2696 2808//2691 2806//2694
f 2808//2691 2820//2697 2804//2698
f 2818//2699 2814//2700 2806//2694
f 2819//2701 2808//2691 2807//2696
f 2819//2701 2820//2697 2808//2691
f 2820//2697 2815//2702 2804//2698
f 2822//2703 2825//2704 2813//2705
f 2823//2706 2818//2699 2812//2707
f 2820//2697 2829//2708 2815//2702
f 2827//2709 2809//2710 2815//2702
f 2825//2704 2828//2711 2817//2712
f 2824//2713 2826//2714 2819//2701
f 2827//2709 2830//2715 2821//2716
f 2821//2716 2830//2715 2816//2717
f 2834//2718 2825//2704 2822//2703
f 2834//2718 2828//2711 2825//2704
f 2831//2719 2826//2714 2824//2713
f 2829//2708 2832//2720 2827//2709
f 2827//2709 2832//2720 2830//2715
f 2834//2718 2823//2706 2828//2711
f 2826//2714 2832//2720 2829//2708
f 2832//2720 2833//2721 2830//2715
f 2834//2718 2831//2719 2823//2706
f 2831//2719 2835//2722 2826//2714
f 2835//2722 2832//2720 2826//2714
f 2832//2720 2835//2722 2833//2721
f 2835//2722 2834//2718 2833//2721
f 2835//2722 2831//2719 2834//2718
f 2837//2723 2839//2724 2836//2725
f 2838//2726 2840//2727 2837//2723
f 2839//2724 2842//2728 2836//2725
f 2840//2727 2848//2729 2841//2730
f 2841//2730 2844//2731 2839//2724
f 2854//2732 2843//2733 2842//2728
f 2851//2734 2844//2731 2841//2730
f 2851//2734 2849//2735 2844//2731
f 2859//2736 2854//2732 2845//2737
f 2857//2738 2847//2739 2846//2740
f 2862//2741 2855//2742 2848//2729
f 2854//2732 2860//2743 2850//2744
f 2864//2745 2856//2746 2852//2747
f 2866//2748 2859//2736 2853//2749
f 2860//2743 2861//2750 2850//2744
f 2862//2741 2867//2751 2855//2742
f 2864//2745 2868//2752 2856//2746
f 2863//2753 2875//2754 2858//2755
f 2866//2748 2876//2756 2859//2736
f 2859//2736 2870//2757 2860//2743
f 2871//2758 2872//2759 2861//2750
f 2872//2759 2873//2760 2857//2738
f 2874//2761 2875//2754 2863//2753
f 2869//2762 2865//2763 2868//2752
f 2875//2754 2881//2764 2869//2762
f 2876//2756 2884//2765 2870//2757
f 2877//2766 2882//2767 2871//2758
f 2882//2767 2872//2759 2871//2758
f 2872//2759 2879//2768 2873//2760
f 2873//2760 2879//2768 2880//2769
f 2874//2761 2886//2770 2875//2754
f 2886//2770 2881//2764 2875//2754
f 2887//2771 2878//2772 2865//2763
f 2878//2772 2884//2765 2876//2756
f 2884//2765 2882//2767 2877//2766
f 2882//2767 2879//2768 2872//2759
f 2885//2773 2879//2768 2882//2767
f 2883//2774 2880//2769 2879//2768
f 2883//2774 2886//2770 2880//2769
f 2885//2773 2884//2765 2887//2771
f 2837//2723 2836//2725 2838//2726
f 2883//2774 2885//2773 2887//2771
f 2891//2775 2889//2776 2890//2777
f 2893//2778 2888//2779 2889//2776
f 2900//2780 2895//2781 2893//2778
f 2895//2781 2896//2782 2890//2777
f 2890//2777 2897//2783 2891//2775
f 2891//2775 2904//2784 2894//2785
f 2902//2786 2903//2787 2891//2775
f 2903//2787 2904//2784 2891//2775
f 2899//2788 2909//2789 2892//2790
f 2909//2789 2898//2791 2892//2790
f 2900//2780 2907//2792 2895//2781
f 2909//2789 2914//2793 2898//2791
f 2915//2794 2900//2780 2898//2791
f 2912//2795 2902//2786 2897//2783
f 2912//2795 2913//2796 2902//2786
f 2913//2796 2917//2797 2903//2787
f 2915//2794 2906//2798 2900//2780
f 2906//2798 2920//2799 2907//2792
f 2924//2800 2910//2801 2908//2802
f 2919//2803 2922//2804 2909//2789
f 2924//2800 2925//2805 2910//2801
f 2910//2801 2925//2805 2911//2806
f 2929//2807 2906//2798 2915//2794
f 2935//2808 2926//2809 2916//2810
f 2926//2809 2927//2811 2913//2796
f 2938//2812 2921//2813 2917//2797
f 2939//2814 2928//2815 2918//2816
f 2930//2817 2933//2818 2920//2799
f 2924//2800 2943//2819 2925//2805
f 2938//2812 2939//2814 2921//2813
f 2922//2804 2941//2820 2923//2821
f 2934//2822 2943//2819 2924//2800
f 2943//2819 2935//2808 2925//2805
f 2936//2823 2927//2811 2926//2809
f 2939//2814 2940//2824 2928//2815
f 2932//2825 2933//2818 2930//2817
f 2944//2826 2934//2822 2933//2818
f 2943//2819 2945//2827 2935//2808
f 2935//2808 2945//2827 2936//2823
f 2946//2828 2937//2829 2936//2823
f 2950//2830 2940//2824 2939//2814
f 2951//2831 2941//2820 2940//2824
f 2947//2832 2942//2833 2941//2820
f 2948//2834 2945//2827 2943//2819
f 2932//2825 2952//2835 2944//2826
f 2948//2834 2953//2836 2945//2827
f 2953//2836 2946//2828 2945//2827
f 2947//2832 2955//2837 2932//2825
f 2953//2836 2954//2838 2949//2839
f 2949//2839 2954//2838 2950//2830
f 2951//2831 2955//2837 2947//2832
f 2956//2840 2953//2836 2952//2835
f 2951//2831 2956//2840 2955//2837
f 2955//2837 2956//2840 2952//2835
f 2889//2776 2888//2779 2890//2777
f 23//4 11//2 4//7
f 5//2841 20//21 12//6 11//2
f 16//1 5//2841 11//2
f 7//14 2//13 1//10 21//12
f 15//2842 8//16 20//21 5//2841
f 15//2842 19//15 7//14
f 15//2842 7//14 8//16
f 15//2842 5//2841 3//19
f 3//19 5//2841 16//1
f 18//17 17//22 21//12 9//5
f 20//21 8//16 17//22 18//17
f 6//8 9//5 13//11
f 13//11 9//5 21//12
f 23//4 14//9 10//20
f 23//4 10//20 19//15
f 15//2842 3//19 19//15
f 87//2843 48//34 50//80 45//81
f 2//13 14//9 1//10
f 23//4 4//7 14//9
f 40//23 43//78 44//24
f 47//31 46//30 87//2843
f 48//34 87//2843 46//30
f 48//34 46//30 49//35
f 54//37 26//29 51//2844 52//2845
f 69//36 50//80 48//34
f 53//2846 54//37 52//2845 55//41
f 51//2844 57//42 58//44 55//41
f 54//37 53//2846 46//30
f 28//2847 33//32 49//35 56//39
f 58//44 32//40 55//41
f 51//2844 55//41 52//2845
f 60//38 71//2848 56//39
f 71//2848 28//2847 56//39
f 49//35 46//30 53//2846
f 53//2846 55//41 56//39
f 63//54 90//53 42//77 41//55
f 49//35 53//2846 56//39
f 40//23 30//25 57//42
f 59//58 66//45 34//43
f 32//40 34//43 60//38
f 77//52 35//50 29//47
f 68//33 33//32 28//2847 70//59
f 90//53 63//54 61//48
f 83//73 36//49 64//56
f 71//2848 60//38 67//46 66//45
f 28//2847 71//2848 66//45 70//59
f 78//69 51//2844 26//29 75//66
f 89//65 72//64 37//63
f 42//77 89//65 37//63
f 76//60 74//62 62//51
f 74//62 72//64 89//65
f 47//31 73//61 75//66
f 47//31 27//67 37//63
f 73//61 47//31 37//63
f 75//66 76//60 38//68
f 76//60 62//51 77//52 38//68
f 81//72 79//2849 78//69 29//47
f 57//42 51//2844 79//2849
f 51//2844 78//69 79//2849
f 81//72 29//47 36//49 82//70
f 79//2849 80//71 57//42
f 79//2849 81//72 80//71
f 84//75 40//23 57//42 80//71
f 82//70 39//74 80//71
f 83//73 39//74 82//70
f 41//55 85//76 84//75 39//74
f 40//23 85//76 43//78
f 94//83 113//87 91//86 99//2850
f 64//56 41//55 39//74
f 25//26 86//28 42//77
f 86//28 43//78 85//76
f 42//77 85//76 41//55
f 31//27 27//67 45//81
f 65//57 70//59 66//45
f 59//58 34//43 30//25
f 27//67 47//31 87//2843
f 87//2843 45//81 27//67
f 50//80 69//36 65//57
f 88//79 31//27 45//81
f 50//80 65//57 88//79
f 43//78 86//28 31//27
f 43//78 88//79 44//24
f 89//65 90//53 35//50
f 62//51 89//65 35//50
f 94//83 99//2850 115//85
f 91//86 105//88 109//102 110//89
f 107//82 112//105 94//83
f 112//105 113//87 94//83
f 119//109 140//112 139//138 125//110
f 95//94 97//92 110//89
f 97//92 101//95 96//97
f 103//96 102//84 101//95
f 114//98 102//84 103//96
f 98//100 93//99 92//91
f 92//91 96//97 98//100
f 111//90 93//99 99//2850
f 111//90 92//91 93//99
f 99//2850 93//99 115//85
f 114//98 104//103 107//82
f 105//88 112//105 104//103
f 95//94 109//102 106//101
f 106//101 105//88 104//103
f 114//98 103//96 100//93
f 104//103 114//98 100//93
f 108//104 115//85 98//100
f 115//85 108//104 102//84
f 110//89 109//102 95//94
f 91//86 111//90 99//2850
f 136//106 128//145 138//107
f 138//107 128//145 137//113
f 138//107 140//112 119//109
f 138//107 137//113 140//112
f 147//111 138//107 119//109
f 143//115 120//2851 148//123 117//120
f 136//106 120//2851 141//117
f 116//108 120//2851 136//106
f 120//2851 143//115 141//117
f 146//122 122//153 142//116 144//118
f 116//108 148//123 120//2851
f 173//124 150//126 122//153 121//129
f 143//115 117//120 144//118
f 145//119 146//122 117//120
f 147//111 126//121 148//123
f 126//121 117//120 148//123
f 122//153 146//122 149//2852
f 122//153 149//2852 121//129
f 134//161 151//160 150//126
f 176//168 177//125 152//127 174//137
f 150//126 151//160 122//153
f 145//119 149//2852 146//122
f 145//119 121//129 149//2852
f 153//158 154//134 158//130
f 160//144 161//139 156//164
f 155//132 157//131 182//170
f 153//158 158//130 155//132
f 171//136 182//170 157//131
f 124//133 158//130 154//134
f 126//121 147//111 125//110 174//137
f 139//138 176//168 174//137
f 152//127 145//119 126//121 174//137
f 145//119 152//127 159//128
f 129//141 130//151 153//158 155//132
f 156//164 172//149 165//143
f 156//164 165//143 160//144
f 136//106 162//142 128//145
f 166//147 162//142 136//106
f 128//145 162//142 165//143
f 135//165 164//148 163//150
f 164//148 165//143 172//149
f 136//106 141//117 166//147
f 166//147 141//117 131//152
f 153//158 130//151 168//155
f 130//151 131//152 168//155
f 171//136 170//159 151//160 133//162
f 167//154 141//117 142//116
f 122//153 169//156 167//154
f 167//154 169//156 168//155
f 168//155 132//157 153//158
f 169//156 170//159 132//157
f 123//135 154//134 132//157
f 151//160 169//156 122//153
f 124//133 123//135 170//159 171//136
f 118//146 175//114 137//113 128//145
f 163//150 172//149 133//162
f 220//175 219//223 250//221 186//176
f 140//112 175//114 179//167
f 139//138 140//112 179//167
f 176//168 179//167 180//169
f 181//166 180//169 179//167
f 177//125 176//168 180//169
f 150//126 180//169 134//161
f 178//163 135//165 163//150
f 180//169 181//166 134//161
f 155//132 182//170 156//164
f 197//202 195//198 204//192
f 206//212 247//209 205//211
f 198//203 183//2853 245//248 255//205
f 239//191 242//199 196//189
f 212//179 208//178 191//214
f 232//177 193//241 253//242
f 211//181 243//220 248//182
f 204//192 183//2853 198//203 197//202
f 268//251 240//190 229//231 233//233
f 239//191 203//193 242//199
f 242//199 195//198 199//201
f 254//208 200//204 255//205
f 191//214 209//194 202//187 192//215
f 240//190 196//189 229//231
f 188//206 229//231 196//189
f 230//207 199//201 197//202
f 197//202 231//171 230//207
f 232//177 194//172 200//204
f 193//241 232//177 254//208
f 239//191 201//188 202//187
f 205//211 183//210 204//192
f 247//209 245//248 183//210
f 207//180 205//211 204//192
f 208//178 204//192 209//194
f 248//182 206//212 207//180
f 213//216 190//195 189//183 215//218
f 215//218 191//214 192//215
f 207//180 186//176 211//181
f 207//180 214//217 186//176
f 218//185 191//214 215//218
f 216//219 210//186 258//250
f 186//176 250//221 211//181
f 212//179 217//222 214//217
f 218//185 217//222 212//179
f 250//221 249//244 243//220
f 214//217 185//174 186//176
f 216//219 260//196 190//195 213//216
f 228//227 185//174 217//222 221//184
f 185//174 224//225 220//175
f 256//197 227//256 226//235 190//195
f 222//237 219//223 220//175 223//226
f 251//224 219//223 222//237
f 232//177 253//242 252//246 236//234
f 190//195 226//235 225//228
f 184//236 251//224 222//237
f 223//226 237//229 222//237
f 221//184 234//230 228//227
f 231//171 234//230 230//207
f 234//230 231//171 235//173
f 230//207 234//230 225//228 188//206
f 237//229 236//234 252//246 238//238
f 228//227 234//230 235//173
f 261//253 241//200 240//190 268//251
f 238//238 222//237 237//229
f 241//200 239//191 240//190
f 251//224 249//244 250//221
f 244//239 247//209 248//182
f 184//236 252//246 246//243
f 247//209 244//239 245//248
f 245//248 263//240 255//205
f 253//242 265//247 252//246
f 184//236 238//238 252//246
f 256//197 266//254 227//256
f 227//256 266//254 257//232
f 260//196 266//254 256//197
f 258//250 262//249 260//196
f 260//196 262//249 267//255
f 261//253 259//252 262//249
f 244//239 243//220 265//247
f 259//252 267//255 262//249
f 187//213 201//188 241//200 261//253
f 284//2854 335//323 289//275 269//274
f 287//261 328//284 332//319
f 321//304 317//302 320//2855
f 275//271 319//270 317//302
f 303//290 304//292 284//2854
f 288//2856 294//279 291//278
f 282//266 347//293 283//291
f 335//323 295//277 296//282 289//275
f 283//291 335//323 284//2854
f 328//284 270//260 289//275 296//282
f 327//281 294//279 293//337 286//317
f 270//260 328//284 297//258
f 296//282 295//277 331//280 278//283
f 331//280 295//277 294//279
f 302//285 303//290 284//2854 269//286
f 298//276 287//261 299//263
f 305//295 306//289 302//285 301//287
f 301//287 302//285 270//260
f 300//288 301//287 271//257
f 300//288 305//295 301//287
f 307//2857 308//296 303//290 306//289
f 304//292 283//291 284//2854
f 336//324 275//271 305//295 339//325
f 304//292 303//290 309//297
f 309//297 282//266 304//292
f 305//295 342//294 339//325
f 306//289 305//295 311//301
f 315//300 282//266 309//297
f 310//264 282//266 315//300
f 311//301 312//303 307//2857 306//289
f 325//312 326//2858 318//269 322//268
f 308//296 307//2857 312//303
f 313//298 308//296 312//303
f 313//298 314//299 309//297
f 305//295 275//271 311//301
f 316//272 275//271 336//324
f 312//303 311//301 317//302
f 321//304 313//298 312//303
f 285//267 315//300 322//268
f 322//268 281//305 279//311
f 294//279 288//2856 348//334 290//336
f 319//270 316//272 343//307
f 320//2855 317//302 324//308
f 272//309 320//2855 324//308
f 321//304 320//2855 272//309
f 281//305 321//304 280//310
f 277//328 274//313 343//307
f 323//306 343//307 274//313
f 324//308 323//306 273//314
f 326//2858 325//312 276//315
f 327//281 286//317 276//315
f 276//315 279//311 327//281
f 331//280 327//281 279//311
f 333//316 332//319 328//284
f 287//261 334//320 338//321
f 333//316 278//283 280//310
f 338//321 334//320 274//313
f 277//328 338//321 274//313
f 276//315 330//318 326//2858
f 334//320 332//319 273//322
f 291//278 335//323 283//291
f 291//278 283//291 288//2856
f 316//272 336//324 341//329
f 292//259 340//327 337//273
f 338//321 351//335 329//262
f 338//321 341//329 350//326
f 339//325 337//273 340//327
f 338//321 350//326 351//335
f 350//326 339//325 351//335
f 343//307 316//272 341//329
f 310//264 285//267 346//330
f 330//318 344//331 326//2858
f 286//317 293//337 344//331
f 347//293 345//265 352//333
f 318//269 326//2858 344//331
f 293//337 290//336 344//331
f 344//331 290//336 349//332
f 345//265 346//330 352//333
f 290//336 348//334 352//333
f 339//325 340//327 351//335
f 352//333 346//330 318//269
f 288//2856 283//291 347//293 348//334
f 382//411 385//368 389//340 390//2859
f 385//368 386//338 389//340
f 390//2859 389//340 392//374 393//375
f 398//348 403//385 365//382
f 407//352 366//351 409//388
f 364//346 402//345 403//385
f 405//353 404//2860 366//351
f 372//373 391//372 396//377
f 396//377 397//342 372//373
f 374//398 360//401 416//390
f 380//2861 374//398 416//390
f 409//388 377//363 358//392
f 375//389 411//396 409//388
f 379//359 414//397 387//360
f 383//361 387//360 388//362
f 385//368 384//365 368//367
f 451//354 386//338 368//367
f 424//403 395//2862 381//371 418//425
f 393//375 432//413 390//2859
f 381//371 419//370 418//425
f 355//341 378//339 371//355
f 392//374 355//341 357//344
f 357//344 356//347 392//374
f 393//375 392//374 356//347
f 353//376 356//347 398//348
f 395//2862 396//377 381//371
f 359//408 400//386 403//385 366//351
f 395//2862 424//403 417//379
f 396//377 395//2862 417//379
f 397//342 373//349 363//343
f 364//346 403//385 398//348
f 399//380 374//398 380//2861
f 399//380 380//2861 401//383
f 362//384 373//349 401//383
f 401//383 380//2861 361//387
f 388//362 411//396 376//357 383//361
f 404//2860 359//408 366//351
f 361//387 409//388 362//384
f 416//390 361//387 380//2861
f 409//388 358//392 407//352
f 412//393 405//353 408//350
f 368//367 412//395 358//392
f 368//367 358//392 367//369
f 387//360 414//397 419//370
f 391//372 372//373 388//362
f 369//364 379//359 383//361
f 426//429 369//364 415//356 420//421
f 415//356 369//364 376//357
f 406//391 415//356 410//358
f 397//342 396//377 370//381
f 373//349 397//342 370//381
f 385//368 382//411 384//365
f 416//390 360//401 406//391
f 417//379 424//403 399//380
f 374//398 399//380 423//399
f 360//401 374//398 422//400
f 441//426 414//397 369//364 426//429
f 415//356 406//391 420//421
f 406//391 421//402 420//421
f 360//401 422//400 421//402
f 419//370 414//397 441//426
f 429//407 359//408 404//2860 430//410
f 421//402 422//400 439//424
f 422//400 440//405 439//424
f 422//400 423//399 440//405
f 365//382 428//406 427//416
f 449//431 446//2863 447//428 448//432
f 384//365 434//412 413//366
f 394//378 427//416 433//415
f 431//409 413//366 434//412
f 427//416 436//417 433//415
f 428//406 429//407 436//417
f 429//407 437//418 436//417
f 393//375 433//415 432//413
f 390//2859 432//413 382//411
f 354//394 413//366 431//409
f 404//2860 405//353 430//410
f 431//409 434//412 437//418
f 435//414 432//413 438//419
f 432//413 433//415 438//419
f 433//415 436//417 438//419
f 436//417 437//418 438//419
f 425//420 418//425 441//426
f 418//425 419//370 441//426
f 420//421 442//423 426//429
f 444//404 418//425 425//420
f 372//373 397//342 371//355
f 441//426 426//429 450//427
f 443//422 439//424 445//430
f 440//405 446//2863 445//430
f 440//405 447//428 446//2863
f 453//2864 531//474 462//435 452//2865
f 445//430 446//2863 449//431
f 447//428 450//427 448//432
f 450//427 442//423 448//432
f 451//354 367//369 378//339
f 411//396 388//362 377//363
f 462//435 455//434 452//2865
f 452//2865 455//434 507//466
f 469//473 474//438 473//479 468//455
f 453//2864 452//2865 458//514
f 474//438 469//473 470//441
f 505//482 466//470 467//454 472//456
f 494//2866 493//445 489//447
f 488//489 487//448 533//450
f 533//450 494//2866 488//489
f 466//470 505//482 540//480
f 457//2867 503//467 501//469 512//499
f 480//484 478//437 484//485
f 498//458 518//501 483//459
f 491//457 483//459 490//460
f 492//446 499//490 459//462
f 460//471 456//464 461//433
f 463//495 512//499 501//469 465//493
f 504//463 459//462 460//471
f 460//471 503//467 504//463
f 462//435 468//455 467//454 461//433
f 503//467 460//471 466//470
f 461//433 467//454 460//471
f 465//493 501//469 466//470
f 471//478 502//494 465//493 541//476
f 468//455 462//435 464//472
f 469//473 462//435 531//474
f 530//475 531//474 520//2868
f 470//441 469//473 530//475
f 505//482 472//456 478//437 454//481
f 479//477 541//476 540//480
f 475//439 529//483 476//440
f 515//509 479//477 483//459 510//508
f 473//479 474//438 478//437
f 529//483 528//444 477//443
f 477//443 482//442 476//440
f 474//438 476//440 482//442
f 493//445 494//2866 496//452 497//451
f 480//484 483//459 479//477
f 480//484 484//485 486//461
f 527//487 485//486 482//442
f 483//459 518//501 510//508
f 490//460 483//459 480//484
f 489//488 484//485 481//436
f 488//489 489//488 481//436
f 487//448 488//489 485//486
f 527//487 487//448 485//486
f 487//448 527//487 495//449
f 489//447 488//489 494//2866
f 486//461 489//447 492//446
f 492//446 491//457 490//460
f 499//490 492//446 493//445
f 513//504 509//468 457//2867 512//499
f 494//2866 533//450 496//452
f 532//492 496//452 533//450
f 499//490 456//464 459//462
f 499//490 506//465 456//464
f 503//467 457//2867 509//468
f 504//463 509//468 498//458
f 455//434 506//465 507//466
f 452//2865 507//466 458//514
f 508//502 518//501 498//458
f 498//458 517//496 508//502
f 509//468 513//504 517//496
f 524//516 532//492 533//450 495//449
f 515//509 471//478 479//477
f 463//495 511//497 516//498
f 517//496 514//500 508//502
f 511//497 542//521 516//498
f 516//498 539//503 512//499
f 513//504 539//503 550//505
f 515//509 537//507 538//510
f 521//515 522//511 528//444
f 531//474 453//2864 523//513 520//2868
f 519//491 525//512 458//514
f 530//475 521//515 529//483
f 523//513 535//518 520//2868
f 520//2868 535//518 536//519
f 520//2868 536//519 530//475
f 530//475 526//517 521//515
f 495//449 534//520 524//516
f 569//572 580//612 588//605 581//567
f 458//514 523//513 453//2864
f 495//449 526//517 534//520
f 536//519 534//520 526//517
f 540//480 465//493 466//470
f 542//521 511//497 538//510
f 539//503 548//522 543//524
f 550//505 549//525 514//500
f 537//507 544//506 545//526
f 547//527 548//522 545//526
f 545//526 544//506 547//527
f 549//525 550//505 547//527
f 548//522 550//505 543//524
f 584//532 568//533 587//2869
f 584//532 587//2869 591//569
f 590//534 563//566 593//535
f 591//569 583//568 584//532
f 583//568 581//567 588//605
f 593//535 563//566 595//560
f 555//559 596//546 577//548
f 618//541 566//576 574//542
f 557//571 578//553 553//528
f 587//2869 568//533 579//552
f 591//569 587//2869 579//552
f 595//560 559//611 580//612 569//572
f 553//528 597//531 577//548
f 571//563 596//546 598//564
f 551//538 575//540 574//542
f 552//544 579//552 578//553
f 641//580 573//579 583//568 614//2870
f 626//614 566//576 618//541
f 614//2870 583//568 588//605
f 559//611 595//560 592//562
f 566//576 626//614 561//550
f 579//552 569//572 581//567 591//569
f 573//579 584//532 583//568
f 567//549 566//576 561//550
f 626//614 644//570 561//550
f 586//529 578//553 568//533
f 578//553 586//529 553//528
f 565//545 590//534 564//536
f 569//572 579//552 558//554
f 563//566 560//551 592//562 562//561
f 558//554 589//543 593//535 595//560
f 576//539 555//559 624//573 556//537
f 577//548 594//547 553//528
f 597//531 572//574 615//616 605//584
f 557//571 594//547 552//544
f 552//544 578//553 557//571
f 570//575 552//544 594//547
f 596//546 570//575 594//547
f 598//564 596//546 555//559
f 598//564 555//559 576//539
f 598//564 576//539 551//538
f 567//549 599//565 566//576
f 609//586 631//601 629//600
f 608//602 631//601 609//586
f 612//585 608//602 609//586
f 625//590 643//598 626//614 618//541
f 622//593 611//592 610//595
f 623//604 630//594 607//596
f 592//562 633//610 559//611
f 633//610 639//606 559//611
f 638//615 605//584 603//581
f 635//621 620//617 606//620
f 575//540 617//588 616//589
f 636//613 640//597 619//618
f 551//538 617//588 575//540
f 605//584 638//615 627//599
f 630//594 623//604 629//600
f 634//603 621//591 622//593
f 645//608 612//585 632//607
f 617//588 620//617 635//621 616//589
f 588//605 613//587 614//2870
f 580//612 639//606 588//605
f 613//587 642//622 641//580 614//2870
f 554//557 597//531 605//584 627//599
f 609//586 642//622 613//587
f 623//604 606//620 620//617 638//615
f 636//613 610//595 611//592
f 621//591 634//603 645//608
f 640//597 633//610 644//570
f 640//597 646//609 633//610
f 633//610 592//562 560//551
f 640//597 611//592 646//609
f 628//558 627//599 624//573
f 609//586 629//600 603//581
f 606//620 623//604 607//596
f 684//2871 682//662 679//635 678//628
f 620//617 624//573 638//615
f 556//537 624//573 620//617
f 619//618 640//597 643//598
f 667//648 648//638 668//649
f 654//629 650//639 656//641
f 666//651 652//645 661//631 675//655
f 652//645 655//644 674//658
f 650//639 654//629 661//631
f 665//630 654//629 662//636
f 649//633 673//640 650//639
f 673//640 662//636 656//641
f 665//630 662//636 648//638
f 655//644 676//656 674//658
f 720//661 659//660 657//642
f 684//2871 659//660 682//662
f 690//678 658//632 672//634
f 677//626 664//637 663//627
f 648//638 664//637 677//626
f 678//628 670//624 668//649
f 658//632 673//640 649//633
f 668//649 677//626 678//628
f 670//624 685//680 671//650
f 667//648 668//649 669//623
f 671//650 701//652 681//654
f 653//625 671//650 681//654
f 681//654 675//655 653//625
f 712//670 722//695 698//694 713//684
f 674//658 661//631 652//645
f 664//637 662//636 673//640
f 674//658 676//656 672//634
f 675//655 665//630 667//648
f 701//652 671//650 685//680
f 666//651 680//659 660//647
f 663//627 664//637 683//663
f 678//628 683//663 684//2871
f 684//2871 683//663 659//660
f 679//635 695//665 685//680
f 691//676 710//668 687//672
f 688//674 693//2872 692//675
f 692//675 714//687 697//669 691//676
f 686//666 694//682 703//683
f 690//678 711//657 689//685
f 686//666 696//667 712//670
f 714//687 692//675 693//2872
f 693//2872 694//682 698//694 714//687
f 720//661 707//677 721//693
f 690//678 707//677 657//642 658//632
f 705//690 706//681 709//688
f 706//681 676//656 655//644 709//688
f 720//661 657//642 707//677
f 708//646 709//688 655//644
f 711//657 706//681 705//690 710//668
f 690//678 672//634 711//657
f 708//646 660//647 717//691
f 694//682 693//2872 688//674
f 698//694 694//682 713//684
f 682//662 722//695 712//670
f 702//664 700//686 695//665
f 715//671 688//674 687//672
f 716//653 701//652 700//686
f 716//653 700//686 702//664
f 716//653 702//664 703//683
f 719//689 716//653 703//683
f 709//688 704//673 705//690
f 699//679 689//685 697//669
f 660//647 680//659 718//692 717//691
f 744//755 795//764 748//2873 745//760
f 719//689 708//646 717//691
f 699//679 721//693 707//677
f 722//695 682//662 721//693
f 826//741 820//808 769//742
f 767//740 826//741 768//743
f 768//743 725//803 767//740
f 742//791 781//711 920//714
f 773//718 732//717 772//722 749//701
f 745//760 788//772 787//758
f 748//2873 788//772 745//760
f 723//710 762//751 790//761
f 808//785 750//748 755//731
f 731//723 729//747 758//721 751//720
f 772//722 732//717 731//723
f 810//789 749//701 772//722
f 771//719 752//788 751//720
f 810//789 752//788 796//2874
f 793//765 771//719 758//721
f 776//708 760//805 799//767
f 775//702 747//730 736//703
f 729//747 728//746 809//766
f 767//740 725//803 819//2875 766//737
f 817//801 779//793 765//738
f 766//737 738//736 828//739
f 766//737 819//2875 765//738
f 770//704 736//703 735//700 774//699
f 776//708 763//786 746//696 777//706
f 733//749 749//701 796//2874
f 796//2874 750//748 733//749
f 810//789 796//2874 749//701
f 749//701 794//705 773//718
f 729//747 740//716 730//744
f 732//717 740//716 731//723
f 733//749 774//699 749//701
f 750//748 770//704 774//699
f 747//730 760//805 759//729
f 760//805 747//730 799//767
f 753//750 807//787 776//708
f 777//706 746//696 734//698 724//779
f 803//780 734//698 737//697
f 795//764 798//770 802//769 748//2873
f 762//751 723//710 811//712
f 793//765 761//725 771//719
f 813//794 727//792 742//791
f 812//796 889//734 782//795
f 785//756 784//754 783//763
f 792//757 785//756 743//715
f 786//774 791//759 787//758
f 745//760 791//759 744//755
f 791//759 884//762 789//753
f 790//761 762//751 789//753
f 784//754 762//751 778//752
f 791//759 789//753 784//754
f 743//715 785//756 740//716
f 785//756 783//763 740//716
f 744//755 791//759 784//754
f 784//754 778//752 730//744
f 783//763 784//754 730//744
f 809//766 793//765 729//747
f 795//764 792//757 794//705
f 794//705 735//700 795//764
f 748//2873 802//769 906//777 788//772
f 778//752 741//790 739//745 730//744
f 736//703 797//728 735//700
f 798//770 735//700 797//728
f 797//728 801//727 798//770
f 775//702 799//767 747//730
f 735//700 798//770 795//764
f 802//769 904//771 906//777
f 791//759 786//774 822//876
f 787//758 788//772 786//774
f 822//876 786//774 908//773
f 741//790 778//752 811//712
f 761//725 726//798 806//782 805//733
f 827//809 804//781 737//697
f 726//798 815//783 806//782
f 757//726 755//731 756//724
f 807//787 753//750 805//733
f 757//726 808//785 755//731
f 726//798 761//725 809//766
f 796//2874 754//732 755//731 750//748
f 807//787 805//733 806//782
f 776//708 807//787 763//786
f 756//724 754//732 752//788 771//719
f 754//732 796//2874 752//788
f 817//801 814//800 780//797 779//793
f 810//789 772//722 751//720
f 780//797 809//766 728//746
f 728//746 739//745 780//797
f 741//790 781//711 727//792
f 813//794 920//714 812//796
f 782//795 889//734 738//736
f 727//792 813//794 765//738
f 725//803 768//743 815//783 816//799
f 815//783 726//798 816//799
f 815//783 764//709 800//784
f 768//743 769//742 815//783
f 818//802 817//801 765//738 819//2875
f 725//803 816//799 814//800
f 818//802 819//2875 725//803
f 800//784 764//709 746//696 763//786
f 820//808 827//809 737//697
f 737//697 769//742 820//808
f 852//828 893//872 909//874 856//829
f 823//707 777//706 724//779
f 822//876 894//873 791//759
f 767//740 847//855 826//741
f 831//860 899//887 870//858
f 840//817 837//816 900//879
f 843//820 868//804 844//881
f 849//852 848//851 922//853
f 920//714 821//713 850//889
f 857//827 853//884 852//828
f 855//821 854//864 880//863
f 879//859 870//858 851//825 911//824
f 915//844 859//835 860//834
f 836//833 861//832 878//836
f 864//857 877//856 836//833
f 836//833 858//837 864//857
f 830//846 869//838 866//842
f 914//848 830//846 866//842
f 863//841 869//838 865//839
f 898//830 831//860 862//831
f 824//823 854//864 855//821
f 848//851 874//893 873//894
f 767//740 849//852 847//855
f 927//854 847//855 849//852
f 825//807 846//850 872//822
f 864//857 916//843 877//856
f 832//861 861//832 862//831 831//860
f 843//820 841//819 842//840 868//804
f 860//834 835//815 838//814
f 892//871 897//882 878//836 832//861
f 912//778 880//863 844//881
f 881//865 844//881 880//863
f 872//822 845//810 827//809
f 845//810 855//821 823//707
f 882//868 885//806 884//762
f 851//825 917//878 886//892
f 896//877 890//869 891//870
f 896//877 891//870 892//871
f 890//869 893//872 891//870
f 791//759 894//873 884//762
f 883//866 882//868 890//869
f 895//875 894//873 822//876
f 894//873 890//869 884//762
f 890//869 894//873 893//872
f 896//877 883//866 890//869
f 790//761 884//762 885//806
f 759//729 760//805 868//804 842//840
f 892//871 853//884 897//882
f 853//884 892//871 852//828
f 833//845 899//887 869//838
f 833//845 917//878 899//887
f 853//884 900//879 897//882
f 857//827 901//883 853//884
f 857//827 856//829 902//885
f 839//818 843//820 867//862
f 844//881 776//708 912//778
f 925//2876 922//853 873//894 921//891
f 903//768 759//729 842//840
f 853//884 905//880 900//879
f 902//885 901//883 857//827
f 894//873 895//875 909//874
f 906//777 902//885 910//776
f 909//874 895//875 908//773
f 906//777 904//771 902//885
f 910//776 902//885 856//829
f 907//775 856//829 909//874
f 912//778 823//707 880//863
f 803//780 845//810 724//779
f 867//862 871//849 914//848
f 914//848 860//834 867//862
f 871//849 867//862 881//865
f 871//849 881//865 854//864
f 829//812 833//845 876//847
f 913//886 876//847 871//849
f 859//835 915//844 864//857
f 916//843 864//857 915//844
f 916//843 865//839 877//856
f 917//878 851//825 870//858
f 899//887 831//860 869//838
f 869//838 831//860 898//830
f 887//826 888//890 911//824
f 887//826 921//891 918//888
f 911//824 888//890 882//868
f 879//859 911//824 883//866
f 888//890 850//889 882//868
f 821//713 885//806 850//889
f 919//867 812//796 918//888
f 918//888 920//714 850//889
f 873//894 919//867 918//888
f 848//851 873//894 922//853
f 924//896 834//811 923//813
f 924//896 926//895 834//811
f 886//892 926//895 921//891
f 923//813 847//855 924//896
f 925//2876 921//891 926//895
f 927//854 925//2876 926//895
f 927//854 926//895 847//855
f 927//854 922//853 925//2876
f 996//2877 937//945 936//2878 961//2879
f 834//811 886//892 917//878
f 828//739 848//851 849//852
f 966//935 931//897 932//901
f 932//901 964//903 967//934
f 932//901 930//900 938//902
f 967//934 964//903 953//906
f 969//956 953//906 963//905
f 941//904 954//907 963//905
f 954//907 952//909 933//908
f 933//908 952//909 928//911
f 934//910 946//913 973//2880
f 943//916 935//915 946//913
f 948//914 936//2878 929//917
f 948//914 929//917 935//915
f 935//915 975//918 976//941
f 935//915 976//941 946//913
f 929//917 936//2878 937//945
f 942//931 944//923 940//922 950//921
f 948//914 943//916 944//923 936//2878
f 940//922 943//916 945//912
f 944//923 942//931 947//927 936//2878
f 951//924 956//929 957//928 959//926
f 936//2878 947//927 961//2879
f 945//912 934//910 952//909
f 939//920 949//919 950//921
f 953//906 964//903 938//902 941//904
f 952//909 954//907 939//920
f 957//928 960//2881 947//927 959//926
f 949//919 951//924 959//926
f 949//919 930//900 958//925
f 960//2881 995//930 997//2882 961//2879
f 960//2881 957//928 995//930
f 928//911 972//939 971//938 933//908
f 947//927 960//2881 961//2879
f 955//899 962//932 958//925
f 933//908 971//938 963//905
f 961//2879 997//2882 996//2877
f 969//956 970//949 977//937
f 970//949 969//956 971//938
f 984//944 937//945 996//2877 993//2883
f 928//911 934//910 972//939
f 973//2880 983//940 972//939
f 983//940 973//2880 974//942
f 934//910 973//2880 972//939
f 937//945 984//944 975//918
f 1020//1011 1019//982 1006//984 1046//1010
f 971//938 983//940 970//949
f 973//2880 946//913 976//941
f 973//2880 976//941 974//942
f 974//942 981//943 980//951
f 993//2883 994//952 984//944
f 974//942 975//918 981//943
f 989//954 985//950 978//948
f 991//957 989//954 978//948
f 985//950 980//951 978//948
f 980//951 985//950 983//940
f 991//957 986//933 987//955
f 998//953 987//955 988//2884
f 992//958 986//933 991//957
f 992//958 979//947 990//2885
f 979//947 991//957 978//948
f 994//952 979//947 982//946
f 995//930 992//958 990//2885
f 979//947 994//952 993//2883
f 993//2883 990//2885 979//947
f 997//2882 995//930 990//2885
f 997//2882 990//2885 993//2883
f 996//2877 997//2882 993//2883
f 955//899 988//2884 987//955
f 956//929 992//958 995//930
f 987//955 962//932 955//899
f 998//953 988//2884 966//935
f 969//956 967//934 953//906
f 988//2884 955//899 965//898
f 998//953 966//935 968//936
f 966//935 988//2884 965//898
f 1003//965 1061//1023 1000//999
f 1040//991 1009//989 1010//986
f 1040//991 1056//992 1011//973
f 1039//1005 1011//973 1044//975
f 1014//972 1013//971 1032//959
f 1014//972 1032//959 999//974
f 1018//1022 1005//1021 1036//980
f 1029//981 1030//987 1013//971 1028//2886
f 1030//987 1029//981 1023//988
f 1048//1020 1027//977 1034//993
f 1048//1020 1047//1013 1027//977
f 1027//977 1047//1013 1036//980
f 1026//979 1036//980 1005//1021
f 1013//971 1025//995 1028//2886
f 1028//2886 1025//995 1017//996
f 1012//970 1024//985 1025//995
f 1050//994 1017//996 1004//997
f 1029//981 1035//983 1034//993
f 1051//966 1003//965 1060//1024 1021//1007
f 1029//981 1028//2886 1050//994
f 1009//989 1038//968 1001//990
f 1010//986 1001//990 1024//985
f 1061//1023 1031//969 1038//968
f 1056//992 1010//986 1012//970
f 1034//993 1033//976 1001//990
f 1025//995 1024//985 1007//978
f 1024//985 1033//976 1007//978
f 1024//985 1001//990 1033//976
f 1050//994 1028//2886 1017//996
f 1006//984 1050//994 1016//998
f 1051//966 1002//963 1054//962
f 1039//1005 1058//1003 1011//973
f 1051//966 1037//960 1002//963
f 1025//995 1007//978 1026//979
f 1039//1005 1041//1001 1058//1003
f 1037//960 1021//1007 1043//1006
f 1042//1025 1003//965 1000//999
f 1042//1025 1000//999 1022//1000
f 1039//1005 1045//1008 1041//1001
f 1057//1004 1021//1007 1060//1024
f 1060//1024 1039//1005 1057//1004
f 1016//998 1004//997 1015//1009
f 1020//1011 1052//1017 1053//1012
f 1047//1013 1048//1020 1063//1016
f 1046//1010 1049//1018 1052//1017
f 1015//1009 1055//1015 1049//1018
f 999//961 1037//960 1043//1006
f 1008//964 1051//966 1054//962
f 1035//983 1053//1012 1048//1020
f 1054//962 1023//988 1031//969
f 1054//962 1031//969 1008//964
f 1087//1041 1105//1063 1066//1031 1085//1068
f 1055//1015 1015//1009 1004//997
f 1056//992 1014//972 1011//973
f 1036//980 1059//1014 1018//1022
f 1038//968 1009//989 1040//991
f 1022//1000 1038//968 1040//991
f 1034//993 1027//977 1033//976
f 1003//965 1008//964 1061//1023
f 1008//964 1031//969 1061//1023
f 1042//1025 1022//1000 1045//1008
f 1043//1006 1021//1007 1057//1004
f 1049//1018 1055//1015 1064//1019
f 1055//1015 1065//1002 1064//1019
f 1110//1066 1074//1055 1068//1032
f 1110//1066 1111//1076 1074//1055
f 1071//1029 1094//1051 1095//1026
f 1095//1026 1072//1052 1089//1027
f 1078//1039 1079//1042 1087//1041
f 1096//1045 1081//1033 1075//1035
f 1082//2887 1083//1049 1094//1051
f 1106//1067 1102//1065 1087//1041 1085//1068
f 1090//1028 1091//1057 1094//1051 1071//1029
f 1107//1038 1112//1037 1102//1065
f 1088//2888 1089//1027 1072//1052
f 1081//1033 1083//1049 1082//2887
f 1091//1057 1099//1060 1082//2887 1094//1051
f 1120//1081 1101//1047 1089//1027 1088//2888
f 1099//1060 1081//1033 1082//2887
f 1081//1033 1092//1073 1093//1034
f 1079//1042 1078//1039 1100//2889 1099//1060
f 1090//1028 1089//1027 1101//1047
f 1091//1057 1090//1028 1098//1048
f 1100//2889 1092//1073 1099//1060
f 1072//1052 1095//1026 1123//1053
f 1088//2888 1072//1052 1097//1054
f 1095//1026 1094//1051 1073//1030
f 1123//1053 1095//1026 1074//1055
f 1120//1081 1077//1058 1101//1047
f 1098//1048 1069//1056 1080//1043
f 1099//1060 1091//1057 1080//1043
f 1115//1061 1092//1073 1100//2889 1078//1039
f 1124//1078 1097//1054 1123//1053 1111//1076
f 1101//1047 1070//1059 1069//1056
f 1119//1062 1069//1056 1070//1059
f 1118//1064 1070//1059 1077//1058
f 1105//1063 1080//1043 1119//1062
f 1102//1065 1078//1039 1087//1041
f 1104//1077 1110//1066 1067//1075
f 1119//1062 1067//1075 1110//1066
f 1105//1063 1119//1062 1068//1032
f 1066//1031 1105//1063 1068//1032
f 1086//1044 1107//1038 1106//1067
f 1107//1038 1086//1044 1108//1046
f 1111//1076 1110//1066 1104//1077
f 1113//1070 1076//1040 1112//1037 1103//1036
f 1111//1076 1123//1053 1074//1055
f 1109//1069 1066//1031 1073//1030
f 1083//1049 1085//1068 1109//1069
f 1083//1049 1086//1044 1085//1068
f 1103//1036 1107//1038 1108//1046
f 1081//1033 1099//1060 1092//1073
f 1093//1034 1114//1071 1075//1035
f 1149//1104 1126//1083 1153//1085 1150//1108
f 1096//1045 1116//1072 1108//1046
f 1096//1045 1075//1035 1116//1072
f 1113//1070 1108//1046 1116//1072
f 1093//1034 1115//1061 1117//1074
f 1116//1072 1117//1074 1113//1070
f 1124//1078 1104//1077 1121//1079
f 1104//1077 1067//1075 1121//1079
f 1120//1081 1122//1080 1077//1058
f 1120//1081 1088//2888 1125//1082
f 1097//1054 1125//1082 1088//2888
f 1124//1078 1122//1080 1125//1082
f 1109//1069 1073//1030 1084//1050
f 1066//1031 1109//1069 1085//1068
f 1134//1089 1135//1084 1138//1087
f 1134//1089 1136//1088 1137//1092
f 1126//1083 1138//1087 1135//1084
f 1152//1086 1131//1091 1138//1087
f 1139//1090 1136//1088 1138//1087
f 1137//1092 1136//1088 1140//1093
f 1139//1090 1130//1096 1136//1088
f 1130//1096 1140//1093 1136//1088
f 1141//1100 1157//1094 1140//1093
f 1145//1098 1155//1097 1144//1105
f 1145//1098 1144//1105 1147//1102
f 1147//1102 1128//1099 1145//1098
f 1149//1104 1144//1105 1146//1107
f 1142//1103 1147//1102 1150//1108
f 1129//1110 1148//1106 1154//1112 1156//1111
f 1126//1083 1149//1104 1152//1086
f 1135//1084 1151//1109 1153//1085
f 1153//1085 1151//1109 1150//1108
f 1168//1124 1173//1123 1174//1131 1165//2890
f 1156//1111 1131//1091 1129//1110
f 1152//1086 1129//1110 1131//1091
f 1152//1086 1146//1107 1129//1110
f 1135//1084 1134//1089 1132//1113
f 1141//1100 1143//1101 1133//1114
f 1157//1094 1133//1114 1132//1113
f 1132//1113 1137//1092 1157//1094
f 1142//1103 1151//1109 1133//1114
f 1133//1114 1151//1109 1132//1113
f 1145//1098 1128//1099 1140//1093
f 1158//1115 1162//1120 1161//1116
f 1160//1121 1162//1120 1159//1119
f 1164//1129 1166//1122 1163//1117
f 1165//2890 1166//1122 1164//1129
f 1174//1131 1166//1122 1165//2890
f 1181//1138 1182//2891 1186//1142 1183//1139
f 1164//1129 1170//1127 1168//1124
f 1164//1129 1168//1124 1165//2890
f 1168//1124 1170//1127 1167//1125
f 1164//1129 1171//1128 1170//1127
f 1160//1121 1159//1119 1171//1128
f 1175//1118 1162//1120 1172//1130
f 1175//1118 1172//1130 1173//1123
f 1158//1115 1166//1122 1172//1130
f 1173//1123 1167//1125 1175//1118
f 1176//1135 1189//1136 1178//1133
f 1178//1133 1191//1137 1177//1140
f 1179//1134 1178//1133 1181//1138
f 1177//1140 1180//2892 1181//1138
f 1182//2891 1181//1138 1180//2892
f 1189//1136 1188//1144 1187//1141 1184//1145
f 1185//1143 1186//1142 1182//2891
f 1182//2891 1184//1145 1185//1143
f 1185//1143 1184//1145 1187//1141
f 1190//1146 1184//1145 1182//2891 1180//2892
f 1184//1145 1191//1137 1189//1136
f 1193//1147 1186//1142 1187//1141 1188//1144
f 1177//1140 1190//1146 1180//2892
f 1190//1146 1177//1140 1191//1137
f 1193//1147 1176//1135 1192//1132
f 1179//1134 1183//1139 1193//1147
f 1192//1132 1179//1134 1193//1147
f 1196//1149 1195//1151 1203//1155 1202//1153
f 1205//1154 1202//1153 1198//2893
f 1205//1154 1198//2893 1199//1159
f 1198//2893 1202//1153 1203//1155
f 1203//1155 1200//1157 1198//2893
f 1200//1157 1199//1159 1198//2893
f 1200//1157 1201//1156 1206//1158
f 1203//1155 1195//1151 1201//1156
f 1201//1156 1195//1151 1194//1148
f 1201//1156 1194//1148 1206//1158
f 1208//1161 1213//1164 1211//1175 1207//1162
f 1204//1150 1205//1154 1199//1159
f 1200//1157 1206//1158 1199//1159
f 1225//1177 1230//1180 1228//2894 1224//1178
f 1210//2895 1213//1164 1208//1161
f 1211//1175 1213//1164 1214//1166
f 1210//2895 1212//1168 1213//1164
f 1215//1165 1213//1164 1212//1168
f 1215//1165 1217//1169 1216//1167
f 1218//1170 1216//1167 1217//1169
f 1218//1170 1220//1171 1219//1172
f 1219//1172 1222//1163 1209//1160
f 1220//1171 1217//1169 1221//1173
f 1221//1173 1212//1168 1210//2895
f 1210//2895 1208//1161 1221//1173
f 1219//1172 1207//1162 1223//1174
f 1211//1175 1214//1166 1223//1174
f 1214//1166 1216//1167 1223//1174
f 1241//1191 1246//1194 1244//2896 1240//1192
f 1227//2897 1230//1180 1225//1177
f 1228//2894 1230//1180 1231//1182
f 1227//2897 1229//1184 1230//1180
f 1232//1181 1230//1180 1229//1184
f 1232//1181 1234//1185 1233//1183
f 1235//1186 1233//1183 1234//1185
f 1235//1186 1237//1187 1236//1188
f 1236//1188 1239//1179 1226//1176
f 1237//1187 1234//1185 1238//1189
f 1238//1189 1229//1184 1227//2897
f 1227//2897 1225//1177 1238//1189
f 1228//2894 1231//1182 1224//1178
f 1231//1182 1233//1183 1224//1178
f 1257//1205 1262//1208 1260//2898 1256//1206
f 1243//2899 1246//1194 1241//1191
f 1244//2896 1246//1194 1247//1196
f 1243//2899 1245//1198 1246//1194
f 1248//1195 1246//1194 1245//1198
f 1248//1195 1250//1199 1249//1197
f 1251//1200 1249//1197 1250//1199
f 1251//1200 1253//1201 1252//1202
f 1252//1202 1255//1193 1242//1190
f 1253//1201 1250//1199 1254//1203
f 1254//1203 1245//1198 1243//2899
f 1243//2899 1241//1191 1254//1203
f 1244//2896 1247//1196 1240//1192
f 1247//1196 1249//1197 1240//1192
f 1281//2900 1275//1222 1274//1218 1273//1220
f 1259//2901 1262//1208 1257//1205
f 1260//2898 1262//1208 1263//1210
f 1259//2901 1261//1212 1262//1208
f 1264//1209 1262//1208 1261//1212
f 1264//1209 1266//1213 1265//1211
f 1267//1214 1265//1211 1266//1213
f 1267//1214 1269//1215 1268//1216
f 1268//1216 1271//1207 1258//1204
f 1269//1215 1266//1213 1270//1217
f 1270//1217 1261//1212 1259//2901
f 1259//2901 1257//1205 1270//1217
f 1260//2898 1263//1210 1256//1206
f 1263//1210 1265//1211 1256//1206
f 1272//1219 1282//1227 1273//1220
f 1274//1218 1275//1222 1276//1221
f 1278//1223 1275//1222 1277//1224
f 1279//1225 1280//1226 1282//1227
f 1281//2900 1280//1226 1277//1224
f 1273//1220 1280//1226 1281//2900
f 1277//1224 1275//1222 1281//2900
f 1316//2902 1324//2903 1325//2904 1318//2905
f 1276//1221 1278//1223 1272//1219
f 1283//1229 1293//1237 1284//1230
f 1285//1228 1286//1232 1287//1231
f 1288//1233 1286//1232 1289//1234
f 1290//1235 1291//1236 1293//1237
f 1292//2906 1291//1236 1289//1234
f 1284//1230 1291//1236 1292//2906
f 1292//2906 1289//1234 1285//1228
f 1285//1228 1284//1230 1292//2906
f 1287//1231 1288//1233 1283//1229
f 1294//1239 1304//1247 1295//1240
f 1296//1238 1297//1242 1298//1241
f 1299//1243 1297//1242 1300//1244
f 1301//1245 1302//1246 1304//1247
f 1303//2907 1302//1246 1300//1244
f 1295//1240 1302//1246 1303//2907
f 1303//2907 1300//1244 1296//1238
f 1296//1238 1295//1240 1303//2907
f 1298//1241 1299//1243 1294//1239
f 1305//1249 1315//1257 1306//1250
f 1307//1248 1308//1252 1309//1251
f 1310//1253 1308//1252 1311//1254
f 1312//1255 1313//1256 1315//1257
f 1314//2908 1313//1256 1311//1254
f 1306//1250 1313//1256 1314//2908
f 1314//2908 1311//1254 1307//1248
f 1307//1248 1306//1250 1314//2908
f 1309//1251 1310//1253 1305//1249
f 1320//1259 1322//1258 1316//2902 1319//1264
f 1316//2902 1318//2905 1319//1264
f 1317//1263 1319//1264 1318//2905
f 1327//2909 1336//1273 1337//2910 1329//2911
f 1321//1262 1322//1258 1323//1260
f 1326//1261 1318//2905 1325//2904
f 1326//1261 1321//1262 1318//2905
f 1318//2905 1321//1262 1317//1263
f 1320//1259 1321//1262 1323//1260
f 1316//2902 1322//1258 1324//2903
f 1324//2903 1322//1258 1326//1261
f 1326//1261 1325//2904 1324//2903
f 1335//1266 1332//1265 1327//2909 1330//1272
f 1327//2909 1329//2911 1330//1272
f 1328//1271 1330//1272 1329//2911
f 1347//1278 1349//1277 1348//1276 1342//1275
f 1334//1270 1333//1268 1331//1267
f 1338//1269 1329//2911 1337//2910
f 1338//1269 1334//1270 1329//2911
f 1329//2911 1334//1270 1328//1271
f 1335//1266 1334//1270 1331//1267
f 1327//2909 1332//1265 1336//1273
f 1336//1273 1333//1268 1338//1269
f 1338//1269 1337//2910 1336//1273
f 1339//1274 1341//1281 1342//1275
f 1340//1283 1342//1275 1341//1281
f 1344//1280 1339//1274 1348//1276 1349//1277
f 1343//1279 1346//1284 1345//1282
f 1345//1282 1344//1280 1343//1279
f 1345//1282 1346//1284 1340//1283
f 1347//1278 1346//1284 1343//1279
f 1339//1274 1344//1280 1341//1281
f 1355//1290 1360//1291 1357//1293 1350//1285
f 1357//1293 1351//1294 1350//1285
f 1350//1285 1351//1294 1352//1286
f 1358//1295 1354//1289 1352//1286
f 1354//1289 1356//1292 1360//1291
f 1360//1291 1355//1290 1354//1289
f 1358//1295 1356//1292 1354//1289
f 1351//1294 1356//1292 1358//1295
f 1355//1290 1350//1285 1359//1287 1353//1288
f 1400//1309 1391//1311 1368//1327 1399//1320
f 1383//1333 1393//1331 1376//1312
f 1374//1303 1378//2912 1403//1304
f 1402//2913 1361//1313 1403//1304
f 1379//1336 1380//1334 1361//1313
f 1400//1309 1375//1310 1391//1311
f 1380//1334 1376//1312 1361//1313
f 1426//1329 1408//1358 1386//1354
f 1388//1346 1372//1343 1394//1342
f 1380//1334 1401//1337 1383//1333
f 1423//1350 1410//1314 1373//1353
f 1410//1314 1416//2914 1373//1353
f 1405//1323 1406//1335 1411//1316
f 1406//1335 1377//1318 1410//1314
f 1409//1317 1416//2914 1410//1314
f 1362//1328 1407//1330 1365//1319
f 1366//1321 1387//1349 1384//1322
f 1371//1352 1423//1350 1372//1343
f 1371//1352 1372//1343 1388//1346
f 1367//1315 1417//1324 1412//1306 1411//1316
f 1390//1351 1391//1311 1395//1297
f 1412//1306 1404//1305 1405//1323 1411//1316
f 1368//1327 1390//1351 1371//1352 1366//1321
f 1390//1351 1368//1327 1391//1311
f 1403//1304 1370//1307 1404//1305
f 1422//1325 1367//1315 1423//1350
f 1390//1351 1422//1325 1423//1350
f 1408//1358 1415//1355 1416//2914 1409//1317
f 1367//1315 1410//1314 1423//1350
f 1376//1312 1392//1298 1375//1310
f 1419//1299 1421//1326 1395//1297
f 1412//1306 1417//1324 1374//1303
f 1378//2912 1374//1303 1413//1302
f 1379//1336 1361//1313 1402//2913
f 1364//1308 1365//1319 1407//1330
f 1405//1323 1364//1308 1406//1335
f 1396//1332 1393//1331 1363//1340
f 1383//1333 1363//1340 1393//1331
f 1378//2912 1413//1302 1381//1356
f 1379//1336 1402//2913 1382//1338
f 1413//1302 1414//1339 1381//1356
f 1383//1333 1401//1337 1363//1340
f 1398//1341 1397//1345 1394//1342
f 1381//1356 1382//1338 1402//2913 1378//2912
f 1409//1317 1377//1318 1386//1354
f 1416//2914 1415//1355 1373//1353
f 1397//1345 1425//1348 1389//1347
f 1371//1352 1388//1346 1366//1321
f 1392//1298 1395//1297 1391//1311
f 1393//1331 1369//1296 1392//1298
f 1395//1297 1422//1325 1390//1351
f 1398//1341 1423//1350 1373//1353
f 1421//1326 1422//1325 1395//1297
f 1363//1340 1419//1299 1396//1332
f 1384//1322 1387//1349 1385//1344
f 1365//1319 1384//1322 1362//1328
f 1361//1313 1375//1310 1370//1307
f 1438//1407 1439//1363 1453//1381 1460//1406
f 1378//2912 1402//2913 1403//1304
f 1407//1330 1377//1318 1406//1335
f 1385//1344 1424//1357 1426//1329
f 1409//1317 1386//1354 1408//1358
f 1406//1335 1410//1314 1411//1316
f 1403//1304 1412//1306 1374//1303
f 1417//1324 1367//1315 1422//1325
f 1374//1303 1420//1301 1418//1300
f 1363//1340 1418//1300 1419//1299
f 1421//1326 1419//1299 1420//1301
f 1363//1340 1414//1339 1418//1300
f 1401//1337 1382//1338 1414//1339
f 1389//1347 1366//1321 1388//1346
f 1424//1357 1397//1345 1415//1355
f 1455//1403 1454//1405 1474//1404
f 1446//1390 1449//1399 1445//1389
f 1444//1377 1428//1387 1478//1374
f 1434//1371 1429//1361 1440//1360
f 1433//1376 1442//1379 1429//1361
f 1429//1361 1434//1371 1433//1376
f 1429//1361 1442//1379 1441//1359
f 1430//1386 1447//1368 1436//1364
f 1447//1368 1472//1394 1446//1390
f 1435//1362 1440//1360 1439//1363
f 1438//1407 1461//2915 1465//1408
f 1439//1363 1438//1407 1437//1372
f 1472//1394 1431//1370 1451//1401
f 1447//1368 1431//1370 1472//1394
f 1442//1379 1433//1376 1432//1373
f 1461//2915 1462//1413 1465//1408
f 1457//1402 1468//1409 1464//1411
f 1444//1377 1433//1376 1434//1371
f 1444//1377 1434//1371 1435//1362
f 1436//1364 1437//1372 1430//1386
f 1442//1379 1443//1382 1441//1359
f 1464//1411 1461//2915 1460//1406
f 1461//2915 1438//1407 1460//1406
f 1455//1403 1485//1400 1456//1383 1483//1384
f 1480//1380 1443//1382 1442//1379
f 1441//1359 1456//1383 1484//1378
f 1446//1390 1445//1389 1444//1377
f 1435//1362 1446//1390 1444//1377
f 1436//1364 1447//1368 1435//1362
f 1459//1369 1447//1368 1430//1386
f 1470//1392 1428//1387 1476//1397
f 1471//1393 1476//1397 1428//1387
f 1449//1399 1471//1393 1445//1389
f 1449//1399 1446//1390 1450//1395
f 1459//1369 1473//1365 1431//1370
f 1451//1401 1450//1395 1472//1394
f 1427//1398 1474//1404 1475//1396
f 1458//1367 1457//1402 1451//1401
f 1451//1401 1484//1378 1456//1383 1485//1400
f 1491//1421 1492//1420 1493//1423 1496//1425
f 1464//1411 1460//1406 1457//1402
f 1452//1366 1466//1410 1468//1409
f 1473//1365 1463//1391 1466//1410
f 1461//2915 1464//1411 1462//1413
f 1448//1385 1469//1414 1463//1391
f 1465//1408 1469//1414 1448//1385
f 1468//1409 1467//1412 1464//1411
f 1467//1412 1469//1414 1462//1413
f 1468//1409 1469//1414 1467//1412
f 1480//1380 1482//1416 1454//1405
f 1454//1405 1482//1416 1474//1404
f 1474//1404 1482//1416 1481//1415
f 1427//1398 1485//1400 1455//1403
f 1493//1423 1512//1418 1497//1417 1496//1425
f 1496//1425 1508//1444 1495//2916
f 1495//2916 1491//1421 1496//1425
f 1505//1438 1488//2917 1503//1447 1490//1436
f 1498//1424 1508//1444 1496//1425
f 1497//1417 1501//1426 1486//1427
f 1497//1417 1486//1427 1498//1424
f 1501//1426 1502//1431 1486//1427
f 1503//1447 1488//2917 1515//1432
f 1488//2917 1487//1434 1515//1432
f 1504//1430 1487//1434 1518//1435
f 1504//1430 1502//1431 1487//1434
f 1518//1435 1487//1434 1517//1442
f 1506//1439 1487//1434 1488//2917
f 1548//1475 1550//1468 1543//1469 1549//1473
f 1488//2917 1505//1438 1506//1439
f 1517//1442 1487//1434 1506//1439
f 1517//1442 1506//1439 1510//1440
f 1510//1440 1491//1421 1495//2916
f 1506//1439 1505//1438 1491//1421
f 1489//1437 1491//1421 1505//1438
f 1508//1444 1510//1440 1495//2916
f 1510//1440 1508//1444 1507//1441
f 1492//1420 1514//1445 1512//1418
f 1492//1420 1490//1436 1514//1445
f 1511//1419 1512//1418 1514//1445
f 1513//1446 1503//1447 1515//1432
f 1513//1446 1515//1432 1500//1433
f 1513//1446 1514//1445 1490//1436
f 1502//1431 1501//1426 1515//1432
f 1507//1441 1518//1435 1517//1442
f 1516//1443 1499//1429 1518//1435
f 1533//1452 1522//1449 1520//1448
f 1520//1448 1527//1456 1526//2918
f 1527//1456 1520//1448 1521//1450
f 1521//1450 1522//1449 1531//1453
f 1534//1460 1525//2919 1524//1454
f 1528//1457 1530//1455 1525//2919
f 1530//1455 1524//1454 1525//2919
f 1525//2919 1534//1460 1519//1458
f 1519//1458 1526//2918 1527//1456
f 1519//1458 1528//1457 1525//2919
f 1528//1457 1529//1459 1530//1455
f 1528//1457 1521//1450 1529//1459
f 1529//1459 1521//1450 1531//1453
f 1532//1461 1520//1448 1526//2918
f 1533//1452 1520//1448 1532//1461
f 1519//1458 1532//1461 1526//2918
f 1535//1462 1537//1476 1538//1465
f 1537//1476 1535//1462 1539//1477
f 1542//2920 1539//1477 1535//1462
f 1541//1466 1542//2920 1535//1462
f 1541//1466 1550//1468 1542//2920
f 1552//1471 1543//1469 1553//1467
f 1544//1470 1549//1473 1543//1469
f 1545//1472 1544//1470 1552//1471
f 1545//1472 1547//1478 1546//1474
f 1539//1477 1548//1475 1546//1474
f 1537//1476 1546//1474 1538//1465
f 1539//1477 1542//2920 1550//1468 1548//1475
f 1551//2921 1536//1463 1538//1465 1547//1478
f 1551//2921 1547//1478 1545//1472 1552//1471
f 1551//2921 1553//1467 1540//1464
f 1540//1464 1536//1463 1551//2921
f 1552//1471 1553//1467 1551//2921
f 1558//2922 1563//1485 1567//1486 1557//1488
f 1567//1486 1556//1484 1566//1483
f 1558//2922 1559//1487 1560//1489 1561//2923
f 1557//1488 1559//1487 1558//2922
f 1555//1481 1560//1489 1559//1487
f 1569//1492 1568//1503 1579//1502 1580//1504
f 1560//1489 1562//1480 1561//2923
f 1561//2923 1563//1485 1558//2922
f 1564//1482 1563//1485 1561//2923
f 1561//2923 1562//1480 1564//1482
f 1565//1490 1554//1479 1555//1481
f 1567//1486 1566//1483 1565//1490
f 1559//1487 1567//1486 1565//1490
f 1570//1495 1569//1492 1580//1504
f 1570//1495 1572//1493 1569//1492
f 1583//1506 1582//1517 1593//1516 1594//1518
f 1572//1493 1575//1499 1571//1491
f 1575//1499 1572//1493 1574//1496
f 1572//1493 1581//1494 1574//1496
f 1577//1498 1574//1496 1576//1500
f 1571//1491 1575//1499 1577//1498
f 1568//1503 1571//1491 1577//1498
f 1571//1491 1568//1503 1569//1492
f 1580//1504 1581//1494 1570//1495
f 1573//1497 1581//1494 1580//1504
f 1576//1500 1573//1497 1580//1504
f 1584//1509 1583//1506 1594//1518
f 1584//1509 1586//1507 1583//1506
f 1597//1520 1596//1531 1607//1530 1608//1532
f 1586//1507 1589//1513 1585//1505
f 1589//1513 1586//1507 1588//1510
f 1586//1507 1595//1508 1588//1510
f 1591//1512 1588//1510 1590//1514
f 1585//1505 1589//1513 1591//1512
f 1582//1517 1585//1505 1591//1512
f 1585//1505 1582//1517 1583//1506
f 1594//1518 1595//1508 1584//1509
f 1587//1511 1595//1508 1594//1518
f 1590//1514 1587//1511 1594//1518
f 1598//1523 1597//1520 1608//1532
f 1598//1523 1600//1521 1597//1520
f 1611//1534 1610//1545 1621//1544 1622//1546
f 1600//1521 1603//1527 1599//1519
f 1603//1527 1600//1521 1602//1524
f 1600//1521 1609//1522 1602//1524
f 1605//1526 1602//1524 1604//1528
f 1599//1519 1603//1527 1605//1526
f 1596//1531 1599//1519 1605//1526
f 1599//1519 1596//1531 1597//1520
f 1608//1532 1609//1522 1598//1523
f 1601//1525 1609//1522 1608//1532
f 1604//1528 1601//1525 1608//1532
f 1612//1537 1611//1534 1622//1546
f 1612//1537 1614//1535 1611//1534
f 1708//1614 1700//1616 1696//1613 1706//1620
f 1614//1535 1617//1541 1613//1533
f 1617//1541 1614//1535 1616//1538
f 1614//1535 1623//1536 1616//1538
f 1619//1540 1616//1538 1618//1542
f 1613//1533 1617//1541 1619//1540
f 1610//1545 1613//1533 1619//1540
f 1613//1533 1610//1545 1611//1534
f 1622//1546 1623//1536 1612//1537
f 1615//1539 1623//1536 1622//1546
f 1618//1542 1615//1539 1622//1546
f 1631//1548 1626//1547 1625//2924
f 1634//1552 1629//2925 1632//1553
f 1629//2925 1630//2926 1632//1553
f 1629//2925 1631//1548 1630//2926
f 1630//2926 1631//1548 1625//2924
f 1633//2927 1632//1553 1630//2926
f 1630//2926 1625//2924 1633//2927
f 1632//1553 1626//1547 1628//1551
f 1626//1547 1632//1553 1633//2927
f 1626//1547 1633//2927 1625//2924
f 1631//1548 1629//2925 1634//1552
f 1644//1556 1638//1555 1637//1564
f 1636//1558 1638//1555 1635//1554
f 1645//1559 1640//2928 1636//1558
f 1643//1563 1644//1556 1637//1564
f 1641//1561 1637//1564 1646//1565
f 1645//1559 1638//1555 1640//2928
f 1638//1555 1645//1559 1646//1565
f 1636//1558 1640//2928 1638//1555
f 1638//1555 1646//1565 1637//1564
f 1644//1556 1642//1562 1647//1560
f 1657//1568 1651//1567 1650//1576
f 1649//1570 1651//1567 1648//1566
f 1658//1571 1653//2929 1649//1570
f 1656//1575 1657//1568 1650//1576
f 1654//1573 1650//1576 1659//1577
f 1658//1571 1651//1567 1653//2929
f 1651//1567 1658//1571 1659//1577
f 1649//1570 1653//2929 1651//1567
f 1651//1567 1659//1577 1650//1576
f 1657//1568 1655//1574 1660//1572
f 1670//1580 1664//1579 1663//1588
f 1662//1582 1664//1579 1661//1578
f 1671//1583 1666//2930 1662//1582
f 1669//1587 1670//1580 1663//1588
f 1667//1585 1663//1588 1672//1589
f 1671//1583 1664//1579 1666//2930
f 1664//1579 1671//1583 1672//1589
f 1662//1582 1666//2930 1664//1579
f 1664//1579 1672//1589 1663//1588
f 1670//1580 1668//1586 1673//1584
f 1679//1590 1681//1592 1680//1598
f 1680//1598 1676//1595 1679//1590
f 1675//2931 1679//1590 1676//1595
f 1676//1595 1677//1594 1675//2931
f 1678//1596 1677//1594 1683//1593
f 1683//1593 1681//1592 1678//1596
f 1674//1591 1675//2931 1678//1596
f 1677//1594 1678//1596 1675//2931
f 1674//1591 1679//1590 1675//2931
f 1684//1601 1685//1600 1694//1608
f 1692//1609 1694//1608 1685//1600
f 1684//1601 1693//1606 1691//1599
f 1693//1606 1688//1603 1691//1599
f 1695//1605 1689//1610 1688//1603
f 1689//1610 1690//1607 1688//1603
f 1689//1610 1692//1609 1690//1607
f 1685//1600 1690//1607 1692//1609
f 1686//1602 1687//1604 1690//1607
f 1688//1603 1690//1607 1687//1604
f 1686//1602 1691//1599 1687//1604
f 1689//1610 1695//1605 1694//1608
f 1696//1613 1697//1612 1706//1620
f 1707//1619 1706//1620 1697//1612
f 1698//1617 1707//1619 1697//1612
f 1697//1612 1705//1611 1698//1617
f 1696//1613 1700//1616 1705//1611
f 1700//1616 1699//2932 1705//1611
f 1700//1616 1704//1615 1699//2932
f 1708//1614 1701//1621 1704//1615
f 1701//1621 1702//2933 1704//1615
f 1701//1621 1703//1618 1702//2933
f 1701//1621 1707//1619 1703//1618
f 1703//1618 1698//1617 1702//2933
f 1698//1617 1699//2932 1702//2933
f 1704//1615 1702//2933 1699//2932
f 1698//1617 1705//1611 1699//2932
f 1736//1650 1721//2934 1722//1633 1733//1653
f 1714//1623 1709//2935 1715//1624
f 1716//1628 1715//1624 1709//2935
f 1715//1624 1717//1626 1710//1622
f 1718//1627 1712//1629 1711//1625
f 1713//2936 1711//1625 1712//1629
f 1712//1629 1716//1628 1713//2936
f 1709//2935 1713//2936 1716//1628
f 1709//2935 1710//1622 1713//2936
f 1711//1625 1713//2936 1710//1622
f 1709//2935 1714//1623 1710//1622
f 1812//1632 1724//1631 1719//1635
f 1720//1634 1722//1633 1721//2934
f 1812//1632 1723//1637 1722//1633
f 1812//1632 1719//1635 1723//1637
f 1720//1634 1731//1641 1725//1630
f 1720//1634 1726//1652 1731//1641
f 1720//1634 1721//2934 1726//1652
f 1725//1630 1730//1642 1729//1640
f 1726//1652 1732//1648 1731//1641
f 1726//1652 1721//2934 1736//1650
f 1737//1644 1733//1653 1722//1633 1723//1637
f 1740//1665 1728//1638 1729//1640 1741//1647
f 1719//1635 1735//1639 1727//1636
f 1731//1641 1743//1649 1730//1642
f 1735//1639 1728//1638 1739//1655
f 1728//1638 1740//1665 1739//1655
f 1745//1658 1736//1650 1733//1653 1746//1670
f 1726//1652 1744//1651 1732//1648
f 1759//1674 1749//1661 1727//1636 1735//1639
f 1733//1653 1747//1654 1746//1670
f 1738//1645 1734//1643 1748//1672
f 1727//1636 1749//1661 1734//1643
f 1751//1669 1730//1642 1743//1649 1752//1667
f 1759//1674 1735//1639 1750//1656
f 1730//1642 1751//1669 1742//1646
f 1760//1676 1750//1656 1739//1655 1761//1666
f 1732//1648 1753//1657 1743//1649
f 1744//1651 1736//1650 1754//1659
f 1747//1654 1737//1644 1755//1660
f 1734//1643 1756//1662 1748//1672
f 1741//1647 1757//1663 1740//1665
f 1752//1667 1743//1649 1758//1664
f 1759//1674 1750//1656 1760//1676
f 1770//1691 1769//1686 1753//1657 1744//1651
f 1751//1669 1762//1668 1742//1646
f 1745//1658 1763//1671 1754//1659
f 1755//1660 1738//1645 1764//1673
f 1749//1661 1765//1675 1756//1662
f 1761//1666 1740//1665 1766//1678
f 1757//1663 1742//1646 1767//1679
f 1762//1668 1752//1667 1768//1680
f 1753//1657 1769//1686 1758//1664
f 1771//1681 1770//1691 1744//1651 1754//1659
f 1772//1693 1746//1670 1747//1654 1773//1698
f 1763//1671 1746//1670 1772//1693
f 1774//1682 1773//1698 1747//1654 1755//1660
f 1783//1704 1774//1682 1764//1673 1784//1695
f 1764//1673 1748//1672 1775//1683
f 1759//1674 1785//1677 1765//1675
f 1761//1666 1776//1684 1760//1676
f 1757//1663 1777//1685 1766//1678
f 1768//1680 1758//1664 1778//1687
f 1775//1683 1756//1662 1779//1688
f 1760//1676 1780//1689 1785//1677
f 1767//1679 1762//1668 1781//1690
f 1769//1686 1782//1692 1778//1687
f 1763//1671 1788//1694 1771//1681
f 1774//1682 1783//1704 1773//1698
f 1789//1706 1775//1683 1779//1688 1790//1699
f 1768//1680 1786//1696 1781//1690
f 1770//1691 1787//1697 1782//1692
f 1775//1683 1789//1706 1784//1695
f 1791//1713 1794//1700 1780//1689 1776//1684
f 1779//1688 1765//1675 1790//1699
f 1795//1701 1791//1713 1776//1684 1766//1678
f 1797//1709 1801//1716 1778//1687 1782//1692
f 1777//1685 1767//1679 1792//1702
f 1771//1681 1793//1703 1787//1697
f 1773//1698 1798//1705 1788//1694
f 1784//1695 1804//1707 1783//1704
f 1785//1677 1794//1700 1790//1699
f 1781//1690 1796//1708 1792//1702
f 1786//1696 1778//1687 1801//1716
f 1805//1719 1794//1700 1791//1713 1800//1712
f 1793//1703 1788//1694 1803//1710
f 1790//1699 1799//1711 1789//1706
f 1796//1708 1806//1722 1795//1701 1792//1702
f 1796//1708 1786//1696 1801//1716
f 1797//1709 1793//1703 1802//1714
f 1799//1711 1794//1700 1805//1719
f 1800//1712 1795//1701 1806//1722
f 1826//1737 1831//1742 1814//1728 1815//1731
f 1797//1709 1802//1714 1807//1715
f 1798//1705 1809//1717 1803//1710
f 1804//1707 1808//1718 1809//1717
f 1800//1712 1806//1722 1808//1718
f 1796//1708 1807//1715 1806//1722
f 1796//1708 1801//1716 1807//1715
f 1803//1710 1811//1720 1802//1714
f 1808//1718 1806//1722 1810//1721
f 1813//1723 1824//1726 1817//1724
f 1813//1723 1904//1810 1824//1726
f 1904//1810 1814//1728 1824//1726
f 1904//1810 1815//1731 1814//1728
f 1815//1731 1813//1723 1816//1725
f 1816//1725 1817//1724 1822//1732
f 1824//1726 1830//1740 1818//1727
f 1814//1728 1831//1742 1819//1729
f 1838//1747 1837//1752 1825//1736 1819//1729
f 1820//1730 1816//1725 1833//1738
f 1821//1733 1822//1732 1827//1739
f 1818//1727 1829//1741 1828//1735
f 1827//1739 1823//1734 1835//1746
f 1830//1740 1836//1760 1829//1741
f 1825//1736 1837//1752 1830//1740
f 1840//1748 1826//1737 1820//1730 1841//1750
f 1826//1737 1839//1749 1832//1743
f 1856//1745 1842//1755 1833//1738 1821//1733
f 1862//1772 1861//1775 1851//1761 1836//1760
f 1828//1735 1843//1758 1835//1746
f 1828//1735 1844//1751 1843//1758
f 1830//1740 1845//1753 1836//1760
f 1838//1747 1831//1742 1846//1754
f 1841//1750 1833//1738 1847//1756
f 1834//1744 1848//1757 1856//1745
f 1827//1739 1835//1746 1849//1766
f 1835//1746 1850//1759 1849//1766
f 1829//1741 1851//1761 1844//1751
f 1845//1753 1837//1752 1852//1763
f 1832//1743 1854//1764 1846//1754
f 1839//1749 1840//1748 1855//1765
f 1848//1757 1827//1739 1857//1767
f 1839//1749 1858//1768 1854//1764
f 1841//1750 1859//1769 1855//1765
f 1847//1756 1842//1755 1860//1770
f 1851//1761 1861//1775 1844//1751
f 1864//1790 1863//1777 1853//1762 1838//1747
f 1853//1762 1863//1777 1852//1763
f 1865//1773 1864//1790 1838//1747 1846//1754
f 1868//1796 1867//1783 1848//1757 1857//1767
f 1859//1769 1847//1756 1866//1774
f 1856//1745 1877//1771 1860//1770
f 1848//1757 1867//1783 1877//1771
f 1869//1786 1868//1796 1857//1767 1849//1766
f 1870//1784 1869//1786 1849//1766 1850//1759
f 1870//1784 1850//1759 1843//1758 1871//2937
f 1871//2937 1843//1758 1844//1751 1872//1776
f 1873//1787 1845//1753 1852//1763 1874//1778
f 1862//1772 1845//1753 1873//1787
f 1876//1779 1875//1780 1858//1768 1855//1765
f 1854//1764 1858//1768 1875//1780
f 1880//1797 1861//1775 1862//1772 1885//1788
f 1854//1764 1878//1781 1865//1773
f 1860//1770 1884//1782 1866//1774
f 1869//1786 1879//1785 1868//1796
f 1861//1775 1880//1797 1872//1776
f 1882//1791 1881//1789 1863//1777 1864//1790
f 1874//1778 1881//1789 1873//1787
f 1883//1792 1887//1800 1876//1779 1859//1769
f 1876//1779 1887//1800 1875//1780
f 1887//1800 1886//2938 1878//1781 1875//1780
f 1865//1773 1886//2938 1882//1791
f 1865//1773 1878//1781 1886//2938
f 1893//1794 1867//1783 1868//1796 1889//1795
f 1866//1774 1888//1793 1883//1792
f 1891//1798 1890//2939 1871//2937 1872//1776
f 1870//1784 1890//2939 1879//1785
f 1870//1784 1871//2937 1890//2939
f 1889//1795 1879//1785 1890//2939 1899//2940
f 1872//1776 1880//1797 1891//1798
f 1884//1782 1893//1794 1888//1793
f 1891//1798 1885//1788 1894//1802
f 1885//1788 1881//1789 1892//1799
f 1892//1799 1882//1791 1895//1806
f 1882//1791 1886//2938 1895//1806
f 1887//1800 1896//1803 1886//2938
f 1888//1793 1898//1804 1897//1801
f 1894//1802 1899//2940 1890//2939 1891//1798
f 1903//1807 1900//1809 1892//1799 1895//1806
f 1895//1806 1886//2938 1896//1803
f 1889//1795 1899//2940 1902//1805
f 1894//1802 1892//1799 1900//1809
f 1911//1822 1954//1811 1906//1816 1912//1818
f 1897//1801 1901//1808 1896//1803
f 1899//2940 1894//1802 1902//1805
f 1896//1803 1901//1808 1903//1807
f 1898//1804 1902//1805 1901//1808
f 1905//1859 1954//1811 1909//1813
f 1906//1816 1905//1859 1907//1814
f 1905//1859 1909//1813 1916//1819
f 1954//1811 1911//1822 1908//1812
f 1918//1843 1921//1831 1908//1812 1911//1822
f 1913//1815 1907//1814 1914//1824
f 1907//1814 1905//1859 1916//1819
f 1914//1824 1907//1814 1915//1820
f 1916//1819 1909//1813 1917//1830
f 1909//1813 1920//1821 1917//1830
f 1911//1822 1919//1823 1918//1843
f 1913//1815 1914//1824 1923//1825
f 1915//1820 1916//1819 1926//1828
f 1910//1817 1927//1826 1920//1821
f 1980//1885 1978//1887 1972//1877 1974//1880
f 1913//1815 1922//1827 1912//1818
f 1915//1820 1924//1834 1923//1825
f 1912//1818 1930//1833 1919//1823
f 1917//1830 1920//1821 1928//1836
f 1920//1821 1933//1832 1928//1836
f 1921//1831 1918//1843 1929//1841
f 1923//1825 1931//1835 1922//1827
f 1924//1834 1915//1820 1925//1829
f 1917//1830 1932//1837 1926//1828
f 1927//1826 1934//1838 1933//1832
f 1918//1843 1919//1823 1936//1839
f 1925//1829 1926//1828 1937//1840
f 1918//1843 1935//1842 1929//1841
f 1928//1836 1933//1832 1938//1851
f 1930//1833 1922//1827 1939//1844
f 1931//1835 1924//1834 1945//1845
f 1925//1829 1944//1846 1945//1845
f 1932//1837 1940//1847 1937//1840
f 1933//1832 1941//1849 1938//1851
f 1933//1832 1934//1838 1941//1849
f 1934//1838 1929//1841 1942//1848
f 1936//1839 1930//1833 1943//1850
f 1939//1844 1931//1835 1948//1852
f 1942//1848 1935//1842 1946//1856
f 1935//1842 1936//1839 1946//1856
f 1936//1839 1943//1850 1946//1856
f 1940//1847 1938//1851 1949//1855
f 1943//1850 1939//1844 1948//1852
f 1948//1852 1945//1845 1951//1854
f 1947//1853 1940//1847 1949//1855
f 1941//1849 1946//1856 1950//1858
f 1946//1856 1943//1850 1950//1858
f 1951//1854 1947//1853 1952//1860
f 1947//1853 1949//1855 1952//1860
f 1949//1855 1950//1858 1952//1860
f 1951//1854 1952//1860 1953//1857
f 1955//1861 1956//1866 1959//1864
f 1956//1866 1955//1861 1957//1865
f 1958//1863 1971//1878 1957//1865
f 1959//1864 1965//1872 1960//1862
f 1959//1864 1968//1869 1965//1872
f 1962//1867 1956//1866 1963//1870
f 1958//1863 1964//1871 1971//1878
f 1964//1871 1972//1877 1971//1878
f 1960//1862 1966//1873 1961//1868
f 1965//1872 1968//1869 1967//1875
f 1957//1865 1970//1881 1963//1870
f 1957//1865 1971//1878 1970//1881
f 1969//1876 1962//1867 1973//1874
f 1972//1877 1961//1868 1974//1880
f 1971//1878 1977//1879 1970//1881
f 1968//1869 1969//1876 1967//1875
f 1972//1877 1978//1887 1977//1879
f 1966//1873 1975//1883 1974//1880
f 1973//1874 1963//1870 1976//1882
f 2008//1906 2006//1918 1993//1901 2000//1905
f 1967//1875 1969//1876 1979//1884
f 1969//1876 1973//1874 1979//1884
f 1975//1883 1967//1875 1982//1886
f 1977//1879 1978//1887 1976//1882
f 1980//1885 1975//1883 1982//1886
f 1976//1882 1981//1888 1979//1884
f 1979//1884 1981//1888 1982//1886
f 1984//1893 2023//1889 1985//1896
f 2023//1889 1986//1892 1985//1896
f 2023//1889 1989//1894 1988//1890
f 1989//1894 1984//1893 2000//1905
f 1985//1896 1990//1898 1984//1893
f 1988//1890 1997//1903 1987//1895
f 1989//1894 1993//1901 1988//1890
f 2000//1905 1984//1893 1990//1898
f 1986//1892 1992//1907 1994//1899
f 1992//1907 1986//1892 1995//1900
f 1989//1894 2000//1905 1993//1901
f 1992//1907 1995//1900 2002//1912
f 1991//1897 1994//1899 2001//1909
f 1987//1895 2003//1910 1995//1900
f 1991//1897 2004//1911 1990//1898
f 1992//1907 2007//1913 1998//1908
f 2003//1910 1999//1904 2005//1914
f 1999//1904 1997//1903 2005//1914
f 1996//1902 1993//1901 2006//1918
f 2039//1954 2043//1952 2030//1946 2031//1937
f 2008//1906 1990//1898 2004//1911
f 1995//1900 2011//1915 2002//1912
f 2001//1909 1998//1908 2010//1917
f 2007//1913 2002//1912 2011//1915
f 1996//1902 2012//1919 2005//1914
f 2004//1911 2001//1909 2014//1921
f 2010//1917 2007//1913 2013//1923
f 2005//1914 2016//1924 2003//1910
f 2012//1919 2006//1918 2018//1920
f 2006//1918 2008//1906 2018//1920
f 2007//1913 2011//1915 2013//1923
f 2009//1916 2019//1925 2018//1920
f 2012//1919 2017//1926 2016//1924
f 2015//1922 2016//1924 2021//1928
f 2014//1921 2013//1923 2020//1927
f 2019//1925 2014//1921 2022//1929
f 2020//1927 2021//1928 2022//1929
f 2026//1935 2077//1930 2027//1936
f 2027//1936 2077//1930 2028//1942
f 2077//1930 2025//1932 2028//1942
f 2025//1932 2024//1931 2034//1934
f 2026//1935 2030//1946 2029//1933
f 2026//1935 2031//1937 2030//1946
f 2027//1936 2028//1942 2032//1940
f 2028//1942 2025//1932 2033//1938
f 2027//1936 2035//1941 2031//1937
f 2028//1942 2036//1943 2032//1940
f 2041//1950 2033//1938 2034//1934 2046//1951
f 2053//2941 2052//1961 2036//1943 2045//1949
f 2037//1939 2038//1945 2042//1957
f 2038//1945 2030//1946 2043//1952
f 2031//1937 2044//1948 2039//1954
f 2037//1939 2049//1958 2048//1944
f 2042//1957 2038//1945 2050//1953
f 2039//1954 2047//1955 2043//1952
f 2035//1941 2032//1940 2051//1956
f 2044//1948 2035//1941 2051//1956
f 2036//1943 2052//1961 2040//1947
f 2054//1967 2053//2941 2045//1949 2041//1950
f 2070//1976 2062//1974 2052//1961 2053//2941
f 2050//1953 2043//1952 2057//1960
f 2051//1956 2040//1947 2052//1961
f 2054//1967 2041//1950 2055//1968
f 2041//1950 2046//1951 2055//1968
f 2048//1944 2059//1959 2046//1951
f 2042//1957 2050//1953 2056//1963
f 2051//1956 2058//1962 2044//1948
f 2055//1968 2046//1951 2059//1959
f 2049//1958 2064//1971 2059//1959
f 2049//1958 2042//1957 2061//1964
f 2056//1963 2050//1953 2065//1965
f 2057//1960 2047//1955 2060//1966
f 2064//1971 2049//1958 2061//1964
f 2052//1961 2062//1974 2058//1962
f 2075//1982 2074//1979 2071//1972 2067//1973
f 2053//2941 2063//1969 2070//1976
f 2053//2941 2054//1967 2063//1969
f 2060//1966 2066//1970 2057//1960
f 2055//1968 2059//1959 2071//1972
f 2064//1971 2061//1964 2067//1973
f 2061//1964 2056//1963 2067//1973
f 2057//1960 2066//1970 2065//1965
f 2066//1970 2058//1962 2068//1980
f 2058//1962 2069//1975 2068//1980
f 2063//1969 2055//1968 2071//1972
f 2067//1973 2065//1965 2072//1977
f 2095//2007 2082//1988 2083//1987 2101//2000
f 2067//1973 2072//1977 2075//1982
f 2070//1976 2063//1969 2073//1978
f 2066//1970 2076//1981 2072//1977
f 2072//1977 2076//1981 2075//1982
f 2073//1978 2074//1979 2076//1981
f 2147//1983 2081//1989 2084//1984
f 2147//1983 2082//1988 2081//1989
f 2147//1983 2079//1986 2082//1988
f 2079//1986 2078//1985 2080//1994
f 2080//1994 2078//1985 2088//1996
f 2078//1985 2084//1984 2088//1996
f 2084//1984 2085//1990 2094//1998
f 2079//1986 2091//1993 2083//1987
f 2088//1996 2092//2001 2087//1995
f 2092//2001 2088//1996 2089//1997
f 2084//1984 2093//1999 2089//1997
f 2082//1988 2095//2007 2090//1991
f 2099//2006 2098//2012 2085//1990 2090//1991
f 2091//1993 2086//1992 2096//2008
f 2094//1998 2085//1990 2098//2012
f 2103//2026 2086//1992 2087//1995 2104//2002
f 2091//1993 2102//2009 2101//2000
f 2086//1992 2103//2026 2096//2008
f 2119//2022 2118//2018 2108//2013 2098//2012
f 2104//2002 2092//2001 2105//2010
f 2097//2004 2093//1999 2107//2016
f 2093//1999 2110//2011 2107//2016
f 2094//1998 2108//2013 2110//2011
f 2095//2007 2111//2015 2100//2005
f 2103//2026 2104//2002 2112//2024
f 2105//2010 2106//2003 2117//2021
f 2097//2004 2113//2017 2106//2003
f 2110//2011 2114//2027 2107//2016
f 2109//2014 2101//2000 2115//2019
f 2112//2024 2104//2002 2116//2020
f 2110//2011 2118//2018 2114//2027
f 2121//2031 2102//2009 2096//2008 2122//2043
f 2099//2006 2100//2005 2120//2023
f 2115//2019 2102//2009 2121//2031
f 2122//2043 2096//2008 2103//2026 2123//2025
f 2140//2042 2135//2046 2132//2032 2121//2031
f 2113//2017 2107//2016 2124//2028
f 2099//2006 2125//2029 2119//2022
f 2111//2015 2109//2014 2126//2030
f 2112//2024 2127//2033 2123//2025
f 2117//2021 2128//2038 2116//2020
f 2117//2021 2129//2034 2128//2038
f 2117//2021 2113//2017 2129//2034
f 2124//2028 2114//2027 2134//2035
f 2134//2035 2118//2018 2130//2036
f 2120//2023 2131//2037 2125//2029
f 2120//2023 2111//2015 2131//2037
f 2126//2030 2115//2019 2132//2032
f 2127//2033 2116//2020 2133//2039
f 2130//2036 2119//2022 2125//2029
f 2123//2025 2127//2033 2122//2043
f 2124//2028 2134//2035 2138//2041
f 2126//2030 2132//2032 2135//2046
f 2141//2044 2136//2048 2133//2039 2128//2038
f 2121//2031 2122//2043 2140//2042
f 2127//2033 2133//2039 2136//2048
f 2129//2034 2141//2044 2128//2038
f 2125//2029 2143//2045 2130//2036
f 2131//2037 2126//2030 2139//2047
f 2168//2077 2160//2058 2161//2066 2169//2071
f 2138//2041 2130//2036 2142//2049
f 2139//2047 2135//2046 2144//2050
f 2137//2040 2142//2049 2141//2044
f 2137//2040 2138//2041 2142//2049
f 2140//2042 2145//2051 2144//2050
f 2143//2045 2139//2047 2146//2052
f 2141//2044 2146//2052 2145//2051
f 2150//2053 2148//2099 2151//2054
f 2148//2099 2152//2056 2151//2054
f 2148//2099 2153//2057 2152//2056
f 2148//2099 2149//2059 2153//2057
f 2149//2059 2154//2061 2153//2057
f 2155//2060 2150//2053 2162//2063
f 2156//2055 2151//2054 2172//2074
f 2151//2054 2157//2064 2172//2074
f 2152//2056 2159//2065 2158//2062
f 2156//2055 2164//2072 2162//2063
f 2160//2058 2153//2057 2161//2066
f 2156//2055 2172//2074 2164//2072
f 2158//2062 2165//2068 2157//2064
f 2154//2061 2166//2069 2161//2066
f 2163//2067 2155//2060 2170//2079
f 2155//2060 2167//2070 2170//2079
f 2172//2074 2157//2064 2174//2075
f 2160//2058 2168//2077 2159//2065
f 2193//2097 2187//2096 2188//2093 2194//2098
f 2167//2070 2162//2063 2171//2073
f 2165//2068 2159//2065 2175//2078
f 2171//2073 2164//2072 2176//2080
f 2165//2068 2177//2082 2174//2075
f 2176//2080 2172//2074 2173//2076
f 2174//2075 2185//2088 2173//2076
f 2166//2069 2170//2079 2180//2081
f 2167//2070 2181//2094 2180//2081
f 2167//2070 2171//2073 2181//2094
f 2171//2073 2182//2085 2181//2094
f 2178//2083 2169//2071 2179//2084
f 2166//2069 2183//2087 2179//2084
f 2182//2085 2176//2080 2184//2086
f 2184//2086 2173//2076 2191//2089
f 2177//2082 2186//2090 2185//2088
f 2177//2082 2175//2078 2186//2090
f 2178//2083 2179//2084 2187//2096
f 2183//2087 2180//2081 2188//2093
f 2182//2085 2190//2091 2181//2094
f 2186//2090 2178//2083 2187//2096
f 2187//2096 2179//2084 2188//2093
f 2188//2093 2180//2081 2189//2095
f 2185//2088 2192//2092 2191//2089
f 2186//2090 2193//2097 2192//2092
f 2224//2138 2229//2132 2219//2123 2214//2122
f 2188//2093 2189//2095 2194//2098
f 2189//2095 2190//2091 2194//2098
f 2195//2103 2238//2100 2203//2109
f 2203//2109 2238//2100 2196//2106
f 2197//2102 2198//2101 2206//2108
f 2195//2103 2202//2110 2201//2104
f 2203//2109 2208//2111 2202//2110
f 2199//2105 2210//2115 2196//2106
f 2197//2102 2204//2117 2199//2105
f 2197//2102 2205//2112 2204//2117
f 2208//2111 2196//2106 2209//2116
f 2201//2104 2211//2118 2200//2107
f 2206//2108 2213//2128 2205//2112
f 2206//2108 2217//2121 2213//2128
f 2208//2111 2214//2122 2212//2114
f 2210//2115 2215//2125 2209//2116
f 2204//2117 2218//2124 2210//2115
f 2216//2120 2205//2112 2213//2128
f 2207//2113 2212//2114 2219//2123
f 2209//2116 2225//2126 2220//2119
f 2210//2115 2223//2127 2215//2125
f 2218//2124 2216//2120 2221//2129
f 2217//2121 2228//2131 2213//2128
f 2217//2121 2211//2118 2222//2130
f 2225//2126 2215//2125 2223//2127
f 2207//2113 2229//2132 2222//2130
f 2225//2126 2224//2138 2214//2122 2220//2119
f 2251//2163 2250//2161 2245//2148 2243//2151
f 2218//2124 2226//2133 2223//2127
f 2213//2128 2227//2134 2221//2129
f 2223//2127 2230//2135 2225//2126
f 2226//2133 2221//2129 2231//2136
f 2227//2134 2228//2131 2234//2142
f 2228//2131 2222//2130 2235//2139
f 2228//2131 2235//2139 2234//2142
f 2232//2137 2233//2141 2237//2143
f 2233//2141 2231//2136 2237//2143
f 2235//2139 2237//2143 2234//2142
f 2236//2140 2232//2137 2237//2143
f 2240//2147 2239//2144 2247//2149
f 2239//2144 2241//2146 2243//2151
f 2242//2145 2240//2147 2247//2149
f 2244//2150 2242//2145 2246//2155
f 2241//2146 2248//2153 2243//2151
f 2246//2155 2242//2145 2252//2154
f 2253//2160 2247//2149 2245//2148 2256//2162
f 2244//2150 2254//2156 2258//2166
f 2247//2149 2253//2160 2249//2152
f 2273//2183 2268//2175 2272//2178 2277//2185
f 2251//2163 2243//2151 2261//2158
f 2248//2153 2244//2150 2258//2166
f 2246//2155 2259//2159 2254//2156
f 2256//2162 2250//2161 2257//2170
f 2250//2161 2251//2163 2260//2164
f 2254//2156 2262//2165 2258//2166
f 2250//2161 2260//2164 2257//2170
f 2248//2153 2263//2167 2261//2158
f 2248//2153 2258//2166 2263//2167
f 2259//2159 2255//2157 2264//2168
f 2257//2170 2260//2164 2266//2172
f 2259//2159 2267//2171 2262//2165
f 2260//2164 2261//2158 2266//2172
f 2262//2165 2267//2171 2263//2167
f 2265//2169 2266//2172 2264//2168
f 2263//2167 2267//2171 2266//2172
f 2280//2173 2275//2179 2271//2174
f 2268//2175 2273//2183 2270//2176
f 2269//2177 2276//2181 2275//2179
f 2288//2197 2292//2196 2287//2188 2281//2187
f 2272//2178 2271//2174 2274//2180
f 2272//2178 2274//2180 2277//2185
f 2274//2180 2275//2179 2279//2182
f 2276//2181 2270//2176 2278//2184
f 2279//2182 2276//2181 2278//2184
f 2282//2189 2283//2191 2281//2187
f 2286//2193 2287//2188 2292//2196
f 2288//2197 2281//2187 2283//2191 2289//2942
f 2308//2212 2307//2217 2304//2210 2298//2207
f 2289//2942 2283//2191 2290//2194
f 2284//2190 2285//2192 2291//2195
f 2290//2194 2284//2190 2291//2195
f 2289//2942 2290//2194 2288//2197
f 2291//2195 2292//2196 2293//2198
f 2313//2199 2296//2202 2295//2200
f 2296//2202 2313//2199 2297//2203
f 2313//2199 2300//2208 2297//2203
f 2295//2200 2302//2205 2301//2201
f 2303//2204 2297//2203 2304//2210
f 2297//2203 2298//2207 2304//2210
f 2296//2202 2303//2204 2302//2205
f 2299//2206 2300//2208 2309//2214
f 2301//2201 2310//2213 2300//2208
f 2301//2201 2305//2209 2310//2213
f 2302//2205 2303//2204 2306//2211
f 2306//2211 2304//2210 2307//2217
f 2318//2223 2317//2225 2315//2218 2314//2221
f 2299//2206 2309//2214 2308//2212
f 2307//2217 2308//2212 2311//2215
f 2307//2217 2311//2215 2312//2216
f 2324//2220 2316//2219 2320//2224
f 2354//2261 2350//2253 2351//2257 2355//2260
f 2315//2218 2322//2226 2316//2219
f 2320//2224 2321//2227 2319//2222
f 2318//2223 2319//2222 2321//2227
f 2321//2227 2322//2226 2323//2228
f 2325//2232 2334//2240 2328//2229
f 2327//2231 2326//2230 2329//2238
f 2326//2230 2328//2229 2330//2234
f 2327//2231 2329//2238 2331//2233
f 2329//2238 2326//2230 2332//2235
f 2325//2232 2333//2236 2334//2240
f 2328//2229 2334//2240 2330//2234
f 2331//2233 2329//2238 2335//2237
f 2334//2240 2336//2239 2330//2234
f 2333//2236 2331//2233 2335//2237
f 2333//2236 2335//2237 2336//2239
f 2339//2245 2338//2943 2337//2241
f 2339//2245 2342//2246 2338//2943
f 2337//2241 2338//2943 2341//2247
f 2338//2943 2349//2252 2341//2247
f 2338//2943 2342//2246 2347//2249
f 2340//2243 2344//2248 2342//2246
f 2345//2244 2343//2242 2346//2250
f 2338//2943 2347//2249 2349//2252
f 2347//2249 2344//2248 2348//2251
f 2346//2250 2341//2247 2349//2252
f 2350//2253 2352//2255 2357//2256
f 2350//2253 2354//2261 2353//2254
f 2418//2320 2411//2317 2410//2313 2414//2316
f 2358//2259 2353//2254 2359//2264
f 2355//2260 2363//2265 2354//2261
f 2356//2258 2357//2256 2362//2263
f 2360//2262 2354//2261 2363//2265
f 2363//2265 2356//2258 2361//2266
f 2358//2259 2359//2264 2362//2263
f 2369//2268 2364//2267 2367//2273
f 2366//2269 2369//2268 2365//2274
f 2364//2267 2370//2271 2367//2273
f 2366//2269 2365//2274 2368//2270
f 2365//2274 2369//2268 2371//2276
f 2367//2273 2371//2276 2369//2268
f 2370//2271 2368//2270 2372//2275
f 2371//2276 2367//2273 2373//2272
f 2370//2271 2372//2275 2373//2272
f 2373//2272 2372//2275 2371//2276
f 2374//2282 2376//2278 2375//2277
f 2375//2277 2378//2283 2377//2280
f 2376//2278 2374//2282 2379//2281
f 2378//2283 2375//2277 2382//2279
f 2377//2280 2381//2286 2379//2281
f 2382//2279 2376//2278 2384//2285
f 2380//2284 2378//2283 2383//2287
f 2379//2281 2385//2288 2384//2285
f 2392//2291 2386//2290 2389//2297
f 2386//2290 2387//2289 2391//2301
f 2387//2289 2390//2293 2391//2301
f 2386//2290 2391//2301 2393//2295
f 2389//2297 2386//2290 2396//2296
f 2388//2292 2394//2294 2390//2293
f 2391//2301 2390//2293 2398//2299
f 2392//2291 2395//2298 2394//2294
f 2393//2295 2391//2301 2397//2300
f 2396//2296 2397//2300 2395//2298
f 2399//2304 2400//2303 2403//2305
f 2401//2302 2399//2304 2402//2306
f 2400//2303 2401//2302 2405//2307
f 2405//2307 2401//2302 2406//2309
f 2403//2305 2408//2310 2402//2306
f 2400//2303 2404//2308 2403//2305
f 2406//2309 2402//2306 2409//2311
f 2405//2307 2407//2312 2404//2308
f 2404//2308 2407//2312 2408//2310
f 2407//2312 2406//2309 2409//2311
f 2408//2310 2407//2312 2409//2311
f 2410//2313 2411//2317 2413//2314
f 2442//2944 2439//2342 2440//2343 2443//2346
f 2412//2315 2413//2314 2416//2319
f 2411//2317 2417//2324 2415//2318
f 2411//2317 2421//2321 2417//2324
f 2412//2315 2416//2319 2419//2322
f 2416//2319 2415//2318 2420//2323
f 2415//2318 2417//2324 2420//2323
f 2423//2326 2424//2325 2427//2329
f 2427//2329 2424//2325 2425//2332
f 2424//2325 2428//2328 2425//2332
f 2423//2326 2426//2330 2422//2327
f 2427//2329 2425//2332 2431//2334
f 2422//2327 2430//2333 2428//2328
f 2427//2329 2431//2334 2426//2330
f 2430//2333 2426//2330 2432//2336
f 2431//2334 2425//2332 2433//2335
f 2432//2336 2426//2330 2433//2335
f 2428//2328 2430//2333 2432//2336
f 2429//2331 2428//2328 2433//2335
f 2444//2337 2436//2344 2435//2341
f 2436//2344 2444//2337 2437//2340
f 2438//2339 2434//2338 2441//2345
f 2434//2338 2439//2342 2442//2944
f 2434//2338 2442//2944 2441//2345
f 2473//2378 2466//2363 2463//2370 2479//2386
f 2437//2340 2441//2345 2436//2344
f 2441//2345 2442//2944 2443//2346
f 2448//2347 2445//2349 2452//2353
f 2447//2348 2448//2347 2450//2351
f 2445//2349 2446//2350 2452//2353
f 2447//2348 2455//2356 2446//2350
f 2448//2347 2453//2354 2450//2351
f 2449//2352 2454//2357 2455//2356
f 2449//2352 2450//2351 2454//2357
f 2450//2351 2453//2354 2454//2357
f 2451//2355 2446//2350 2454//2357
f 2453//2354 2451//2355 2454//2357
f 2458//2362 2457//2359 2456//2358
f 2456//2358 2465//2361 2462//2366
f 2456//2358 2462//2366 2458//2362
f 2458//2362 2463//2370 2466//2363
f 2466//2363 2464//2372 2457//2359
f 2457//2359 2464//2372 2459//2360
f 2461//2365 2463//2370 2458//2362
f 2460//2364 2468//2368 2470//2374
f 2460//2364 2470//2374 2465//2361
f 2469//2367 2471//2376 2462//2366
f 2480//2387 2474//2371 2473//2378 2485//2394
f 2475//2375 2476//2377 2465//2361
f 2461//2365 2477//2381 2472//2369
f 2472//2369 2479//2386 2463//2370
f 2467//2373 2481//2383 2468//2368
f 2474//2371 2486//2382 2467//2373
f 2482//2379 2483//2945 2470//2374
f 2470//2374 2483//2945 2475//2375
f 2485//2394 2473//2378 2479//2386 2489//2390
f 2475//2375 2483//2945 2476//2377
f 2484//2380 2488//2384 2471//2376
f 2483//2945 2482//2379 2487//2392 2496//2397
f 2483//2945 2491//2402 2476//2377
f 2491//2402 2492//2388 2476//2377
f 2488//2384 2493//2399 2477//2381
f 2493//2399 2478//2385 2477//2381
f 2480//2387 2499//2395 2486//2382
f 2495//2391 2487//2392 2481//2383
f 2513//2415 2512//2412 2520//2416 2526//2417
f 2483//2945 2496//2397 2491//2402
f 2488//2384 2497//2398 2493//2399
f 2478//2385 2504//2400 2494//2389
f 2499//2395 2495//2391 2486//2382
f 2491//2402 2502//2403 2492//2388
f 2504//2400 2498//2406 2494//2389
f 2491//2402 2501//2401 2502//2403
f 2497//2398 2504//2400 2493//2399
f 2494//2389 2498//2406 2490//2393
f 2500//2396 2501//2401 2496//2397
f 2501//2401 2506//2407 2502//2403
f 2502//2403 2504//2400 2497//2398
f 2490//2393 2498//2406 2503//2404
f 2499//2395 2503//2404 2505//2405
f 2505//2405 2500//2396 2495//2391
f 2502//2403 2506//2407 2504//2400
f 2505//2405 2501//2401 2500//2396
f 2504//2400 2506//2407 2498//2406
f 2505//2405 2506//2407 2501//2401
f 2508//2410 2511//2409 2507//2946
f 2507//2946 2511//2409 2512//2412
f 2509//2414 2508//2410 2507//2946
f 2512//2412 2513//2415 2507//2946
f 2507//2946 2513//2415 2509//2414
f 2508//2410 2514//2420 2510//2422
f 2510//2422 2515//2408 2508//2410
f 2509//2414 2514//2420 2508//2410
f 2515//2408 2519//2424 2511//2409
f 2509//2414 2524//2418 2514//2420
f 2514//2420 2517//2419 2510//2422
f 2510//2422 2518//2421 2515//2408
f 2511//2409 2519//2424 2523//2411
f 2532//2425 2517//2419 2524//2418 2522//2435
f 2516//2413 2521//2947 2509//2414
f 2509//2414 2521//2947 2524//2418
f 2523//2411 2525//2427 2520//2416
f 2526//2417 2531//2439 2516//2413
f 2521//2947 2516//2413 2531//2439 2533//2440
f 2518//2421 2534//2430 2527//2423
f 2519//2424 2530//2428 2523//2411
f 2540//2448 2522//2435 2539//2434 2548//2445
f 2521//2947 2529//2433 2524//2418
f 2519//2424 2528//2426 2530//2428
f 2523//2411 2536//2429 2525//2427
f 2533//2440 2529//2433 2521//2947
f 2529//2433 2522//2435 2524//2418
f 2526//2417 2537//2431 2531//2439
f 2528//2426 2542//2436 2530//2428
f 2536//2429 2537//2431 2525//2427
f 2530//2428 2543//2437 2536//2429
f 2529//2433 2544//2441 2539//2434
f 2522//2435 2540//2448 2532//2425
f 2540//2448 2541//2442 2532//2425
f 2532//2425 2541//2442 2534//2430
f 2538//2438 2544//2441 2533//2440
f 2535//2432 2545//2443 2542//2436
f 2537//2431 2546//2444 2538//2438
f 2598//2500 2597//2497 2604//2503 2602//2498
f 2538//2438 2547//2446 2544//2441
f 2548//2445 2549//2447 2540//2448
f 2541//2442 2549//2447 2545//2443
f 2551//2451 2552//2452 2550//2449
f 2558//2457 2559//2450 2550//2449
f 2557//2453 2558//2457 2550//2449
f 2559//2450 2560//2466 2554//2454
f 2551//2451 2555//2462 2556//2455
f 2554//2454 2555//2462 2551//2451
f 2552//2452 2561//2458 2565//2459
f 2557//2453 2564//2464 2558//2457
f 2558//2457 2567//2465 2553//2456
f 2567//2465 2562//2460 2553//2456
f 2555//2462 2563//2467 2556//2455
f 2557//2453 2566//2463 2564//2464
f 2562//2460 2560//2466 2559//2450
f 2561//2458 2570//2468 2565//2459
f 2567//2465 2573//2477 2562//2460
f 2562//2460 2571//2470 2560//2466
f 2568//2461 2572//2471 2555//2462
f 2563//2467 2569//2475 2570//2468
f 2567//2465 2577//2474 2573//2477
f 2562//2460 2573//2477 2571//2470
f 2570//2468 2575//2472 2565//2459
f 2572//2471 2569//2475 2563//2467
f 2573//2477 2577//2474 2579//2478
f 2577//2474 2580//2479 2579//2478
f 2575//2472 2574//2476 2580//2479
f 2585//2486 2581//2480 2584//2482
f 2585//2486 2590//2484 2581//2480
f 2582//2481 2590//2484 2588//2487
f 2583//2483 2588//2487 2587//2488
f 2586//2485 2589//2489 2585//2486
f 2588//2487 2591//2490 2587//2488
f 2586//2485 2591//2490 2589//2489
f 2593//2492 2598//2500 2595//2494
f 2594//2491 2597//2497 2593//2492
f 2593//2492 2597//2497 2598//2500
f 2595//2494 2600//2501 2592//2493
f 2592//2493 2600//2501 2596//2495
f 2594//2491 2596//2495 2599//2496
f 2598//2500 2603//2499 2595//2494
f 2600//2501 2601//2502 2596//2495
f 2599//2496 2604//2503 2597//2497
f 2611//2505 2607//2948 2615//2518 2617//2512
f 2600//2501 2605//2504 2601//2502
f 2605//2504 2604//2503 2601//2502
f 2607//2948 2611//2505 2606//2949
f 2611//2505 2608//2507 2606//2949
f 2606//2949 2608//2507 2609//2509
f 2606//2949 2609//2509 2610//2511
f 2606//2949 2610//2511 2607//2948
f 2610//2511 2614//2516 2607//2948
f 2614//2516 2615//2518 2607//2948
f 2620//2517 2615//2518 2614//2516 2622//2515
f 2616//2508 2619//2510 2609//2509
f 2610//2511 2619//2510 2614//2516
f 2622//2515 2619//2510 2618//2513 2621//2519
f 2616//2508 2621//2519 2618//2513
f 2620//2517 2623//2520 2617//2512
f 2617//2512 2623//2520 2612//2514
f 2625//2525 2628//2529 2630//2528 2633//2530
f 2624//2522 2625//2525 2626//2523
f 2627//2524 2628//2529 2624//2522
f 2624//2522 2628//2529 2625//2525
f 2626//2523 2632//2527 2629//2521
f 2706//2597 2700//2591 2703//2589 2707//2599
f 2625//2525 2633//2530 2631//2526
f 2629//2521 2632//2527 2627//2524
f 2638//2532 2634//2534 2635//2533
f 2635//2533 2639//2535 2637//2536
f 2638//2532 2640//2950 2634//2534
f 2634//2534 2636//2537 2639//2535
f 2637//2536 2642//2539 2643//2531
f 2640//2950 2636//2537 2634//2534
f 2643//2531 2644//2951 2638//2532
f 2638//2532 2644//2951 2640//2950
f 2644//2951 2636//2537 2640//2950
f 2643//2531 2641//2538 2644//2951
f 2644//2951 2641//2538 2636//2537
f 2650//2543 2647//2548 2645//2542
f 2647//2548 2651//2544 2645//2542
f 2646//2541 2652//2546 2650//2543
f 2648//2540 2655//2550 2649//2545
f 2649//2545 2655//2550 2652//2546
f 2651//2544 2658//2552 2654//2549
f 2655//2550 2657//2553 2652//2546
f 2657//2553 2658//2552 2653//2551
f 2659//2556 2662//2555 2664//2559
f 2659//2556 2660//2560 2661//2554
f 2660//2560 2665//2564 2661//2554
f 2661//2554 2665//2564 2666//2557
f 2662//2555 2667//2561 2670//2558
f 2668//2562 2663//2563 2660//2560
f 2665//2564 2663//2563 2669//2566
f 2666//2557 2669//2566 2671//2567
f 2673//2565 2672//2568 2668//2562
f 2668//2562 2672//2568 2663//2563
f 2672//2568 2671//2567 2669//2566
f 2674//2571 2675//2574 2676//2569
f 2675//2574 2678//2952 2676//2569
f 2678//2952 2684//2576 2676//2569
f 2677//2570 2684//2576 2679//2572
f 2679//2572 2680//2577 2681//2573
f 2675//2574 2682//2575 2678//2952
f 2678//2952 2683//2578 2684//2576
f 2684//2576 2680//2577 2679//2572
f 2682//2575 2683//2578 2678//2952
f 2682//2575 2680//2577 2683//2578
f 2687//2580 2690//2583 2685//2581
f 2687//2580 2689//2582 2693//2953
f 2693//2953 2690//2583 2687//2580
f 2685//2581 2688//2585 2686//2579
f 2686//2579 2692//2586 2689//2582
f 2689//2582 2692//2586 2693//2953
f 2690//2583 2693//2953 2694//2587
f 2691//2584 2694//2587 2688//2585
f 2692//2586 2694//2587 2693//2953
f 2696//2590 2697//2954 2695//2955
f 2697//2954 2698//2593 2695//2955
f 2698//2593 2699//2588 2695//2955
f 2695//2955 2699//2588 2696//2590
f 2696//2590 2700//2591 2697//2954
f 2700//2591 2704//2598 2697//2954
f 2704//2598 2705//2594 2697//2954
f 2697//2954 2705//2594 2698//2593
f 2699//2588 2702//2596 2703//2589
f 2702//2596 2707//2599 2703//2589
f 2745//2635 2747//2639 2749//2643 2750//2644
f 2711//2604 2709//2600 2710//2602
f 2711//2604 2716//2607 2709//2600
f 2710//2602 2713//2605 2714//2603
f 2714//2603 2715//2606 2711//2604
f 2713//2605 2718//2609 2714//2603
f 2718//2609 2717//2608 2716//2607
f 2720//2615 2719//2612 2724//2620
f 2722//2614 2721//2610 2719//2612
f 2724//2620 2725//2616 2720//2615
f 2719//2612 2723//2611 2724//2620
f 2721//2610 2727//2618 2723//2611
f 2726//2613 2728//2617 2722//2614
f 2725//2616 2729//2619 2726//2613
f 2727//2618 2729//2619 2723//2611
f 2726//2613 2729//2619 2728//2617
f 2728//2617 2729//2619 2727//2618
f 2731//2623 2736//2627 2730//2625
f 2734//2622 2736//2627 2731//2623
f 2730//2625 2737//2628 2740//2626
f 2740//2626 2738//2631 2733//2624
f 2739//2630 2742//2633 2736//2627
f 2738//2631 2741//2632 2732//2629
f 2745//2635 2744//2640 2748//2636
f 2816//2717 2810//2956 2809//2710 2821//2716
f 2745//2635 2750//2644 2744//2640
f 2747//2639 2751//2638 2749//2643
f 2748//2636 2753//2641 2751//2638
f 2749//2643 2752//2645 2750//2644
f 2752//2645 2753//2641 2750//2644
f 2753//2641 2754//2642 2751//2638
f 2757//2648 2756//2651 2755//2646
f 2755//2646 2759//2654 2760//2647
f 2756//2651 2758//2650 2755//2646
f 2755//2646 2758//2650 2759//2654
f 2757//2648 2761//2652 2756//2651
f 2759//2654 2764//2655 2760//2647
f 2760//2647 2765//2656 2757//2648
f 2757//2648 2765//2656 2761//2652
f 2760//2647 2764//2655 2765//2656
f 2763//2653 2766//2657 2764//2655
f 2767//2660 2771//2659 2769//2667
f 2769//2667 2772//2662 2767//2660
f 2774//2661 2778//2673 2768//2658
f 2769//2667 2775//2666 2777//2668
f 2778//2673 2773//2665 2768//2658
f 2771//2659 2776//2675 2775//2666
f 2773//2665 2776//2675 2771//2659
f 2774//2661 2783//2678 2778//2673
f 2776//2675 2786//2680 2775//2666
f 2786//2680 2785//2669 2775//2666
f 2782//2670 2779//2671 2772//2662
f 2770//2663 2779//2671 2780//2664
f 2780//2664 2783//2678 2774//2661
f 2783//2678 2781//2672 2778//2673
f 2776//2675 2784//2674 2786//2680
f 2785//2669 2789//2685 2782//2670
f 2789//2685 2790//2677 2782//2670
f 2781//2672 2788//2679 2784//2674
f 2784//2674 2792//2683 2786//2680
f 2785//2669 2793//2681 2789//2685
f 2787//2676 2791//2682 2783//2678
f 2793//2681 2794//2684 2789//2685
f 2790//2677 2794//2684 2791//2682
f 2788//2679 2791//2682 2792//2683
f 2792//2683 2794//2684 2793//2681
f 2799//2695 2796//2686 2795//2688
f 2795//2688 2798//2690 2799//2695
f 2797//2687 2802//2693 2795//2688
f 2795//2688 2802//2693 2810//2956
f 2795//2688 2810//2956 2803//2689
f 2798//2690 2801//2957 2799//2695
f 2796//2686 2806//2694 2808//2691
f 2798//2690 2811//2958 2801//2957
f 2801//2957 2806//2694 2799//2695
f 2808//2691 2804//2698 2797//2687
f 2797//2687 2804//2698 2805//2692
f 2803//2689 2813//2705 2798//2690
f 2798//2690 2813//2705 2811//2958
f 2811//2958 2800//2959 2801//2957
f 2801//2957 2800//2959 2806//2694
f 2806//2694 2814//2700 2807//2696
f 2805//2692 2809//2710 2802//2693
f 2802//2693 2809//2710 2810//2956
f 2810//2956 2813//2705 2803//2689
f 2800//2959 2818//2699 2806//2694
f 2804//2698 2815//2702 2805//2692
f 2805//2692 2815//2702 2809//2710
f 2800//2959 2812//2707 2818//2699
f 2822//2703 2813//2705 2810//2956 2816//2717
f 2817//2712 2811//2958 2813//2705 2825//2704
f 2812//2707 2800//2959 2811//2958 2817//2712
f 2823//2706 2812//2707 2817//2712 2828//2711
f 2818//2699 2824//2713 2814//2700
f 2814//2700 2824//2713 2807//2696
f 2807//2696 2824//2713 2819//2701
f 2829//2708 2827//2709 2815//2702
f 2809//2710 2827//2709 2821//2716
f 2816//2717 2830//2715 2822//2703
f 2820//2697 2819//2701 2826//2714 2829//2708
f 2818//2699 2831//2719 2824//2713
f 2863//2753 2849//2735 2851//2734 2867//2751
f 2822//2703 2830//2715 2834//2718
f 2823//2706 2831//2719 2818//2699
f 2830//2715 2833//2721 2834//2718
f 2836//2725 2842//2728 2838//2726
f 2840//2727 2841//2730 2837//2723
f 2841//2730 2839//2724 2837//2723
f 2842//2728 2843//2733 2838//2726
f 2843//2733 2846//2740 2838//2726
f 2838//2726 2846//2740 2840//2727
f 2846//2740 2847//2739 2840//2727
f 2840//2727 2847//2739 2848//2729
f 2848//2729 2851//2734 2841//2730
f 2839//2724 2856//2746 2842//2728
f 2853//2749 2845//2737 2842//2728
f 2842//2728 2845//2737 2854//2732
f 2843//2733 2854//2732 2850//2744
f 2843//2733 2850//2744 2846//2740
f 2848//2729 2855//2742 2851//2734
f 2844//2731 2852//2747 2839//2724
f 2839//2724 2852//2747 2856//2746
f 2856//2746 2853//2749 2842//2728
f 2847//2739 2862//2741 2848//2729
f 2849//2735 2858//2755 2844//2731
f 2844//2731 2858//2755 2852//2747
f 2853//2749 2859//2736 2845//2737
f 2850//2744 2861//2750 2846//2740
f 2846//2740 2861//2750 2857//2738
f 2847//2739 2857//2738 2862//2741
f 2849//2735 2863//2753 2858//2755
f 2855//2742 2867//2751 2851//2734
f 2871//2758 2861//2750 2860//2743 2877//2766
f 2858//2755 2864//2745 2852//2747
f 2856//2746 2868//2752 2853//2749
f 2868//2752 2866//2748 2853//2749
f 2859//2736 2860//2743 2854//2732
f 2861//2750 2872//2759 2857//2738
f 2857//2738 2873//2760 2862//2741
f 2858//2755 2875//2754 2864//2745
f 2864//2745 2869//2762 2868//2752
f 2868//2752 2865//2763 2866//2748
f 2876//2756 2870//2757 2859//2736
f 2860//2743 2870//2757 2877//2766
f 2874//2761 2863//2753 2867//2751 2880//2769
f 2862//2741 2873//2760 2867//2751
f 2875//2754 2869//2762 2864//2745
f 2865//2763 2876//2756 2866//2748
f 2873//2760 2880//2769 2867//2751
f 2896//2782 2895//2781 2907//2792 2908//2802
f 2869//2762 2881//2764 2865//2763
f 2865//2763 2878//2772 2876//2756
f 2870//2757 2884//2765 2877//2766
f 2874//2761 2880//2769 2886//2770
f 2881//2764 2887//2771 2865//2763
f 2881//2764 2886//2770 2887//2771
f 2878//2772 2887//2771 2884//2765
f 2884//2765 2885//2773 2882//2767
f 2879//2768 2885//2773 2883//2774
f 2883//2774 2887//2771 2886//2770
f 2893//2778 2895//2781 2888//2779
f 2895//2781 2890//2777 2888//2779
f 2894//2785 2892//2790 2889//2776
f 2892//2790 2893//2778 2889//2776
f 2891//2775 2894//2785 2889//2776
f 2890//2777 2896//2782 2901//2960
f 2890//2777 2901//2960 2897//2783
f 2891//2775 2897//2783 2902//2786
f 2894//2785 2899//2788 2892//2790
f 2892//2790 2898//2791 2893//2778
f 2898//2791 2900//2780 2893//2778
f 2904//2784 2905//2961 2894//2785
f 2894//2785 2905//2961 2899//2788
f 2911//2806 2901//2960 2896//2782 2910//2801
f 2908//2802 2910//2801 2896//2782
f 2904//2784 2903//2787 2917//2797 2921//2813
f 2898//2791 2914//2793 2915//2794
f 2901//2960 2912//2795 2897//2783
f 2902//2786 2913//2796 2903//2787
f 2905//2961 2919//2803 2899//2788
f 2899//2788 2919//2803 2909//2789
f 2900//2780 2906//2798 2907//2792
f 2911//2806 2916//2810 2901//2960
f 2901//2960 2916//2810 2912//2795
f 2905//2961 2904//2784 2918//2816 2928//2815
f 2921//2813 2918//2816 2904//2784
f 2908//2802 2907//2792 2920//2799 2924//2800
f 2905//2961 2928//2815 2919//2803
f 2909//2789 2923//2821 2914//2793
f 2915//2794 2914//2793 2931//2962 2929//2807
f 2909//2789 2922//2804 2923//2821
f 2911//2806 2925//2805 2916//2810
f 2916//2810 2926//2809 2912//2795
f 2912//2795 2926//2809 2913//2796
f 2913//2796 2927//2811 2917//2797
f 2923//2821 2931//2962 2914//2793
f 2948//2834 2943//2819 2934//2822 2944//2826
f 2906//2798 2930//2817 2920//2799
f 2925//2805 2935//2808 2916//2810
f 2927//2811 2938//2812 2917//2797
f 2921//2813 2939//2814 2918//2816
f 2928//2815 2940//2824 2919//2803
f 2919//2803 2940//2824 2922//2804
f 2929//2807 2930//2817 2906//2798
f 2933//2818 2934//2822 2920//2799
f 2920//2799 2934//2822 2924//2800
f 2940//2824 2941//2820 2922//2804
f 2923//2821 2941//2820 2931//2962
f 2935//2808 2936//2823 2926//2809
f 2927//2811 2936//2823 2937//2829
f 2927//2811 2937//2829 2938//2812
f 2931//2962 2942//2833 2929//2807
f 2929//2807 2942//2833 2930//2817
f 2941//2820 2942//2833 2931//2962
f 2942//2833 2932//2825 2930//2817
f 2932//2825 2944//2826 2933//2818
f 2939//2814 2938//2812 2949//2839 2950//2830
f 2936//2823 2945//2827 2946//2828
f 2937//2829 2949//2839 2938//2812
f 2940//2824 2950//2830 2951//2831
f 2941//2820 2951//2831 2947//2832
f 2946//2828 2949//2839 2937//2829
f 2942//2833 2947//2832 2932//2825
f 2955//2837 2952//2835 2932//2825
f 2944//2826 2952//2835 2948//2834
f 2946//2828 2953//2836 2949//2839
f 2948//2834 2952//2835 2953//2836
f 2950//2830 2954//2838 2951//2831
f 2956//2840 2954//2838 2953//2836
f 2954//2838 2956//2840 2951//2831
